,0,1,10,11,12,13,14,15,2,3,4,43775,43776,43777,43778,43779,43780,43781,43782,43783,43784,43785,43786,43787,43788,48639,48640,48641,48642,48643,48644,48645,48646,48647,48648,48649,48650,48652,5,50834,52040,52041,52042,52043,52044,52046,52052,52053,52055,52058,52059,52061,52069,52071,52084,52086,52087,52101,52102,52103,52104,52105,52106,52107,52108,52109,52110,52111,52112,52114,52115,52116,52117,52118,52119,52120,52121,52122,6,7,8,9
0,15966.356308041148,1560.335245959494,-3673.0652077672526,2711.6605549073774,-6930.007163915956,4360.68493934681,-1007.887618635301,-1343.8469398270022,-1207.092940819519,2690.76064408087,-2541.183061954887,-410.9412646675396,-10902.81924694322,3352.2367879711105,-5149.608735138805,-4242.347623170938,498.1310728839873,-3211.1954667146715,2.336150828341488e-09,-2.31575540965423e-08,-1081.82052699202,-4462.192176701703,3570.2545568963933,4996.802838439137,-4068.3856297934817,7.944954416583272e-10,4.0439437631878405e-09,6.675691111013293e-10,-2.5598637876100838e-08,-1.3779685276941317e-09,7.403286872431636e-09,-3.5353878047317266e-08,1.9033450371352956e-09,-6.692062015645206e-09,-3.3905962482094765e-09,-4.4587068259716034e-08,-1.3988028513267636e-09,0.0,4154.737643981792,2.4485302674293052e-11,-7.503331289626658e-11,-8.59245119499974e-10,-3.9312908484134823e-10,-5.03632691106759e-11,5.85799853070057e-10,-5.229594535194337e-12,3.97335497837048e-11,0.004833813282900223,1.6339640751539264e-10,0.004840411002447809,3.3151081879623234e-10,7.645439836778678e-12,-1.0529674909776077e-09,2.5005419956869446e-10,2.2104984509496717e-11,1.8874857232731301e-10,-1.4440956874750555e-07,0.0016396443793127435,-2.552837941038888e-10,5.950795411990839e-10,4.24049559140105e-05,-1.3557865941038472e-10,2.177529268010403e-10,-3.9821657082939055e-10,-3.9668179852014873e-10,-3.767581802094355e-10,-6.543245945067611e-10,2.3410393623635173e-09,0.00016859186253892489,-3.065565579163376e-10,1.532498572487384e-10,4.240548416570289e-05,1.369153679320334e-10,2.120282595025058e-05,2.9881874752391013e-11,-3.5344527304914664e-10,4.21270129891127e-10,-2.4065857640032107e-10,7903.651083659621,5615.468709558416,-1045.9294875031649,-6102.762730437474
1,11598.490564252224,3671.278414211972,-2411.0775107047334,4319.675128091984,-7646.643469191686,9946.20512926546,-1992.6740797630644,-2969.884495379204,-2292.16878831035,-9628.055481642876,-2739.20217566594,3245.8678554525836,-6833.155681588076,-343.3526631586725,-2238.808626939602,3930.548207971481,-1826.762012359513,-7656.764014341552,2.1199231298396626e-05,2.121651323250262e-05,-928.8095806169566,-1813.4216927029252,3057.4286807386998,7779.323659865796,-1230.6666683681551,-2.7836443455830917e-08,3.251232949530447e-08,1.6880221664905548e-09,-8.130427886499092e-09,-4.8489590632680435e-09,4.942812665831298e-07,1.3649696484208107e-08,-2.238380147900898e-09,-1.3612407201435417e-08,2.0190782379359007e-09,-4.661342245526612e-08,-3.06863512378186e-09,0.0,535.3616487120931,2.4453328251183848e-11,1.219575551658636e-10,6.491518433904275e-11,-1.205648914037738e-10,-2.4016344468691386e-11,2.944489096989855e-11,-5.830145255458774e-10,5.322817742126063e-10,0.004424873247103278,-1.6711965145077556e-11,0.004752734650935508,-6.58189946989296e-10,1.3500311979441904e-13,1.175749275716953e-09,4.2456349547137506e-10,2.758326900220709e-11,-2.3931079340400174e-11,-3.1709532777313143e-07,0.001509210480575618,-3.267928150307853e-10,-7.65965069149388e-11,4.240482396633549e-05,-3.1390889887461526e-11,2.6987123646904365e-09,-1.0288658813806251e-10,1.6973444871837273e-10,3.5061020753346384e-10,-3.587615537981037e-09,6.989466783124954e-10,0.00016850541354873627,2.6136603992199525e-10,-1.2125838111387566e-09,-2.120600361976699e-10,-2.682658539754357e-10,2.1202642955048256e-05,-4.844125101044483e-11,2.7992541618004907e-10,-4.0106939991346735e-10,5.258698199117617e-10,10754.014757664354,2555.8902617011777,-1027.9296881077278,-7814.70728086437
2,10230.565223441268,-2454.1117133729754,-3404.3967367697996,1844.1922998549637,-9155.071656790977,5802.154345503399,-1017.6519385247042,-2032.3859427121906,-1539.5341648376152,3206.5966545323186,-2938.7626953506683,6783.325199315114,-9227.787674355437,5653.113113036045,-943.7638384024057,1351.6673328929603,-460.5773755120434,-11308.153355821412,2.1200492341222343e-05,2.1203699134275666e-05,-1002.6846862032254,-3857.7930764389457,1266.7680322311494,8612.928827890206,-806.1906567649602,3.617051552717854e-08,2.9159487935359607e-08,2.952219801954925e-09,3.60514604835771e-08,2.529685111558877e-10,1.602347765583545e-07,-3.4735421650111675e-08,-8.647305094200419e-10,2.9822331271134317e-09,7.639755494892597e-10,2.226988726761192e-08,8.230927051045001e-10,-1.8189894035458565e-12,4451.688944713525,2.9821478619851405e-11,4.834816991206026e-10,-4.1470684664091095e-09,-1.1676775102387182e-09,1.57513113663299e-10,-9.569021131028421e-10,1.8962964531965554e-10,6.491518433904275e-11,0.00465611131676269,7.041762728476897e-10,0.00465515732548738,2.3169377527665347e-10,9.686118573881686e-11,-6.048139766789973e-09,8.781171345617622e-10,-1.2803980098397005e-10,-8.258780326286796e-10,0.002289136878971476,0.0014930400901005392,-4.1450221033301204e-10,2.9888269637012854e-10,4.240496737040189e-05,1.0797194249789754e-09,-6.105409511292237e-10,1.1289102985756472e-10,-4.934008757118136e-10,-2.9979219107190147e-10,-2.1796040527988225e-09,-2.6197994884569198e-09,0.00016773622136501132,-2.106617102981545e-10,2.859906089724973e-09,-3.979039320256561e-13,-4.3587355946783646e-11,2.1202800642383668e-05,2.0909496356580348e-11,4.476987669477239e-10,-5.496136878946345e-10,6.356359882886409e-10,9418.111345696872,897.1471107631224,-2038.9026366788173,-7330.488518426527
3,6232.009510797915,-1247.6243534128923,-4917.6273423999855,2564.8445571576035,-9645.350161039109,7974.908264014503,-1480.0010501840338,-1565.2853986678188,-1413.448407484849,3534.574056127084,-2058.9021200813395,7554.769177446266,-7264.33075449448,7491.886242832018,-2452.8985242848225,-888.3230428681198,-248.33211912136787,-17387.22912350255,2.1197843125264626e-05,2.1223682324489346e-05,-939.4009460671007,-3331.295319837141,2089.12495072531,7919.1021132449105,-1840.7928315819472,-1.4766403766408587e-08,-1.394383647435049e-08,4.16184775531292e-09,-4.4236003304831684e-08,1.2471097696198363e-09,9.472569217905402e-08,3.6197889130562544e-08,-3.861856612275005e-09,-3.32529452862218e-08,-1.382431946694851e-09,-2.2571839508600533e-08,-3.8335201679728925e-09,0.0,3896.9521294550227,-8.412825991399586e-12,-4.4505554797069635e-10,2.855131242540665e-09,3.154809746774845e-10,6.425580068025738e-10,1.6063950170064345e-10,-8.036522558541037e-10,4.398543751449324e-10,0.004702375721365115,7.045741767797153e-10,0.004494415928093076,-4.4644821173278615e-10,6.363620741467457e-11,1.0882104106713086e-09,-2.340243554499466e-10,-8.958522812463343e-11,8.492406777804717e-11,-5.932524800300598e-07,0.00155483370393239,-6.30961949354969e-11,-3.4373215385130607e-10,4.240506290931201e-05,1.50215218042149e-09,-2.519840336390189e-09,3.3639935281826183e-10,9.140421752817929e-11,-5.798312940896722e-10,2.974729795823805e-09,-3.4442564356140792e-09,0.00016842911222525458,-2.3419488570652902e-11,-8.531060302630067e-10,-5.03490582559607e-10,4.9476422958605326e-11,2.120301753505416e-05,1.2732925824820995e-11,1.2005330063402653e-10,1.4296119843493216e-10,-4.989896273954741e-10,13681.748869003142,1891.1967132688376,-1291.219362737867,-6859.054052763771
4,13757.65174533937,-953.4136799664267,-7362.579592067822,384.8964256662902,-10627.805903570657,7781.442375489485,-1859.6187183625514,-2811.8576261711933,-1394.9581775859679,4950.641922014844,-4372.476033516287,4472.180728067149,-11446.651489287582,3733.560590544694,-2712.472320396688,-1293.798300953098,955.0475890546963,1313.1630484270613,2.12061488866766e-05,2.1250128384053824e-05,-1057.3759458617724,-3275.350670106778,2400.021996118843,7330.199964485837,-3355.06958511824,3.497258660445368e-08,-4.899536476532518e-08,5.948095349594951e-10,-3.3413471101084724e-08,-3.245173987604516e-09,4.153662302996963e-07,2.7430360205471516e-08,3.935411996280891e-09,-2.0945662981830537e-09,4.660250851884484e-09,-4.2369720176793635e-08,1.3906173990108073e-09,0.0,2030.939728151492,-4.597211500367848e-11,4.694129529525526e-10,3.6357050703372806e-10,-9.00683971849503e-10,-6.746745384589303e-10,-2.6699353838921525e-10,-1.5012346921139397e-10,-1.1974634617217816e-09,0.004843880927268174,7.004246072028764e-10,0.004457614766579354,-6.904201654833741e-10,-1.1802114840975264e-10,1.1133352018077858e-09,1.879243427538313e-10,1.4772183476452483e-10,-7.679545888095163e-10,-7.089874998200685e-08,0.0015676026193749415,1.773798885551514e-10,3.682316673803143e-10,4.2404907874216136e-05,-7.617906305767974e-11,3.817035576503258e-10,1.4654233382316306e-10,4.3519321479834616e-10,-1.297451035497943e-10,-2.863998815882951e-09,-3.321702024550177e-09,0.00016855384103209303,1.2107648217352107e-10,-5.290075932862237e-09,1.460414011944522e-10,-4.610418713468789e-10,2.1202869064623764e-05,-3.9459990830437164e-11,-2.696651790756732e-10,-2.3204016486033652e-10,6.382500916668477e-10,13533.92119276186,816.4116077866922,-2107.8303333890217,-8828.818785411195
5,14931.213519249583,1359.692896888707,-6656.063490553848,1423.8895814994821,-7015.3399543233645,7804.000936148125,-850.5901130491495,-2175.4091066423584,-864.1873984062129,2841.115499796468,-2187.9136212482604,-1678.7993255110082,-8305.190835067378,2313.2660861729087,-3399.1243156114374,-2984.441825856469,1412.1485428007052,-6520.876482134104,2.1199864022491965e-05,2.124746535372979e-05,-1060.486131634315,-3220.835004800213,3184.0294592987766,5923.842147765009,-4596.17800208479,7.314173711137073e-10,1.8591548245350253e-08,-3.7198333302512765e-09,-4.3465661292430013e-08,3.3996853331628996e-09,4.82468749396503e-08,-1.3606040738523006e-08,4.176854417892173e-09,-1.7553247744217515e-08,-2.4047039914876223e-09,1.8759237718768418e-08,4.191861080471426e-09,0.0,914.0161872163474,-1.9342749624229327e-11,2.673203880476649e-10,5.184119800105691e-10,-2.887077243940439e-10,-1.8494006326363888e-10,4.5767478695779573e-10,4.396270014694892e-10,8.049028110690415e-11,0.004883287307109185,1.65954361364129e-10,0.004136613182737392,-2.490878614480607e-10,-7.317169092857512e-11,5.371703082346357e-10,5.347828846424818e-10,-2.311395519427606e-11,3.7709924072260037e-10,0.0022806059605500195,0.0015512421270971188,-8.147083008225309e-11,2.1540813577303197e-10,4.2405423379077156e-05,6.162981236457199e-11,1.2372964874884929e-09,1.652580294830841e-10,-1.6220269571931567e-10,-3.2031266528065316e-11,9.43884970183717e-10,-4.943103704135865e-09,0.00016796450209888292,-2.6989255275111645e-10,4.4736339077644516e-09,2.774637464231233e-10,1.0906209269023748e-10,2.120259071439201e-05,2.3094415269042656e-11,-3.0321700705826515e-10,-1.2361667245386343e-11,2.7925783907534196e-10,12877.800078806647,4836.834137463495,-777.2990125184281,-7529.112792763458
6,14785.763674962845,1218.6164591401828,-6727.287723916296,1612.243842438713,-5370.1296143527225,6338.352588284763,-711.5087548910582,-1341.5923960599946,-444.60502099220537,3485.7593756100423,-2257.4619997344753,-2947.752931050679,-6781.093785567442,3525.832913600345,-6135.856868000056,1531.0897880700809,-1190.753869756524,-11361.528759335812,1.4799840727941493e-09,-3.992960421334013e-08,-937.7426706692688,-3725.9890523032723,743.1433507308357,3006.3703290860276,447.6105189497783,4.135864561938263e-08,-4.784911161737071e-08,4.651155904866755e-09,-1.747685018926859e-08,3.5615251915178947e-09,-3.506320354063064e-07,1.5155819710344076e-08,-6.8098415795248e-11,4.476896720007062e-08,-1.4479155652225018e-09,3.380228008609265e-08,1.3505996321327984e-09,0.0,1336.701330000522,-3.623767952376511e-12,-8.930101103032939e-11,2.92652657662984e-09,-7.863718565204181e-10,2.298179424542468e-10,-2.885371941374615e-10,-5.217657417233568e-10,-2.0899051378364675e-09,0.004800388573158898,-3.9835867937654257e-10,0.004186680558007083,-9.049472282640636e-11,-1.3740475424128817e-10,6.597019819309935e-09,3.3287506084889174e-10,-2.610391902635456e-10,-1.723492459859699e-10,6.126902007963508e-08,0.0015312947847634373,1.7712409317027777e-10,3.007585291925352e-10,4.240517293596646e-05,2.7517907952301357e-09,2.86850365682767e-09,4.990852175978944e-10,-1.0129497240995988e-10,-2.5130475478363223e-10,-8.574261300964281e-10,1.8776518118102103e-09,-3.085869337837721e-10,-3.411173565837089e-09,4.008143150713295e-09,9.094947017729282e-13,-2.830988776736376e-10,2.1202137717363234e-05,-8.416378705078387e-12,-7.281641956069507e-11,-4.4656012221366836e-10,-2.3094966494774383e-09,11919.867361027882,5651.727662993101,-975.2560215317135,-4694.518153176621
7,12606.059140740335,1819.3986477026142,-7603.937071091539,964.7450931494077,-8643.370851152487,6348.414686795217,-2321.9423889846935,-1139.7883338332297,-868.1993503557926,3209.5904343332636,-2675.8471988740143,2498.7575885763326,-6679.910572162519,6920.952972567298,-685.9311059266456,-1327.9799575471898,-619.871708197116,-4845.121267541705,2.1199221532181012e-05,2.1252008780309195e-05,-1110.071250882135,-3793.707335963047,1400.2405396399013,-495.33135733535954,-780.3688314358549,-2.1046736464747084e-08,-4.2795864518829774e-08,1.6370904631912708e-09,3.9360202208627015e-08,-1.9180151134869095e-09,-1.0877192835323513e-07,-2.1864252630621195e-08,1.8254837641507038e-09,3.3734977478161454e-08,-2.990418579429388e-09,-1.0810254025273025e-08,3.014065441675484e-09,0.0,347.1763492388057,1.0302869668521453e-12,-1.3872636372980196e-10,-6.844175004516728e-09,-5.062474883743562e-10,-6.343725544866174e-10,-1.0015810403274372e-10,-3.7550762499449775e-10,1.8669652490643784e-09,0.004894648859135486,4.4514081309898756e-10,0.004452492666928265,-6.687059794785455e-10,7.194955742306774e-11,2.8360318538034335e-09,1.4006218407303095e-10,-3.8610892261203844e-11,4.934008757118136e-11,-7.238159014377743e-07,0.0015772095949437848,4.946514309267513e-10,5.637161848426331e-10,4.240537908006825e-05,3.6330956021402017e-09,2.5473809728282504e-09,2.0310153558966704e-10,2.9319835448404774e-10,1.2508394320320804e-10,-1.8212631403002888e-09,-5.629772203974426e-10,-3.1848568227133e-10,-2.722799763432704e-10,-8.999450074043125e-10,-4.524736141320318e-11,1.362243651215067e-10,2.1202176411272422e-05,7.453593298123451e-12,3.9329961509793065e-10,4.3801584581615316e-10,-2.0141865952894022e-10,9499.226298920448,4443.54225219926,-796.7554296697236,-5669.967510200885
8,12704.89550690703,116.69446963864398,1219.2676306114183,574.8320113310856,-8804.512646578858,5953.639628952902,-1220.0603679623541,-2357.299208892351,-1214.0624636591442,4484.446827325586,-1603.6660651032219,-2650.5007073010006,-7772.261696884973,2944.7862492719782,321.1609295712189,-5928.1873602792875,63.536118238319844,-1456.6349364290716,2.1198714421188924e-05,2.1226287877110228e-05,-1034.838417958629,-6221.849526875303,1067.5245028731397,4535.488830023068,-1131.0606210464935,4.1919001575463355e-08,-1.421930820311168e-08,-4.185494617559016e-09,4.0587110561318696e-08,-7.746549749321902e-10,-4.6640343498438597e-07,3.5266566555947065e-08,-4.0520262700738385e-09,4.1372913983650506e-09,-4.089088179171085e-09,-3.11465555569157e-08,3.6916389944963157e-09,0.0,75.94214265661613,-1.7074341940315207e-11,3.8539837987627834e-10,-5.485617293743417e-09,-6.102709448896348e-10,1.0523990567889996e-09,-6.566551746800542e-10,-4.488356353249401e-10,-5.44787326361984e-10,0.004928229716199439,-3.6902747524436563e-10,0.004509184064374949,-1.368789526168257e-10,5.269384928396903e-11,-2.171418600482866e-09,1.0345502232667059e-09,7.15942860551877e-11,8.069491741480306e-10,-4.997036739951e-07,0.0015755964566243896,-4.3434056351543404e-10,5.837819117004983e-11,8.481006705543526e-05,-5.008325698607763e-09,1.4400349801491075e-09,-6.278355613176245e-11,-3.906848178303335e-10,-1.3316991953615798e-10,2.72393663180992e-10,6.96672941558063e-10,-2.1383672610397753e-11,-9.888481145026162e-10,-3.0699993658345193e-09,2.2659207843389595e-10,1.181331144017861e-10,4.2405422620461763e-05,6.563638521583925e-13,-7.552785064035561e-10,-2.3763024881162664e-10,-5.223898119632864e-10,10477.518696687464,4274.428007844599,553.0000452200914,-7972.226002120176
9,10680.321588943025,2838.6603390091914,1879.127592768711,140.94221807098694,-5546.470204955163,5254.015766684446,-1111.1255347099066,-880.753357964476,-544.4901091631269,3948.3243656927098,-1598.1009750861947,-2588.370028793714,-8139.9027405623665,2932.3470996852684,1358.2910726489456,-5932.912646725928,-466.20900957949425,-2536.1066510491605,4.543674610169024e-09,-2.6391224490496246e-08,-1071.010342948934,-6739.284450069911,1355.1251089236011,4129.452379785405,-888.9160993293781,-1.4753401278433387e-09,-3.180508370559387e-08,1.9099388737231493e-09,1.2920281733386219e-08,-4.996753107631979e-09,3.49427864421159e-08,2.6193447411060333e-10,-2.031057988460816e-09,-1.3073986337985843e-08,-1.127773430198431e-09,1.913576852530241e-08,1.418811734765768e-10,0.0,-779.2681528590907,-8.86993534177094e-11,-1.87270643436932e-10,-3.1770923669682816e-09,7.174776328611188e-10,1.202408839162672e-09,1.9809931472991593e-10,-7.17989223630866e-10,1.3301360013429075e-11,0.004938945269856276,-1.1007728062395472e-09,0.004237912110625075,1.2829559636884369e-09,-2.4570567802584264e-11,2.303863766428549e-09,-6.872369340271689e-10,1.6773071820352925e-10,-4.416733645484783e-11,-2.514007064746693e-07,0.0016105675807573938,-7.111830013784015e-10,-8.533340700722647e-12,8.481033901951152e-05,-6.530676555094317e-10,-4.081573676262273e-09,-1.0978185027710197e-10,-4.3852960152079845e-10,1.4851742058397122e-10,-8.674416185350253e-10,-4.687791710367151e-09,0.00016934911698118782,-1.0807993944261796e-09,-7.281725777907866e-10,2.948419286497028e-11,5.323466667483956e-11,4.240520431397776e-05,-7.04022951047989e-11,-7.315753558501115e-11,-1.676601080191631e-10,-1.1352198903136212e-09,8279.43175731849,3171.503502612418,671.3976228447201,-7816.018647536084
10,6961.854346212705,838.3397315457421,2777.7549225708945,869.6526407060717,-7905.204365366223,2375.639522765898,-47.41740407755885,-955.0463679063129,-985.4300440874089,4289.986032782836,646.9373097772681,-1938.142100496908,-8039.119331052658,2936.0896707612965,1572.9323971471813,-4467.967277677808,-1007.8644531448437,-493.22344703331646,1.3622100669685722e-09,2.3332924391217258e-08,-1020.5295300330356,-9913.602904512514,1737.5773602459667,8251.328844307774,-729.7129070268223,2.2107594310760703e-08,-1.1872967164983095e-08,4.1382008930668235e-09,1.7294951248914003e-08,-2.0115936704995924e-09,-8.967617759481072e-09,2.474553184583783e-08,3.071022547374014e-09,-3.229615685995668e-08,-1.2369127944111824e-09,2.860542736016214e-08,1.7771526472643018e-09,0.0,487.65070003832767,1.0358436330903942e-11,-1.3349676919460762e-10,-1.2566943041747436e-09,-2.2748736228095368e-10,9.462155503570102e-10,-3.374225343577564e-10,-1.184332631964935e-10,-8.46512193675153e-10,0.0021840458978772403,2.8416025088517927e-10,0.004053457741861166,2.8251179173821583e-11,-2.049205249932129e-11,8.235474524553865e-10,3.977902451879345e-10,-1.2497025636548642e-10,4.8686388254282065e-11,-2.54742190008983e-07,0.0016028612103869966,-3.135118831210093e-10,-4.108920426126872e-10,8.481005695862298e-05,-5.238411648900154e-10,-2.555309047691523e-09,-7.012945224538214e-10,-6.375065475516806e-10,-2.818127398107606e-10,-5.672051772709352e-09,-4.7711086192947505e-09,0.00016959464569607507,-1.926906967320008e-10,1.465836785286001e-09,1.0457240628980458e-10,-2.0430953456829215e-10,4.240556440845977e-05,-1.1179890346824095e-11,1.260476722997339e-10,2.5063068287423107e-10,-3.0093887798399166e-10,4372.450488921715,3194.66647489684,479.8561292408318,-4289.4550866734535
11,2968.898900530095,1840.8800782431344,329.32174281889786,1175.9330911463344,-3463.4172858162683,3018.378726470769,-976.5745942880792,-1070.863224608733,-1029.3579683962162,12085.509174100529,-1716.5109875606188,1050.9313927330834,-7697.8083377387575,2315.6610421133046,2209.7264606735193,-5697.091546740137,221.71214014154887,-3931.206966898323,-5.636552405374751e-10,-3.522827692406527e-08,-993.8714282572466,-7298.271961496264,1186.0668082997438,2843.3686803960186,-1407.7789484361479,4.3444742914289236e-08,1.6813315628638748e-08,-2.2646418074145913e-09,-3.617788024712354e-08,1.8212670351881732e-09,3.0652518034912646e-07,8.13452061265707e-09,-6.039044819772243e-10,3.1921445042826235e-08,1.6661942936480045e-09,-2.3637767299078405e-08,3.144123184029013e-09,0.0,2652.5475521450417,-1.0281414608570572e-10,-2.6051338863908313e-10,2.689603206817992e-09,-1.096964297175873e-09,6.01062311034184e-10,5.015863280277699e-10,3.092281986027956e-11,-1.2486225386965089e-09,0.0021585326535671356,-5.308038453222252e-10,0.00410531223246835,6.093614501878619e-11,5.9401372709544376e-12,1.315811459789984e-09,1.2094005796825513e-09,-6.67057520331582e-11,3.6266101233195513e-10,0.0020957490105502075,0.0016487187885709242,-9.699051561895544e-10,-4.95053886773178e-10,4.2405497990741226e-05,3.357785841040517e-09,2.5319739360707416e-10,-8.10445710541785e-10,-8.939175510924713e-10,-3.9993386380388074e-10,5.34790600692503e-10,-1.7774633986888944e-09,-5.617753068287712e-10,-5.548520198850326e-09,-3.3757039941129108e-09,9.343470441791624e-12,-4.881441743875836e-10,4.240521629195193e-05,1.122157922139877e-12,-4.212184490093307e-10,1.9814232199433235e-10,3.6774819717200202e-09,3016.2075420191345,734.6835713629827,1373.7435154791553,-3740.815907627098
12,656.5101134141725,904.155073603129,-1603.0269225898558,34.40958395730555,-6138.258004779315,1774.1122977188488,-853.6716669270035,-1845.089791729509,-1829.400347134514,1135.4905484973049,-1689.0979393245884,7565.822037982886,-7143.989879215181,9448.090546650435,4501.750492853065,-5903.021629841979,184.3095395813287,9862.390532188521,3.868376299842602e-09,-4.845716062087946e-08,-1096.484683155399,-7040.024586561822,3016.6187903679474,3623.9947160318447,-3200.9283299176036,-4.761386662721634e-08,-3.2703812866130555e-08,4.2018655221909285e-10,1.0773874237202108e-08,4.191352196737663e-09,-4.5035267248749733e-07,4.059256752952933e-08,1.3894805306335911e-09,-7.478774932678789e-09,3.41970007866621e-09,2.9986040317453444e-08,1.101398083847016e-09,0.0,1592.178521363747,-1.0164935559942023e-10,-4.5073988985677715e-10,2.7969235816271976e-09,6.647269401582889e-10,1.107082425733097e-09,-6.340883373923134e-10,5.628066901408602e-10,-6.101572580519132e-10,0.00485891130965399,6.349409886752255e-10,0.004214283523708673,2.326032699784264e-10,1.908091462610173e-10,-8.215010893763974e-10,-5.209130904404446e-10,-7.966605153342243e-11,-5.538254299608525e-10,-6.117279554018751e-07,0.00164621036356212,-2.968729706509521e-10,-8.390440564554069e-10,4.240567852925592e-05,4.708912287876288e-10,-1.6060212812418762e-09,-7.660366785344763e-11,-7.442139127178393e-10,-3.136269022263605e-11,-2.570267221280176e-09,-3.1946125744752862e-09,3.2836015850801203e-10,-1.0713624432057145e-09,-6.592342449707189e-09,-6.61071863916618e-10,-4.5075311885800495e-10,4.2405751275453873e-05,-1.0009493234264255e-11,-5.812672565497223e-10,1.8589550732084348e-10,-5.373317589485449e-10,2378.542610351856,-1689.679304255622,2594.8147866800928,-9240.515013892538
13,3160.749139729226,1751.227083710424,1136.4997693855626,835.5978346759375,-5125.918477559732,3443.6704138744476,-1796.645566265176,-930.347159956911,-1293.7761711983253,11667.363456760624,-3007.411886594602,-1284.5674690583028,-9882.778211842173,5490.742454965802,2561.914059009623,-5029.919508413933,281.0910029328254,86.89968524554617,-1.6169360572693137e-09,2.735538711523544e-08,-1073.0036095641585,-4407.065283332401,3448.237652954992,907.327910677876,-3729.328613468522,2.317028702236712e-08,-4.938119824160481e-08,-2.000888343900442e-09,-3.6687652027467266e-08,3.749441878286505e-09,-2.8888825909234583e-07,4.544563125818968e-08,-2.2685071598971263e-09,3.0218870961107314e-08,4.7839421313256025e-09,4.270987119525671e-09,2.5684130378067493e-09,0.0,2729.2799987482135,-3.518962898851896e-11,-2.6761881599668413e-10,6.331902113743126e-09,1.3665157894138247e-10,-3.5078073779004626e-10,3.750528776436113e-10,-6.201048563525546e-10,5.819629222969525e-10,0.00468716013597259,-7.519247446907684e-10,0.004433607375858628,-7.200924301287159e-10,1.268887217520387e-10,-4.6791228669462726e-09,3.617515176301822e-10,-1.8346213437325787e-11,1.7359980120090768e-10,-8.7878288468346e-07,0.0016702938863641173,-2.7107266431514176e-10,-5.880729792018258e-10,4.2405593425054455e-05,-5.316477522110397e-09,-5.1463169836729605e-09,-6.087743087412889e-10,-1.1584801451469673e-09,-2.5222046673434306e-11,-5.371771361062372e-09,-5.337987829534541e-10,-5.090159266307737e-10,7.300948179356226e-10,-6.5013905925503934e-09,-6.806409880155684e-10,-2.823446407229646e-10,4.240506818936618e-05,-1.5212830994926207e-11,-1.0271026251729154e-09,-5.388518034554757e-10,2.9660012015875203e-09,3904.7204354262603,47.33605587322866,477.36365923851844,-4369.257284661021
14,5497.5667311583165,987.3814582272473,1602.1087166998961,496.67253450398505,-1586.9321505354646,3518.6746538103307,-594.5152778670805,-774.7572634426847,-1112.569905414071,2964.4537194854843,-620.580963505135,-2601.070503092382,-10165.807349581202,2723.029717204622,1508.57651991141,-3577.295524010451,786.036554205296,-4688.813562978554,-3.334789583364639e-09,1.749822169105908e-09,-1093.6499105009702,-4746.136466665842,2997.163552592109,2444.750763272609,-3783.200106793597,3.1228410080075264e-08,-1.2801705251419548e-09,3.6579876905307174e-09,1.6279955161735415e-08,1.2065021904716228e-09,1.335865817964077e-08,3.306195139884949e-08,1.1300471669528633e-10,-2.954948286060244e-08,-2.5247572921216488e-09,-3.331479092594236e-08,1.8144419300369918e-09,0.0,3714.5030735411615,-7.531303358732089e-11,1.6825651982799172e-11,-2.5765984901227057e-09,-5.35919753019698e-10,-1.4063061826163903e-10,1.68768110597739e-10,-2.894466888392344e-10,1.153239281848073e-09,0.0045806899546931845,-5.007905201637186e-11,0.004736771820205377,-1.1402789823478088e-10,1.418385409124312e-10,-2.1827872842550278e-09,-1.155626705440227e-09,1.4239276424632408e-10,-2.1537971406360157e-10,-4.982084647053853e-07,0.011696733004243828,-3.923961156004907e-11,-3.904598311343932e-10,4.240575414855147e-05,3.039791057757313e-10,2.0964187330552164e-10,-9.258853683746793e-10,-6.171721467218561e-10,-6.198396240719717e-10,9.017026014745966e-11,-5.962860760710953e-09,0.00016786820937675362,-6.269908481293385e-10,1.37507449871066e-09,8.642614401921378e-11,4.461681024636732e-12,4.2405182469951175e-05,5.051736806649387e-12,-8.917379612505272e-10,-3.0625327968047955e-10,-7.56021922149186e-10,5223.411351301112,1298.9154618722189,1930.8041964147571,-2348.718708020038
15,11028.002217137948,-555.9962037828655,2604.5564721478568,95.18646425746725,-7221.645458047984,7047.270180825633,-679.1225489015387,-1802.8506152290427,-1506.4448357348529,2123.18227526479,322.72700788837676,-4307.791168128749,-7046.183198392995,2088.8867093275385,159.7744303253475,-1235.2939560298885,1634.1132025355626,-10956.76667068964,2.1203933585539625e-05,2.1197786584659095e-05,-1004.9642820249792,-3558.897992450384,2330.3000374595154,7666.583742897552,-3964.413240051776,3.1352750035074095e-08,-2.4389261693569253e-08,-8.421920938417315e-10,-2.2479980543721467e-08,2.2029808333448586e-09,1.1477823136374354e-08,1.832813723012805e-08,-3.7905678595961945e-09,4.7321009333245456e-08,2.648448571562767e-09,4.283720045350492e-09,-1.8053469830192626e-09,0.0,192.64391313049558,7.984723993104126e-12,3.637978807091713e-11,9.873701856122352e-10,8.032543519220781e-10,-8.187726052710786e-10,7.693188308621757e-10,6.468781066359952e-11,1.8280843505635858e-10,0.004684530897009154,1.4910028767189942e-10,0.004820546843518514,-2.9098146114847623e-10,-1.269953031624027e-10,9.403038347954862e-10,8.291181075037457e-10,3.5697667044587433e-11,7.057110451569315e-11,-7.427370292134583e-07,0.0015897651444018931,-6.305072020040825e-10,1.2468603927118238e-10,8.481059185778961e-05,-2.478105637360173e-10,1.8449170247070157e-09,-4.269935516276746e-10,-5.724416496377671e-10,-2.708731017264654e-10,-3.496921863188618e-09,-3.801261527769384e-09,0.00016957677307266605,-8.38355163068627e-10,2.3720758690615185e-09,-5.084661580667671e-10,2.355404829512686e-10,4.240541358396799e-05,-3.3166358548442076e-11,1.8548007574281655e-10,-3.014461874562002e-10,-4.091710512077462e-10,9077.293437231237,3597.5922541503273,654.4981858278258,-6782.238947374834
16,10762.566708835586,-1662.4278363248193,-496.09963709128726,-3142.537248430754,-13813.695048628444,10312.618986832316,-1071.211056324878,-2169.4694831842257,-1636.726300703638,4488.866344046325,-4165.339549202663,-2566.477475561412,-5474.047444076285,2059.9051298140703,-658.9379510022186,-1523.4545492973675,1994.19027182527,5676.960135921577,3.0225013256113265e-09,-3.151234696102678e-08,-1052.4942816416174,440.46784722256047,-1227.1124666903215,3954.732413319518,-767.0778051119675,4.4207358024239696e-08,4.390679846089096e-08,-1.051375875249505e-09,2.3023858375381678e-08,2.938625948481488e-09,-4.62317984784022e-07,-1.7724232748150826e-08,2.0054358174093068e-09,3.2411662687081844e-08,1.8153514247387648e-09,-1.767875801306218e-08,-1.6370904631912708e-10,0.0,4253.056500992777,-6.576073019459727e-12,6.737650437571574e-10,-9.37689037527889e-10,5.660467650159262e-10,-5.074412001704331e-10,-1.5526211427641101e-09,4.5440629037329927e-10,2.198703441536054e-10,0.004686507660210282,-7.773905963404104e-10,0.004878197552216079,-2.346496330574155e-10,2.3443647023668746e-10,-6.52630660624709e-09,6.2118488131091e-10,-2.0511947695922572e-10,6.19991169514833e-10,-5.122637958265841e-07,0.0015911095319964264,-2.7270630198472645e-10,-6.864979695819784e-10,8.48108047239865e-05,-2.6787736473465884e-09,5.905798627914294e-10,-5.533848934646812e-10,-1.2578169616972446e-09,4.809663778360118e-11,-1.249404135705845e-09,-2.3341613086813595e-09,-2.3150853456499476e-10,3.633559231275285e-09,-2.515420760573761e-09,1.7183054978886503e-10,-3.077314167376777e-10,4.240562935428627e-05,-4.121147867408581e-11,-8.434142273472389e-10,-6.478460476411207e-10,-4.1908156805936514e-10,12270.959096108832,55.41663085394046,-775.7209091127731,-14066.909503403609
17,13441.748535528559,-4274.9476164677635,-1697.5416447648538,-2741.220745288196,-12951.303265233955,11574.955172427828,-2450.2423438281194,-2289.168944768723,-2665.1664953927157,-2114.617432075214,-3633.1774843038515,1243.8466961724646,-1671.7066531687883,5912.414853359723,-119.86032227750884,-1131.638529954549,2377.397776782909,2191.1536477309573,2.1202892786120753e-05,2.118174322177091e-05,-1082.4118777976123,2449.397968221762,1419.099586849672,4271.355169469767,-3796.497363602383,1.3166821355437008e-08,2.0848896914449355e-08,2.231899998150766e-09,2.1464529709191993e-08,-4.371137648454676e-09,-1.000043994281441e-07,4.813045961782336e-08,3.9066776480467524e-09,1.0524672688916326e-08,-2.9322109185159206e-09,1.8173523130826652e-08,-3.612512955442071e-09,0.0,-3231.934666616429,6.45172804070171e-12,4.5923798097646795e-10,-2.2130279830889776e-09,3.551576810423285e-10,-7.305516191991046e-10,-1.4327952158055268e-09,5.611582309938967e-10,-1.091052581614349e-09,0.004702282367148314,-7.280505087692291e-10,0.004821880799113387,3.5083758120890707e-10,1.0402345651527867e-11,-3.4438016882631928e-09,-3.085460775764659e-10,-2.83648660115432e-11,7.425455805787351e-10,-7.107955752871931e-07,0.0015837822187500586,-2.1293544705258682e-10,-9.958966984413564e-11,4.240558297242958e-05,-7.343529534464821e-10,-1.373570424068049e-10,-1.8525270206737332e-10,-1.3233147910796106e-10,3.6550318327499554e-10,-1.318767317570746e-11,-3.5256562114227563e-09,-2.640372503970312e-10,-3.441300577833317e-10,-3.658442437881604e-09,-2.850981672963826e-10,-1.7497236992625176e-10,2.120229842528243e-05,2.8418156716725207e-11,-3.7550762499449775e-10,-2.755536909759826e-10,4.860521152227903e-10,14145.752115854542,2330.1016239019536,-3041.280766393362,-12464.504653435422
18,14465.766709668806,-2980.9157337394263,-761.6847331965446,-1205.8304258811977,-12211.325545062326,12396.008940559072,-2898.1536653379717,-3117.933954372764,-2141.925505014367,-3065.317207816776,-4678.32324871708,-3342.100987797528,-3474.5082029273844,2031.0196609906245,257.3942245373609,-686.6570452210461,2375.615317261214,6143.062813717121,2.1202442288828505e-05,2.118097719377987e-05,-1100.1674828117593,1419.3889416225506,451.97507544616565,3291.2084163060185,-2827.590392749906,3.467368492326983e-08,1.8081039165895874e-08,-1.911757863126695e-09,4.2826286517083645e-08,-1.188757401109769e-09,-3.321547410450876e-07,-9.102222975343466e-09,-3.021227712451946e-09,-3.471905074547976e-08,4.3146428652107716e-09,2.43635440710932e-08,1.0932126315310597e-09,0.0,-2226.8141542657163,-9.677592061052565e-12,-1.488729139964562e-10,-6.097252480685711e-09,5.221636456553824e-10,-1.1663701116049197e-09,1.8201262719230726e-10,-5.459241947392002e-10,1.0089706847793423e-09,0.004443572077789781,-2.7398527890909463e-10,0.00485582832993714,-1.7435013432987034e-09,-1.3777423646388343e-10,2.92584445560351e-09,1.3989165381644852e-09,2.376907559664687e-10,-1.6228796084760688e-10,8.52960511110723e-08,0.001575357406101499,-1.907096702780109e-10,-5.968558980384842e-11,4.240550375884944e-05,4.671177666892845e-09,-4.426662203460552e-09,-4.467324288270902e-10,-3.2173375075217336e-11,-1.276703187613748e-10,2.373099050601013e-09,2.906290319515392e-09,2.431692347482084e-10,4.685034582507797e-10,-2.375145413680002e-09,-3.873878995364066e-11,-3.620764521539144e-10,2.1202814323578734e-05,1.3361756145968684e-11,1.4426859706873074e-10,5.147939852179206e-10,1.172190955411878e-10,14468.333420122004,3002.537463166142,-2670.469743973625,-10912.591480118772
19,14961.315823459878,-2431.7936297679216,-4646.6961250054,-337.72520308821043,-8831.3386350936,11775.222051281185,-2031.69072898227,-1980.3542041596888,-1490.2372376987537,-546.0691753580165,-3528.7919125424623,-4331.341841857751,-4081.0084228886244,2449.8966748780795,-2557.48734211634,1943.8492290557049,780.7181636353029,165.6728987300719,2.1201337293816347e-05,2.1200711426472285e-05,-1108.6710310752871,2027.3130384866977,1493.5711034519418,-5433.972667748022,-2274.289267040176,7.837614668382287e-09,-3.941959231257286e-09,-7.894414011389017e-10,-1.0693383956095204e-08,2.8410761852924044e-09,-1.949956640601158e-09,4.033790901303291e-08,-2.5820554583333433e-09,1.0034455044660717e-08,-1.1859810911118984e-09,-2.156775735784322e-08,4.545654519461095e-09,-1.8189894035458565e-12,-87.40538138386921,5.050182494414912e-11,4.1740122469491325e-10,-1.838998286984861e-09,5.2011728257639334e-11,-5.732658792112488e-11,1.3284306987770833e-10,-6.078550995880505e-10,-5.301785677147564e-10,0.0042217904356647296,-1.0084022505907342e-10,0.0022063722235543537,8.322444955410901e-10,-1.326938559031987e-10,7.81369635660667e-10,7.603944141010288e-10,1.1496581464598421e-10,3.972218109993264e-10,-1.7140700947493315e-07,0.0016192417318393049,-1.603552846063394e-10,-3.076650045841234e-10,4.240493987789362e-05,1.0889955603943235e-11,-3.2586342513241107e-09,-2.9595526029879693e-10,-6.255618245631922e-10,3.1744207262818236e-10,-2.5756889954209328e-09,7.576090865768492e-10,0.00016899362215977431,-2.5499957700958475e-10,4.99971974932123e-09,-3.7465963664828905e-10,-2.8072522084698903e-10,2.1202986809631952e-05,3.4798830483850907e-12,-3.4845015761675313e-10,3.873150689059912e-10,-1.897679235973726e-11,14104.572021934207,5261.207156255302,-1762.7021908849072,-7501.761933549679
20,14539.833969350571,-3024.9145243834505,-4649.449011013227,-1153.9875420718304,-8321.977365160868,8555.103277256825,-2091.9843287104427,-2038.1494166564614,-1527.6538241142948,-1209.0198628655862,-3839.0228471074156,-2732.426649475533,-784.9695937303313,2087.444463905288,-4434.770932566281,2775.564817493664,870.0872905897481,-4005.2698862371444,-5.20261944636502e-10,2.2456263279457822e-08,-971.4961589057297,6224.895982281986,2478.104127387641,-2018.8940178966573,-3348.1914179305677,-3.7666049168549876e-09,3.1485629048422226e-08,-3.2123352866619825e-09,3.4574441087897867e-09,1.6038241006533643e-09,-1.1074735084548593e-07,-1.3555109035223722e-08,-2.3084112399374135e-09,-1.2987584341317415e-08,-1.760781742632389e-09,2.318847691640258e-08,3.939931048080325e-09,1.8189894035458565e-12,-55.76950950647006,1.0949463558063144e-11,1.9892354430339765e-10,1.5371597328339703e-09,-1.0412009032734204e-09,-5.324523044691887e-10,9.547989066049922e-10,-7.870539775467478e-10,-1.5202203940134495e-09,0.004220392391133032,-4.4775561036658473e-10,0.0022035028296159,4.851017365581356e-10,-1.4152590210869676e-10,1.2754526323988102e-09,-9.542304724163841e-10,1.0170708719670074e-10,5.583444817602867e-10,-7.395155989797786e-07,0.0016303401521440275,1.716102815407794e-10,1.758166945364792e-10,4.240518875886501e-05,8.201395118589971e-10,1.2179839359305333e-09,-5.438209882413503e-10,8.731149137020111e-11,1.750777300912887e-11,2.2057520254747942e-09,2.895376383094117e-09,0.00016909266049980332,3.410605131648481e-12,-1.6809735825518146e-09,-2.0484947071963688e-10,8.843681342796117e-11,2.1202409483583873e-05,5.965006266706041e-12,-4.3789327719423454e-10,-9.411316170826467e-11,4.455278368453719e-10,13132.46681566176,5577.379118832767,-1913.1681313407482,-8119.763789368826
21,12808.453620988985,-2923.0803353613373,-7596.102204393071,-2116.0543096867223,-15000.436975550307,7966.874233301118,-3296.804024935412,-3279.1618747174984,-1799.258513026545,1095.4087480036385,-5712.211826821777,819.3822695154216,-244.13605200298898,4253.735416143469,-1457.9320068268082,2642.545451785018,482.87115532004157,19795.413440705153,-9.684228002848627e-10,4.184719703342887e-06,-1075.457586799997,2713.8344685749116,-618.675822492821,-4133.686897031201,135.80466720920745,-3.2596539245588474e-08,4.266617170678444e-09,3.4815457183867693e-09,4.897628969047219e-10,3.1096516247414163e-10,4.5385240809991956e-07,-3.9217411540448666e-09,1.6723333828849718e-10,1.4385477697942406e-08,-1.8844730220735073e-09,1.833177520893514e-08,-3.4569893614389002e-09,1.8189894035458565e-12,-2480.735192642787,-3.858247055177344e-12,-3.845457285933662e-10,-2.5322606234112754e-09,-1.0879830369958654e-10,-1.0912799552897923e-09,-1.2597638487932272e-09,1.3483258953783661e-09,-1.6859758034115657e-09,0.004458813453567245,-6.820073394919746e-10,0.002175149194158621,1.0458052202011459e-09,1.6838441752042854e-10,-2.232127371826209e-09,-5.707079253625125e-10,1.6213164144573966e-10,-7.495373210986145e-10,-7.869075488997623e-07,0.0016646079134792213,8.282086128019728e-11,-1.014086592476815e-10,4.240523194432022e-05,3.768030332196304e-09,2.8999096457482665e-09,-4.4519765651784837e-10,-1.6837020666571334e-10,3.086029209953267e-10,-4.169123712927103e-09,2.016349753830582e-09,-1.7124612838870235e-10,4.0520262700738385e-09,4.288722266210243e-09,7.270273272297345e-11,-1.6111467715518302e-10,2.1202796304603533e-05,-2.596323156467406e-11,-5.606466402241495e-10,-4.3230663493432075e-10,4.323317925880588e-09,13020.728991314867,2348.690285770299,-3049.5900591987483,-13300.417281904509
22,12699.504734011083,-1693.128499517726,-8836.139666678946,-1341.847893521448,-10942.654478279102,7888.9968900071335,-1877.7288831304995,-2095.4654231487807,-758.002695193134,5126.778165203952,-2758.6270939767683,1885.9618948505592,2448.6955028257084,6336.92302450753,-4051.145441493119,-871.8833984395518,1835.3729368441307,-7295.123546045376,2.1202969042136144e-05,2.1207925578817233e-05,-1074.7329905750707,5662.8902987790725,1644.3707770694245,-5807.819809037078,-3479.7437138956498,-2.090084783024082e-08,-4.862137414907153e-08,-3.370587364770472e-09,4.4512489694170654e-08,4.29546742446163e-09,-1.5985278878360987e-08,-2.809974830597639e-08,2.54664200838306e-09,3.4079675970133394e-08,2.6411726139485836e-09,2.068918547593057e-08,-1.0104486136697233e-09,0.0,67.83469705296885,5.0384585392748704e-11,-6.199343260959722e-10,-4.913545126328245e-09,7.228209142340347e-10,-7.73070496506989e-12,-2.390834197285585e-10,1.1110614650533535e-09,-1.1140173228341155e-09,0.004829622765072372,1.0180656317970715e-09,0.004869584520861281,-1.2710188457276672e-10,-4.169464773440268e-11,-3.4992808650713414e-09,1.2677219274337403e-09,-8.846257060213247e-11,-1.8326318240724504e-10,-3.867207851726562e-07,0.001634808669196186,-3.19175796903437e-10,1.6615331333014183e-10,4.240573095959377e-05,-5.11650277701392e-10,2.1733939092882792e-09,3.923332769772969e-10,1.7621459846850485e-11,-9.99875737761613e-11,-2.7093847165815532e-09,-3.5620359994936734e-09,8.644462923257379e-11,-3.144350557704456e-09,-5.464244168251753e-09,-1.3528733688872308e-11,3.993312347461142e-10,2.1203047908729955e-05,8.462563982902793e-12,4.611138137988746e-10,1.6862777840742638e-10,-4.511987922173333e-09,12348.970086049447,4094.143012983043,-314.08375189911294,-8842.312892546286
23,14001.161573735968,-553.2271265480082,-7783.518901343843,-325.3534188178604,-14942.788051650512,8716.527255040219,-3059.410065879628,-3443.055816041841,-1074.1065665930403,3419.885726868695,-5412.500334859191,-3784.0565300739786,-918.1576705889096,1433.0980697025032,-2219.110159235885,189.21225896269988,1186.836572205121,14139.459814055283,2.1207420743962757e-05,2.123014087374031e-05,-1123.0928643689454,3423.9464934954435,2786.9209987266045,-6295.325598571374,-3973.7575709499506,-1.0155092322605697e-09,-2.6556375209985106e-08,1.4260876923799515e-09,-4.0720806282479316e-08,3.080614010414484e-10,-3.964123607147485e-07,8.96397978067398e-09,-1.4423449101741426e-09,-4.378489393275231e-08,-4.532921593636274e-09,-1.3416865840554237e-08,2.6957422960549593e-09,0.0,675.5582221487695,8.58335624798201e-12,-6.965024113014806e-10,6.044729161658324e-09,-1.7732872947817668e-09,-8.026290743146092e-11,6.480149750132114e-12,-5.14603470946895e-10,2.2124595489003696e-09,0.0020093487953261047,5.212541509536095e-10,0.00204979673287653,6.267555363592692e-10,-4.1742964640434366e-10,6.813252184656449e-09,1.2274767868802883e-09,-1.2536816029751208e-10,5.250626600172836e-10,-7.447742973454297e-07,0.0016430093925952072,-2.007141119975131e-10,-3.8687630876665935e-10,4.240497513396946e-05,3.965192618693436e-10,-2.0413750689840526e-09,3.183799890393857e-10,6.286882126005366e-11,7.833023119019344e-11,-4.548155629890971e-09,5.966285243630409e-10,4.029754308021438e-10,-1.6428884919150732e-09,-5.688889359589666e-09,-5.306333150656428e-10,2.1111823400588037e-10,2.120299564373207e-05,4.4011017052980606e-11,1.807620719773695e-10,1.8173373916852142e-10,4.186255175842035e-09,12712.39428836785,4836.183051068499,-3227.5819014822055,-9386.140946376521
24,12717.769412883476,1625.2357767728943,-3667.211017504273,2207.9817406035,-6636.725435420241,10423.20351713241,812.7448965731941,-2139.9279575047517,428.91307619064355,5125.191564388717,-2963.6662023340023,-633.2806416767946,-5564.095797267323,-853.6365897490128,-5463.331489001,-2765.8335136666424,403.5480087365031,-10751.158439321984,2.1204408739095015e-05,2.12448073853011e-05,-1095.1774854576556,-2415.352341222961,1692.4145474549282,3293.420823931864,-2095.962556246755,-3.532715370235806e-09,-3.3501780044575824e-08,-1.2732925824820995e-09,2.721890268730931e-08,2.0308785668790574e-09,-4.087996785528958e-08,1.5541445463895798e-08,-3.02293301501777e-10,-4.2198735172860324e-08,-6.111804395914078e-10,-2.5262124836444855e-08,-1.2851160136051476e-09,0.0,2142.406936167682,3.47668560607417e-11,-3.134914550173562e-10,1.8985701899509877e-10,5.701394911739044e-11,-6.967866283957846e-10,5.700258043361828e-10,2.070521532004932e-10,-1.1486349649203476e-09,0.002108207057219147,-6.565983312611934e-10,0.0021029789820090627,3.602735887398012e-10,1.3248069308247068e-10,-8.967617759481072e-10,-6.139089236967266e-10,-4.645528406399535e-11,4.523030838754494e-10,-1.4918441593181342e-07,0.00408689560982145,3.0391333893931005e-10,1.8735590856522322e-10,4.24051321417096e-05,-1.517106440473981e-10,1.5466667946384405e-09,3.866489350912161e-10,7.975131666171364e-11,8.850520316627808e-11,3.470631781965494e-09,1.90857463167049e-09,0.00016869008484210468,4.15695922129089e-10,-2.985416358569637e-10,9.186373883807164e-11,2.262980913769752e-10,2.1202284824939355e-05,4.551026222543442e-11,1.6979129213723354e-10,-3.248405988642844e-10,-1.5073056691683462e-10,7601.097976344185,5380.95251699294,-2109.0718290671944,-4700.448655080657
25,6413.166616137761,3662.638467701281,-3522.153235316107,2986.2442632491834,-9408.42139841049,8236.731897871261,-1613.333015552188,-1555.9807443470486,582.5655975701154,3280.672748768627,-1615.3452653533627,3105.670767022844,-5996.022959294399,2045.4670674778613,-2146.511753861293,-2648.2742335045036,832.8549575618674,-11095.388285790248,-4.9506758623141245e-09,1.745380927981044e-08,-931.1473588423976,-5563.303966879762,2650.197410708085,7722.839538947537,-3483.052368291117,-9.327568772921069e-09,-5.627181914880097e-09,2.093656803481281e-09,-2.2346284822560847e-09,3.4196958697933766e-09,-3.3567630453035235e-08,4.7984940465539694e-08,3.1150477752817096e-09,4.6959939936641604e-08,-9.74978320300579e-10,-6.2118488131091e-09,-4.415596777107567e-09,0.0,-167.891472923467,6.956213383091381e-12,-3.806803761108313e-10,-4.897628969047219e-10,-5.035758476878982e-10,-7.80460140958894e-11,-1.7894308257382363e-10,-1.8349055608268827e-10,3.1525360100204125e-10,0.004966610735408494,1.6046897144406103e-10,0.004901683258253797,1.168075414170744e-09,5.708500339096645e-11,-1.6156036508618854e-09,-2.9393731892923824e-10,4.874323167314287e-12,-2.8464341994549613e-10,-2.6710040401667356e-08,0.001603447624480392,-3.6544633985613473e-10,1.141984284913633e-10,4.2405710930282225e-05,1.6468870711605632e-10,2.632972950777912e-09,2.978310931212036e-10,2.2208723748917691e-10,-4.967262157151708e-10,-4.122057362110354e-09,-1.918351699714549e-09,0.00016850669833790022,1.1652900866465643e-10,3.286231731181033e-09,2.809308341511496e-10,3.952442817478641e-10,2.1202240358453306e-05,4.163780431554187e-12,-1.3841372492606752e-10,-3.079083654711212e-10,-1.4105586143564608e-10,7520.447606459524,4156.626858788676,-1499.5680751600435,-1949.728515044314
26,8801.16879234376,1260.8241309431337,-7672.622540235786,-889.8321398021892,-15871.208972964765,3861.452989260526,-2233.1538875976853,-2515.5270397010063,-130.68013134199683,7330.699587688132,-5411.895566569344,5458.449796819368,-6058.550219747431,8577.515638655581,-2303.0261413462836,1466.9856228724864,205.93232558587928,13137.697366011318,2.1200173617556828e-05,2.117754974794578e-05,-1101.9309212290682,-13266.818010365647,129.45286032835156,8200.772194459902,-335.3851859261645,-2.0481766505042742e-08,3.238423240681243e-08,3.8835423765704036e-09,4.439834810909815e-08,-4.8060311954103985e-09,1.5836121747270226e-08,8.003553375601768e-09,4.002117748314049e-09,2.3867869458626956e-08,-1.1859810911118984e-09,3.831519279628992e-08,2.496562956366688e-09,0.0,1977.9279013065363,-1.426059270670521e-11,3.320792529848404e-10,2.1150299289729446e-09,-1.7597585610928945e-09,-2.830802259268239e-10,-1.096964297175873e-09,-5.02438979310682e-10,-1.1717702363966964e-09,0.004973641833203146,3.2514435588382185e-10,0.004954838713160825,7.207745511550456e-11,2.4635937734274194e-10,2.0058905647601932e-09,4.971525413566269e-10,-7.314326921914471e-11,-1.3432099876808934e-10,-3.5195989767089486e-07,0.0015655410542283477,2.8910562832606956e-10,-4.765183803101536e-10,4.240479841355338e-05,-5.132624103509897e-09,2.5064395003937534e-09,1.6427748050773516e-11,-2.434035195619799e-10,-4.2228975871694274e-10,4.1238763515139e-09,-5.395577318267897e-09,3.10778958123592e-10,2.945171218016185e-09,-3.2223397283814847e-09,1.3776002560916822e-10,2.638502749618965e-10,2.120244997580456e-05,5.0668802487052744e-11,-3.646505319920834e-10,4.466880199061052e-10,-2.097010953772127e-09,11189.051590628527,945.7822567578137,-3961.559537553537,-10791.520609053647
27,964.148850495878,313.4733802952178,-8410.748665726283,-699.711023693514,-14833.496876898998,2124.788287841566,-2098.893763575848,-4721.6978616619945,29.866339282753003,7357.358166585349,-6286.811477020792,2220.6438983027306,-1403.3280158904333,-1254.0027097450557,1508.9162915455406,5922.240418453267,-2374.1551462641924,28580.73913969786,2.1204027638797862e-05,2.1231368818243335e-05,-1057.6423832368614,-12276.136941743582,-794.5842725394496,10167.422304915965,3168.739418760068,-1.3217499372775166e-08,-2.994710335268991e-08,-1.1223164619877934e-09,-9.305949788540602e-09,3.876863713739298e-09,1.7782440409064293e-08,-9.72795533016324e-09,-2.995193426613696e-09,2.8842805477324873e-08,-5.315087037160993e-09,1.638363755773753e-08,-3.637978807091713e-12,0.0,2943.172660331821,-2.1671553440683056e-12,-2.5983126761275344e-10,-4.27303348260466e-09,3.225295586162247e-10,-2.481783667462878e-10,-4.638422979041934e-11,-9.259792932425626e-11,1.3607177606900223e-09,0.004872830911580195,-7.859171091695316e-10,0.0048397184357327205,4.107505446881987e-10,-7.116796041373163e-11,-9.583800419932231e-10,4.431512934388593e-10,9.910650078381877e-11,-3.184368324582465e-10,-3.399181878194213e-07,0.0015379788407012818,-4.355911187303718e-10,-4.588969204633031e-10,4.2405334389039595e-05,4.428782673926435e-09,5.2644253401012975e-09,2.2396307031158358e-10,-5.094307198305614e-10,-5.110223355586641e-10,-3.829200068139471e-09,4.259163688402623e-09,-3.176587881625892e-10,-2.4066366677288897e-09,6.475602276623249e-10,5.413482995209051e-10,2.604818583051838e-10,2.1202213854931706e-05,-4.660094532482617e-11,-1.5688783605583012e-11,-3.6280312087910715e-11,-4.142045317845344e-10,4070.3657950180827,-579.6180430759695,-3701.905646909875,-8879.139791770183
28,-1077.8800790134105,4956.950893574162,-8753.677685069963,302.7660665581286,-11893.550157264655,-1541.278668360209,1434.7998774165299,-1051.6552735470423,1668.1250463358094,5263.296414870533,-2729.614037689656,2562.968649742075,-7207.717319575945,8266.882726612583,-956.4192518799713,3400.823062150585,-2374.494924429487,11517.172575335282,2.1204836667981786e-05,2.116173046892017e-05,-1140.7850596917083,-13089.08642541018,573.9181844192817,9464.840627459833,1800.5767399353763,8.129740408646668e-09,1.3815681987328077e-08,-3.001332515850663e-09,7.89395926403813e-09,1.843904423679682e-09,-2.968954504467547e-08,-2.276647137477994e-08,1.678756689216243e-09,-2.946580934803933e-08,8.003553375601768e-11,2.2084350348450243e-08,2.0099832909181714e-09,-1.8189894035458565e-12,3608.2155688833914,-2.4733992631809087e-11,-1.3488943295669742e-10,-1.1577867553569376e-09,-2.843307811417617e-10,4.289404387236573e-10,8.69590621732641e-10,7.718199412920512e-10,2.298747858731076e-10,0.004938327321127645,2.8416025088517927e-10,0.004738965114313487,-1.2465761756175198e-09,-5.759659416071372e-11,1.008174876915291e-09,-2.6500401872908697e-10,-1.9960566532972734e-10,-7.838139026716817e-10,2.0060724637005478e-07,0.0015220928867840655,3.0752289603697136e-10,-1.056719156622421e-10,4.2405701802916695e-05,-1.39804345877792e-09,-3.6039153883393737e-09,-4.0392933442490175e-10,-4.232560968375765e-10,2.318643055332359e-10,-1.9629169401014224e-09,3.16572368319612e-09,0.00016811848981457267,2.056594894384034e-10,6.075424607843161e-10,1.2460077414289117e-10,9.831557790107581e-11,2.1202329560487954e-05,-3.376143808964116e-11,-2.9837110560038127e-10,-2.957367684075507e-10,-7.122030742934271e-11,123.16280196370894,2338.705560786807,-2031.191093357018,-3435.8531926995993
29,6535.28555686487,3810.2886724491946,-7147.2587455123685,3741.859176495008,-11183.749788347597,1028.7253037769383,-71.17403636232427,-479.0407490107202,-401.083896118434,-1252.523496038531,-452.2048972557334,902.6169710729563,-8768.81217730027,4260.193710638527,-860.2208708590109,-147.68298772479835,-2136.6178775146377,7481.75725795679,2.1205580835712695e-05,2.1203695902978492e-05,-1047.2445458917894,-11977.429224584122,2956.4819753597767,9458.836349632064,-819.8640978021512,-2.176737345926938e-09,-2.46580657004003e-08,4.532921593636274e-09,-1.7814727470977232e-08,-3.0495735114672434e-09,1.3573298929259181e-08,1.3453245628625154e-08,2.3874235921539366e-10,4.942558007314801e-08,4.984030965715647e-09,-1.8046193872578442e-08,-1.0459189070388675e-10,0.0,1951.0455403897006,-2.7787550038738118e-11,-1.879101318991161e-10,-1.2164491636212915e-10,2.2365043150784913e-10,3.412026217120001e-10,-4.172306944383308e-11,2.205808868893655e-10,4.919797902402934e-10,0.004669107231116243,-3.0524915928253904e-10,0.0040982612725599665,-9.72022462519817e-12,-9.850964488578029e-11,6.323261914076284e-10,1.3028511602897197e-10,4.583000645652646e-11,4.2999204197258223e-10,-8.384995453525335e-08,0.001488180005062123,-5.20728349329147e-10,5.649525292028557e-10,4.2405267926870494e-05,-5.515659040611354e-10,-3.7206682179657946e-11,3.418776373109722e-10,-1.5759837879159022e-10,5.5777604757167865e-12,3.297486728115473e-10,-3.106208623648854e-09,0.00016812326826376456,-1.3170620150049217e-10,-4.5980641516507603e-10,4.240520904189027e-05,1.8346879571140562e-10,2.1203004713032936e-05,-2.5067947717616335e-11,-9.086420504900161e-11,-3.795310732357393e-10,4.608230463887253e-10,5738.3663802542915,2141.225459833041,-730.8553547081723,-2530.9179777541717
30,143.02637130997044,-1598.0666652050563,-7864.1991124081,-1181.4448595543859,-11463.928073197503,-533.6276272448791,-1320.8914491345984,-2653.5256598056067,-178.13049784373135,7280.06949196778,-3708.7907920177363,994.8323710781286,-5844.902768007401,2501.454399480649,903.0890002400417,5036.2222026030395,-1345.5618330936786,21728.310460339206,-4.779411352795471e-09,1.921053402464956e-08,-988.6863984873816,-8040.76558000401,2719.31446793966,10114.776391944788,-1373.75263490332,3.3785417630216585e-08,4.829516342397255e-09,-4.723915481008589e-09,1.4827492123004049e-08,1.48366343820025e-09,2.998785930685699e-08,2.918895916081965e-07,-4.880575943388976e-10,-2.4773726181592792e-08,-8.949427865445614e-10,-2.0587322069332004e-08,3.1968738767318428e-09,0.0,3638.567675938916,-4.483524662646232e-11,-2.247588781756349e-10,5.983338269288652e-09,4.6361492422875017e-10,1.4209717846824788e-09,1.0921894499915652e-09,-8.961933417594992e-10,-1.1898464435944334e-09,0.004730553965345052,-1.815578798414208e-10,0.004128459976811882,1.332978172285948e-09,7.904077392595354e-11,5.6559201766503975e-09,-8.750475899432786e-10,-7.01732005836675e-11,1.8383161659585312e-10,-6.001646397635341e-07,0.0014981312160164961,2.930278242274653e-10,2.9672264645341784e-11,4.240534159372089e-05,2.8288464903880595e-09,8.40046254779736e-10,4.292530775273917e-10,-9.640643838793039e-11,-3.1246827347786166e-10,-1.6591457097092643e-09,-2.5283952709287405e-10,3.667093295689483e-10,-3.087279765168205e-09,-3.4015101846307516e-10,-2.233377927041147e-10,3.3397329346485094e-10,2.1202209874310318e-05,6.109246442065341e-11,3.9028691389830783e-10,-2.9976554571931047e-10,1.503456803497727e-09,3264.489887548433,-3289.929311063999,-2779.374900851167,-4158.573106135586
31,-1651.4617050198644,-4415.359034743228,-10813.282734245278,-3181.3287814830587,-15372.019325536956,2168.6209783257787,-2238.6015962886167,-3877.729016261991,-742.5767408543794,14161.58090433797,-6996.094755215956,5745.209010584293,-3330.3502536179144,7783.1040822925015,741.9588739428477,2663.166020427813,-2313.279413150156,28739.448874290512,2.119949295556478e-05,2.1182550419135415e-05,-1138.6186461122506,2711.587299483218,407.46214622289926,5441.176689584036,1905.8172669144353,-4.110099494081254e-08,-4.007581710929742e-09,-3.627064870670438e-09,-2.3345819499809295e-08,-3.917629255939872e-09,4.543107934296131e-08,2.138403942808509e-08,-4.332605385570787e-10,-1.1863448889926076e-08,2.6520865503698587e-09,4.93218976771459e-08,-2.6175257517024875e-09,0.0,1290.3958219619983,-4.348521542851813e-12,1.425632945029065e-10,8.091092240647413e-10,1.2801137927453965e-10,3.8420466808020137e-10,-9.500809028395452e-10,2.539195520512294e-10,-5.244373824098147e-10,0.005325988845100937,1.1107204045401886e-10,0.005184671723327483,8.830056685837917e-10,-3.7275071917974856e-11,9.222276275977492e-10,-5.274500836094376e-10,2.3462121134798508e-11,-2.744400262599811e-10,-6.153568392619491e-07,0.0015123957310376746,-1.3665157894138247e-10,2.126796516677132e-10,4.240479867845259e-05,-1.7439925059647976e-09,-3.3533780197103624e-09,-3.0954083740653004e-10,3.1582203519064933e-10,-1.1377210284990724e-10,3.841932993964292e-09,-3.1297986424760893e-09,0.0001682815811239191,-3.021796146640554e-10,5.929905455559492e-09,5.1073811846436e-10,4.383249319062088e-10,2.1202704002160067e-05,-3.5633718198369024e-11,1.5927525964798406e-10,-2.007833899142497e-10,-4.9991899508938786e-11,-187.76198140268409,-3208.95438055522,-2768.908969296463,-11523.197441349355
32,12013.30581306338,-2463.217251615946,-7794.289976991747,-1860.4986636307297,-14552.197932235607,6763.723550306956,-2525.864698434252,-2656.0610828105528,-680.5812489444069,-534.557321779327,-4744.889159985655,3959.5841878913193,-2361.8378330628684,5526.950060765446,-2712.424595149321,-3877.757076420577,-1195.8039947815632,33188.22668572943,2.1200564694151547e-05,2.1222644121215994e-05,-1055.10628974268,-2847.5511972095906,3945.545718033508,-6297.242415200763,-2749.7417233341444,1.8933760281836243e-08,-3.593398900658684e-08,2.595697878859937e-09,-4.841922418563627e-08,1.2979177194810676e-09,1.2685632100328803e-08,-4.077446646988392e-08,1.5734258340671659e-10,7.927155820652843e-09,2.2118911147117615e-09,-2.4883775040507317e-08,-3.5952325561083853e-09,0.0,-2146.180417187628,-5.831424232383142e-11,-3.305160589661682e-10,2.2521362552652135e-09,3.4503955248510465e-10,6.832578947069123e-11,-3.275317794759758e-10,-9.373479770147242e-10,-9.707719073048793e-10,0.004991889015840911,-7.92624632595107e-10,0.0049283340247825436,5.392166713136248e-10,7.672440460737562e-11,-1.810235517041292e-09,-8.458869160676841e-10,-1.4013323834660696e-10,-7.797780199325643e-10,0.0022958926238061395,0.004368478968642897,8.856204658513889e-11,-5.353513188310899e-10,4.2405490155550396e-05,4.53870896421904e-09,1.5431709243785008e-09,-9.634959496906959e-12,-3.291233952040784e-10,1.176658770418726e-10,1.1596057447604835e-10,-3.2787283998914063e-10,0.00016729053614317202,3.170725904055871e-09,-3.0495357350446284e-09,1.7422507880837657e-10,2.502815732441377e-10,2.120230549260138e-05,1.6466827901240322e-11,-1.2926193448947743e-10,-4.859721514094417e-10,1.933952581412157e-09,9431.513076099318,1607.3152703171384,-2873.9885041272446,-10506.372806365303
33,9221.801480038928,-40.65585991448826,-7896.703289207076,-1550.5293510179024,-13022.859415585754,6606.575962263395,-2338.1689210031927,-3697.9784309146366,-1028.7447549036692,3288.268554632442,-5072.164556015785,-105.38119843404549,-1236.8052566140225,2387.144564899336,-1137.521210260889,-746.6303499937032,122.44722045405827,27462.478214568262,2.1198120586346514e-05,2.122761316283861e-05,-1114.0032443210787,-1840.2881231048052,3847.0126259817057,-5840.91061615576,-3969.4598464626424,3.947388083069825e-09,4.800313696540215e-08,-3.9472070056945086e-09,1.5963451005518436e-08,4.362232494063006e-09,3.812601789832115e-08,3.6903657019138336e-08,-1.3028511602897197e-10,7.683411240577698e-09,-3.0231603886932135e-09,-6.775735528208315e-09,-2.3110260372050107e-09,0.0,-1370.5670229766495,-7.51398943066306e-12,3.461764208623208e-11,1.385387804475613e-09,4.354205884737894e-11,3.3156766221509315e-10,6.575078259629663e-10,-3.1036506698001176e-11,8.104734661174007e-10,0.004307108607747523,3.029185791092459e-10,0.0035985639769364752,6.501750249299221e-10,-1.4435386219702195e-10,1.417674866388552e-10,5.677520675817505e-10,1.2946088645549025e-10,-9.474945272813784e-10,3.124805516563356e-07,0.0017268740585687503,1.3599787962448318e-10,2.0480683815549128e-10,8.481059366083343e-05,2.7884912157105646e-09,-3.884508714691037e-09,-4.5054093789076433e-10,1.3153567124390975e-10,8.833467290969566e-11,1.91209892363986e-09,-9.5042196335271e-11,0.00016962064680470235,2.7046098693972453e-10,3.76508069166448e-09,2.0402524114615517e-10,3.1203617467667755e-10,2.1202880991305628e-05,2.949462896140176e-11,3.595914677134715e-10,4.6418158206051885e-10,5.161847893564442e-10,8349.33568455869,2463.902439584914,-3559.3670899557114,-8179.972370519602
