,43784,43786,48639,48640,48641,48642,48643,48644,48645,48646,48647,48648,48649,48650,48652,50834,52040,52041,52042,52043,52044,52046,52052,52053,52055,52058,52059,52061,52069,52071,52084,52086,52102,52103,52104,52105,52106,52107,52108,52109,52110,52111,52112,52114,52115,52116,52117,52118,52119,52120,52121,52122,52087,12,9,7,4,1,8,14,0,10,43778,43783,11,43781,15,52101,3,6,43787,2,13,5,43776,43779,43785,43775,43788,43780,43777,43782
0,6.350203396227153,-0.014576607213530223,40.985893658517654,48.57267640326306,40.9859715938408,40.985797092626214,10000.041608294363,48.57259932229926,48.57274712144792,48.572013215096376,48.572669604086244,48.57259818910097,10000.041829675665,10000.041572979258,40.98577378315296,40.141398922597,2.220409336715238,1.609390605815861,0.1480080523833749,-0.16368443090032087,2.746794264775235,-0.20341957358905347,2.60379673702555,-0.4142189272548421,2.501198808802292,-0.38626176663674416,-0.5669338277817587,-0.19291345817619004,2.1403239734645467,3.5361662896728374,-0.049758217589987906,-0.023328180829412303,40.33900900315639,40.34225506114162,-0.003101829654763906,40.32650358259271,40.341873396123994,40.34522799084225,40.35476874008746,40.33651831493626,40.36237220171606,40.36473840205436,-0.00396707172356302,40.362250518969084,40.35428845319984,-0.004039016920467428,40.33315296302753,-0.022646474150284722,40.00411390497029,40.281715092560624,37.308260488750236,39.70287101172871,40.985787236899725,3.36264192359522,4.177591584932816,0.32538665799365846,5.11435100066592,-1.1159906125307315,5.405773671616044,6.75711921142647,0.006839186910686279,-0.30534548445919246,3.3960539118445014,451.7303051294788,-0.39335535689169776,6.892275946489827,4.969739480851611,8.713867563467453,-0.7892921673783182,-0.24194089515772754,-1.2168314483598806,4.519991510051046,0.05627020157823785,-0.7886130264978529,11.616826375786331,-0.2401430592915858,1.139996434211207,4.985298851595144,-0.013656199310207739,-0.01406537399161607,5.350223579259182,451.7202159478984
1,4.89898660066392,-0.0066843584951129745,40.98589365935089,48.57267677348686,40.98599596394197,40.98579712048123,10000.041607977115,48.57259931954229,48.57274700792162,48.57372318681591,48.57266959443779,48.57260386014677,10000.041829590878,10000.041573363429,40.98577379335221,40.234297301241895,1.932879681167833,1.58853443738044,0.2895498987607425,-0.057449395881849344,2.4942649378775967,-0.13875516178813996,2.337586871170788,-0.3934655654913513,2.2105900713882876,-0.38239563343668126,-0.6336184921703534,-0.059970875656290445,1.8978336390995536,3.3326315895421432,0.42257645245990716,0.15603550074010855,40.35734990769852,40.35794091866701,0.00018694899918614145,40.35935911848501,40.36431498414313,40.35552949569974,40.3616060012675,40.35487880851142,40.36575889231754,40.36808119900088,-0.00037358902494542405,40.36381380424719,40.366613713868716,0.11995363517926308,40.34806417720101,-0.0104780589225431,40.148129888821856,40.348997041027175,40.31005349145416,40.35288006163464,40.98578723485063,3.3785436450125417,3.762785897743015,0.6290384832958807,4.573329867701977,-1.2591787125798874,4.956078357154911,6.50955048432952,0.3836714040614645,-0.09723355725197388,2.95126058581227,233.25980535522686,-0.27572306398360524,5.245005963848962,4.308483878816407,8.713996085961167,-0.793141080085284,-0.0007111678984439207,-1.2057154138426995,3.9558599544251956,1.0591748611388712,-0.7926056126793093,7.625136278355785,-0.0046921347704483194,1.110881541724666,4.448001515529176,-0.005819064895331394,-2.3537722881883383e-08,4.506315779214492,233.25057810494474
2,5.00728361611109,-2.764618693618104e-05,40.98589365963983,48.57267700655794,40.985988223359165,40.98579713869055,10000.041607558644,48.57259931543791,48.57275840136847,48.5732689687371,48.572669584100666,48.57260581040755,10000.041829552985,10000.041573976001,40.985773787246906,40.28674427832739,2.0168518305028558,1.776480204629479,0.3951642321961117,-0.06093099985155277,2.412980425661954,-0.21914039521070663,2.3035790163252385,-0.38396059432707264,2.1632462351713913,-0.36459101267537336,-0.6051873088275898,-0.04294270515383687,1.9049214263563043,3.2694020088543767,0.40408578478964047,0.19035802366706775,40.36245240453282,40.36298600895971,0.0012918518141623772,40.36585108578438,40.36836405028153,40.36169318284956,40.36495990598196,40.3594539024125,40.36834932174097,40.36962368462264,0.0015251736005044397,40.366091687610606,40.369351361744336,40.34303022177046,40.36003341400938,-0.0042508022336872255,40.12368063614558,40.36103919187299,40.344750942799145,40.36375530118821,40.9857872269759,3.8169184539772685,3.9287315713532736,0.8650662972955615,4.5670324521663135,-1.26132657876733,4.875970331093413,6.565339794379542,0.44736879809367114,-0.11919190081243869,2.2437248598609587,451.71956756274597,-0.46644629323709524,5.2478750895752455,4.374887684193654,8.714108394928589,-0.7915434740779744,-0.004649969570314838,-0.04993029378238134,4.155818128545009,0.9812851746222986,-0.790137716817716,7.414926767908037,-0.006223737004620489,2.739863318695279,4.307989084342262,0.00018091569218086078,0.001713053540152032,4.5405815936872385,451.7102016807359
3,5.005162484159518,0.00015469703212147578,40.98589365986102,48.5726772407697,40.98599030878104,40.985797156648296,10000.04160761883,48.57259931081713,48.57274736298945,48.57332637757499,48.572669573974665,48.5726008148382,10000.041829468273,10000.041573595663,40.98577378695019,40.28903991219704,1.988670423453732,1.8031610633363016,0.40954780122556256,-0.05796642003115267,2.4117571678667447,-0.2206246178378933,2.273801223865303,-0.3916816301934887,2.1759911071218085,-0.363809210745967,-0.5979874227865366,-0.04108099968871102,1.8827383603929775,3.214411100023426,0.47347579424531433,0.22945732703228713,40.36212920835387,40.36292964748718,0.001160757077554049,40.36582324557967,40.36830306103802,40.36179074756656,40.36486956687004,40.35900375736237,40.36830628941825,40.36959481944359,0.001426764293414462,40.36598485257855,40.36932606260234,40.333120090728336,40.35993494026188,-0.004530951286302617,40.11459044460207,40.36105706061498,40.34486488216353,40.36360164284706,40.98578722348351,3.9067617933265866,3.973199605786067,0.8987823444069363,4.607497903700278,-1.2621954225498484,4.922012366999115,6.6401633089015375,0.5256601824355616,-0.10820704209882367,2.251461867940088,451.72088824857053,-0.46713341977301753,5.2440507905746925,4.409638738204399,8.714132892535009,-0.7889171762008493,-0.002732664061947709,-0.008334728585032281,4.203341441078583,1.1249494284044932,-0.7865368940880384,7.311723659920972,-0.00373823044646997,2.6056654131811228,4.343192982456822,0.0005290195986162871,0.0038069044356234373,4.567449284090253,451.71028490231254
4,5.562790785948164,-0.0012838138951337895,40.985893660170554,48.57267735162027,40.98598942968238,40.98579717342085,10000.04160752269,48.5725993053703,48.57274571214229,48.57332483481296,48.57266956377357,48.57260181788151,10000.04182951256,10000.041573219596,40.98577378925033,40.28131571827544,2.727753818400379,3.5068453187443085,0.09549174484127435,-0.06324174694018439,2.975971674027096,-0.17647214597382116,2.8417607288763973,-0.40895851337554634,2.6971054449677467,-0.35337085692590336,-0.5944196127267787,-0.04997447119676508,2.4792303515117964,3.961264676632709,1.1837619156765868,0.1717895287918509,40.360355491607336,40.361447469663105,0.00014780633213283407,40.36436555135879,40.367427542876975,40.35995359913068,40.3642398681186,40.3569525486615,40.3678583899251,40.36929157483537,0.000491215065034832,40.365158528165196,40.368928734508515,40.27892910237133,40.35756261485076,-0.006484930763721105,40.10547350784473,40.3583732003608,40.336911946460894,40.36197643502237,40.985787214981215,7.3481532494406565,5.234928602962464,0.20966659638943383,5.723287019631243,-1.237832830764819,6.11330946424132,8.163237930141623,0.3899718325415263,-0.11386187003948318,3.0719834212985004,451.7227901005259,-0.35877850384131305,5.360784575645812,5.428380196926326,8.714676646894059,-0.7831711202926926,-0.011859070159029561,-0.05977920311706839,5.7492592605757675,2.542064723335419,-0.7384506630125369,5.008916509007395,-0.012059490301180632,4.562549230422883,5.39976467515371,-0.0008399187703616917,-0.001422276024823077,5.412305324643967,451.71447649462937
5,5.3252899638653615,-0.005449671264796052,40.985893660621336,48.57267739732866,40.985975080569915,40.985797189071654,10000.04160703949,48.572599299355666,48.57274564485127,48.57203517905437,48.57266955357592,48.57259642116058,10000.041829415522,10000.04157280286,40.9857737816184,40.156449557667656,2.551810178607411,3.2547374244124514,0.09536074106581509,-0.07560402380622691,2.864107443332614,-0.1814130054364796,2.718088137578161,-0.4398980034340639,2.543312329394394,-0.37582126936322313,-0.5302611609178711,-0.08293758608779171,2.323603117739549,3.6270736493519506,0.9238970957347192,0.1518345922449953,40.341875976785374,40.344134053235756,-0.0032222861625542457,40.32387047542579,40.34267307015398,40.34610934851226,40.354961695784006,40.3435948201688,40.36286283785157,40.36618790746579,-0.003593782959837477,40.36263997756614,40.36098744783376,0.03712583016604185,40.339293425342476,-0.018383907523109425,39.997459484233694,40.32730488292873,40.17259560350794,40.30742873781128,40.985787201656976,6.576986735283572,4.857712391027599,0.20984767985064537,5.492676087666768,-1.0798549181010457,5.901861404227384,7.339442057856649,0.37022813494971174,-0.12043663749580547,4.34459945820272,381.1650047921721,-0.34918458774336614,5.2454720111825734,5.1623296503675284,8.71572849309658,-0.7835997114736133,-0.02085576610386448,-2.3363778232684127,5.3262454252071105,2.0740886038013655,-0.7677830126795943,5.310136398450413,-0.020545236660109368,4.367902937607141,5.4194345498879555,-0.004824828494747635,-0.006721556189586408,5.2028991543964365,381.15507399400667
6,5.491937776938721,0.4224931901786476,40.98589366154865,48.572677658315776,40.98599765099207,40.98579722427661,10000.041606933071,48.57259929478637,48.572747292739045,48.57367167860794,48.57266954442078,48.57260408357688,10000.041829333033,10000.041572510676,40.985773762318615,40.29556022973266,2.7015408307750475,3.439367895970645,0.33851698806538477,0.1527421490958659,2.7942382805398664,0.2577290909102885,2.6752124117061613,-0.41397924255434193,2.591990672450629,0.5925948376592715,0.3124433597229654,0.17316874019161332,2.455308638814313,3.6151869652909228,1.0438151252630632,0.3614648454298731,40.36314258089551,40.36356552982179,0.0018789429215672906,40.36671798739262,40.36885457056051,40.363241855318485,40.36525853786152,40.36178697649448,40.36885511027212,40.36997408569732,40.30956874896219,40.36695883931388,40.369770563577184,40.35818005208421,40.36243417724181,-0.0019327641799464334,40.16592575833929,40.36383774504939,40.355119404340805,40.36555552041973,40.98578718508085,6.82855049877835,5.036907884846732,0.6870126003530459,5.374918847889058,0.6488145920913666,5.625207960602711,7.15144530434336,0.7880612805022748,0.3262285920136999,3.1739803579141155,152.4931619683266,0.5514674555248348,5.324256905259972,5.200143048994817,8.719342272442617,-0.7697379400605859,0.4193302821947135,1.3731837661733153,5.513384579433422,2.2318372760276732,1.2536943038769848,5.422306049986219,0.41828542138828195,5.413895672457874,5.0939240681822415,0.42258753422938755,0.42496280314953766,5.2145608370847185,152.4900659131221
7,5.248473696608562,5.253085393967922,40.9858936624387,48.57267766002605,40.985989995826095,40.98579725268412,10000.04160703004,48.57259928889861,48.572747030667635,48.573265040614935,48.572669534254935,48.572602967944114,10000.04182947202,10000.04157237133,40.985773742212864,40.288141312847436,2.4930137122195446,2.5292902035813314,2.5228089058960905,2.4855558756913525,2.5712331712362357,2.455010133248288,2.5942313880237635,2.5592245029562037,2.595278312289156,2.467899692937499,2.5294109286216555,2.4208227660390547,2.488789058108523,2.5644048674963416,2.3977200894383714,2.3931447017152094,40.362053877102156,40.362969326450546,0.0011390776649893796,40.36571993768157,40.368231502859274,40.36184008174896,40.364662967018376,40.35947141599172,40.36827112282772,40.3697285285336,2.136404624064744,40.366194069008635,40.36946840176388,40.34751713291189,40.360953003562464,-0.003340474745187358,40.09132405976125,40.36111514898221,40.34534970712848,40.364268939763136,40.9857871647372,5.246506291440165,5.246758054199745,5.24592350760795,5.247017298743595,5.246363391625346,5.246830781933386,5.246607720651082,5.244643876148607,5.246044614262064,5.246749750430172,203.25211742976825,5.2461286035366355,5.2472661789011905,5.246959849425548,8.722571373208407,5.2459852246429906,5.245313560680136,5.246817123884102,5.246605148051733,5.245544481917788,5.246355656991782,5.248212747514481,5.245193456836569,5.247218353183416,5.2466763983640705,5.253340126074908,5.254114771600871,5.246879988064757,312.7848527528098
8,111.79555195660505,61.54491963010514,40.98589366329465,48.5726775900629,40.985993041426994,40.985797282684295,10000.041606672658,48.57259928237157,48.57274722473652,48.57346213250567,48.572669523824615,48.57260245617471,10000.041829388001,10000.041572729688,40.9857736931758,40.25086846877675,46.88676942919265,44.353688684583176,31.5366768688662,29.689413710798544,44.00830929223739,33.36215836722695,46.06666349220031,31.500211926444898,47.517424259288234,41.27927926181146,41.47743150816241,28.926869618053026,43.67176841013861,42.388257252643236,8.075305707707594,26.293208665263954,40.35792768835963,40.359253493828874,-0.0005338336584527175,40.36450617818482,40.36694030632789,40.35713146024209,40.36152591064747,40.35155061630358,40.36706674968154,40.36862291262078,40.060737716386214,40.36392110408924,40.36836201021506,40.34507819559367,40.3538706557345,-0.003135534619496452,39.86331465341645,40.35589492535655,40.33156823060417,40.361936980199246,40.98578714333935,91.60148660766863,90.76264029438607,66.21605616859306,91.72794022871967,85.03631273712963,89.14018876707851,85.04713288082421,55.99031987145382,61.29488421829984,85.92722774021095,203.31743013153027,70.28930488691113,114.0732638762609,94.8322758515664,53.5972008372921,61.47805177604109,60.21142121044776,79.43598270253133,95.79779630736569,17.307881268772555,83.85126420892452,158.09341287893184,61.418834953274924,203.30686338298693,90.81639150494156,61.544956274756984,61.54375253765611,98.24795371322834,203.3079660352625
9,116.64229190223269,85.21376630822633,40.9858936638836,48.57267758392262,40.98598561753897,40.98579731003596,10000.041606676461,48.57259927430048,48.57274761072931,48.57294125113985,48.57266951291273,48.57260112978547,10000.04182930308,10000.041572731603,40.98577361547926,14.238204389199382,50.062853326163896,45.32799235916464,44.276088351928045,42.64771288056945,50.39091518496862,43.8306179505802,52.86805864258931,48.69914284222614,55.11737326433067,45.74019620884646,46.94514304345212,42.251471954931915,48.49215763107641,47.971581919708115,18.196985655400205,38.44842686656193,14.290188608376775,14.290666196364327,-0.0024891842575787944,14.294054412549304,14.295216778969916,14.28962193867046,14.292015727094258,14.286498623857915,14.295522623197758,14.296399707555247,0.00021630505194669415,14.293760219830437,14.296262567452505,14.281508591762394,14.287460023172025,-0.006497698381732417,14.116348324873252,14.289589607866947,14.277497213149037,14.293011266490794,40.98578712419238,90.62217170874355,98.98965999544161,90.44704003880034,100.38017645332147,94.54495203472615,98.34295720192021,94.55471190360113,79.42947784290148,85.32499888349422,96.96193442160293,203.3060118143665,89.68235241442599,120.065104976992,102.88743124103704,53.59777373315707,91.5585097936996,84.12094782993331,94.82650918441068,101.35587553801896,37.520804954939095,91.56377124235442,160.87387881646865,85.20006025635521,203.30556841626384,99.91841934352269,85.2138770776146,85.21402196640993,105.99484093832434,203.3091999188342
10,112.74769292276032,81.84398112050403,40.985893664594194,48.57267752043977,40.98598122279509,40.98579734233318,10000.041606280412,48.572599265698635,48.572746520910144,48.572413689573295,48.57266950238623,48.572599723999154,10000.041829213227,10000.041572526441,40.985773650229035,16.352534339051637,49.96443734063068,44.96615432870021,44.384274586504034,43.938750943288326,49.19342657396046,42.684147841205416,53.07592421804875,48.64834298909845,55.166931330769145,44.29231484078336,45.72560243365005,44.42962252443249,48.63154393706937,46.70431761317595,18.6300129246898,37.966862118973225,16.441096352900786,16.441203213523842,-0.0044203906315812185,16.44703912838013,16.44902575762826,16.439883618382737,16.44387929981458,16.434423715653246,16.450040610194264,16.451183440105524,-0.0032027590647569423,16.446639704011613,16.4507961937692,0.8173492974019609,16.43021116116288,-0.012946575381853337,16.224266628286568,16.43764352058788,16.41371704522171,16.444831228913973,40.985787112638796,88.00778223438101,95.96215095067164,87.8412974194478,97.28303314436198,91.73502743615681,95.34557032195298,91.74251215491094,77.36679365997556,82.9708051692019,94.03206150219485,201.61152925906646,87.1118832412496,116.00054878904629,99.66770364033981,53.59795668318893,88.89757486368138,81.82635807981652,91.99754113784729,98.21164486183531,37.52378845660537,88.90040320709458,154.80240964499535,81.83390102231787,195.1439451969316,96.84392223621398,81.84422968671424,81.8452153919061,102.6222108746093,201.61871370386217
11,203.26837855277117,203.29215642713388,40.98589366640785,48.572677553892404,40.98600919895252,40.98579738516228,10000.041605948001,48.57259925857536,48.572745580107444,48.57371573582641,48.57266949325179,48.57260842304095,10000.041829293432,10000.041573289305,40.98577381481353,21.151719948732353,105.23653577575897,103.77091715331044,104.77204468576528,109.14455643509719,104.93318147077225,101.08787121227797,112.13885141833597,110.29776182670466,111.73214175513712,101.51477062044577,102.10021617874591,111.02761479833717,103.76189510311232,104.53306674521737,105.09583720241207,103.65396776010748,21.20148161091347,21.201964422244053,0.002969059354597748,21.204137377745063,21.20545905471663,21.200501230596274,21.20294549431419,21.19886153108964,21.205584605514012,21.206322442986128,21.189457476194367,21.20398553639534,21.20625786615856,21.198700632403778,21.19966942191677,-0.001594936696420922,21.092359507056244,21.201700532986433,21.193034821696347,21.20352659678174,40.98578710819609,203.25906236062292,203.25809170873254,203.25892927097973,203.25567881086755,203.24805164988356,203.25296118825935,203.2491753454029,203.2541477257534,203.2477059671032,203.24974197242554,203.2731611348092,203.24072300019907,203.26396835369087,203.2581514877597,53.59812474283259,203.24396539865762,203.24901004465602,203.2469642945085,203.25820468273218,203.25922992754036,203.2469018094028,203.27822408100036,203.2791254999378,203.28313871552672,203.2542398901409,203.2922821961809,203.29194164935035,203.25889958491751,203.2683696258624
12,202.99085321935416,203.28128140427435,40.985893668916376,48.57267752563252,40.98600396847032,40.98579741075919,10000.041606439283,48.572599252334506,48.572746137841584,48.573393751199184,48.57266948350705,48.57260599253932,10000.041829203905,10000.04157301135,40.98577387692787,24.872460072961985,100.87686333063466,98.5641363864066,100.15512963522778,101.78471683506214,102.15589711098,98.5294754784336,104.98123307464994,108.02036478340888,104.07512894593819,101.56936744873965,100.19068074460957,98.23949438402633,99.14028849681199,101.52837070886308,96.91775751844398,96.99134437497851,24.92895093512052,24.92965339354705,0.0013896171136891747,24.932765391792053,24.93426440882904,24.928433783483342,24.931261151182117,24.925638714016532,24.93446034896624,24.93544469657936,23.879301938721618,24.932661657565042,24.93535499009304,24.920751928785467,24.926049523950496,-0.004611798502867218,24.76739668654045,24.92914373367821,24.91728960206092,24.931985414338122,40.985787142517125,202.9883683066102,202.98502560733468,202.9882999683119,202.9778912561509,202.98775757348486,202.9768669249388,202.9877335642086,202.98844751079378,202.98807629020303,202.94865351449843,202.98251937191526,202.9877286042378,202.9723843083804,202.97967101379234,53.598215904811454,202.9873531906041,202.98819100672256,202.96910284863844,202.98541041706986,202.98985645111173,202.986977424956,203.00172116200412,203.26347917628883,202.99364027037663,202.97181262882515,203.28187887977984,203.2816211315265,202.97718326972534,202.97549717570365
13,203.28249302371987,203.29712276149658,40.98589367089824,48.57267767570727,40.986007184506164,40.98579743596226,10000.041610880508,48.5725992797447,48.572746318190994,48.57369251407654,48.572669473996015,48.5726062647329,10000.041831528322,10000.041575075327,40.985773863463265,20.81391498617013,103.51227285020141,98.69711678014282,100.98320102558645,101.62090571536973,107.00114386440255,100.32400951413437,110.5934801065101,109.23813664215996,108.78537668120698,105.77184672559233,106.60571903036762,101.20887133011566,102.55720451423694,104.42020652380161,98.08151085847494,98.11450112360762,20.865098311100155,20.86582214023074,0.0017137020480907858,20.868553540178983,20.869841871925747,20.86460424305551,20.867135733434406,20.8618598432804,20.870000501371397,20.87076210736268,20.83639450251794,20.868379738643124,20.870695638078907,20.861765251324687,20.8637328946701,-0.002447889589196765,20.732991535372275,20.86578847806377,20.85566883151041,20.86790795531124,40.98578719386633,203.2695452142856,203.27133934611047,203.2693593735998,203.2728091993864,203.2728185207743,203.2730463326574,203.2748543277572,203.26490492504527,203.25919339449533,203.26934247989703,203.2704436873668,203.26418650152192,203.2743096836435,203.27242789140104,53.598254163191896,203.2443096060459,203.26036030654217,203.26370527055406,203.26985871797072,203.2685098694513,203.2785397485514,203.2819046786608,203.26863516916347,203.277961592692,203.27250435200986,203.29811845094372,203.29767157378228,203.27271506714607,203.26312838534213
14,203.66790867608506,203.0762850822648,40.98589367150376,48.57267762227316,40.98598891292495,40.98579745105096,10000.041611666713,48.572599269555894,48.57274732820035,48.57246563092485,48.57266946213486,48.572600136024995,10000.041831427574,10000.041574734598,40.985773925138616,21.47214770354476,106.99329989912367,98.24342879000469,99.97161293708196,99.86659025120898,112.12225614753261,99.9166567959226,116.70625628109846,103.4387458471203,116.24679609695741,105.95613847173664,108.97970390458067,100.41359100738191,107.01897255919467,113.64329791661439,97.52973639954143,96.9540307424104,21.527404824097175,21.52827334768808,0.00045148736944704423,21.531627825788746,21.533017286400717,21.527286583575187,21.530052358817194,21.523137141820918,21.53319316739071,21.534052068472374,0.0012074753520205865,21.53145173414523,21.53395768479095,21.521553705500263,21.525129678865778,-0.0041261855650348315,21.375889978007763,21.527401157811983,21.51590606045793,21.530944539756455,40.98578722970766,202.9881448360844,202.95601154791657,202.9880205769412,202.97590447927215,202.97267548711534,202.97562631318578,202.9732331509702,202.9905879962194,202.98432224517555,202.97473515481397,203.0581976955087,202.9811355337719,203.0482541976162,202.97877224239505,53.598250825749815,202.97680937684032,202.985534542473,202.97391815400042,202.91857733683554,203.01520263141208,202.9770966631454,203.24768122847019,202.9873219864152,203.06845406466746,202.97839763742815,203.07673907963763,203.07521429666957,202.99241124763066,203.04832547034601
15,193.9749718694249,186.56766852313157,40.98589367104663,48.57267772180885,40.98598883201339,40.98579747565986,10000.04161113183,48.57259925711205,48.57274755378395,48.57316323416016,48.572669450571055,48.57260263683274,10000.041831346212,10000.041575668227,40.985773757581455,40.201709368363666,103.0533309621591,95.3686500689364,90.50525633025681,86.59935168826196,113.31077777591854,91.72743670843192,116.95693951965222,81.17293283082981,113.09331640688033,103.64139238538337,105.23459581090574,87.53773269094381,104.6925029408114,112.36630108391691,90.4663873967831,87.57165422734397,40.34428669594199,40.34538201658579,-0.0019713352008903827,40.351192869515216,40.35331792087818,40.342525063290665,40.34737793147069,40.33372839874355,40.353894266227144,40.35529423884873,-0.0009435655755547431,40.35012886572222,40.35503647988662,40.055604985381066,40.330304910406994,-0.01119530103490024,39.98799539246829,40.33725488044147,40.29868924941839,40.346842111891604,40.98578723539748,195.20474286428362,194.23104808078932,185.58795514854864,195.7171901250258,196.4886904321771,196.81376446600044,200.33464558754787,183.19272649987917,178.79674612940386,193.473725324354,194.12627853197628,186.1690921710222,194.1140222248563,194.78331259651728,53.59820759880083,162.79308737977928,179.69412775699556,186.55215755976678,194.3899977664224,188.32587378980153,203.2639973659443,192.76532713017224,179.6940976161277,191.4493766538886,195.62271718277916,186.56794104751316,186.56298956573156,194.7303619376631,194.11609698607498
16,201.99460413283379,198.9348084533878,40.98589367092164,48.57267786950892,40.985999294894285,40.985797505047195,10000.041610897078,48.572599244363666,48.572747252448714,48.57374500817823,48.57266943924299,48.57260636595747,10000.041831270766,10000.041575457373,40.98577377438327,40.2483705622537,108.29252116980933,100.83292219104332,94.13805914914118,88.9519762684824,118.66754866535193,93.82905239865359,120.95659816758416,83.11164001794677,117.5384555529221,102.9339892132266,106.83382088721847,91.05125211674022,109.68861280335113,120.332056694536,94.60844661288866,91.02784652842092,40.333691712582365,40.33408092846512,0.0028258083178260883,40.33609835213283,40.33748404182843,40.33214360573474,40.33488693995169,40.32971113845415,40.33747560766496,40.3382156670923,40.31505861178448,40.33553302041692,40.33813419558719,40.3279682420296,40.328535325147094,-0.0018980735997067566,40.11726806319639,40.33178697710537,40.31926463351556,40.33485404621606,40.98578724323145,203.4355047958874,202.31928752523237,191.76797120083793,204.35350833925185,198.12660879727483,205.89923457261904,211.6036364091502,189.35235822220517,184.70111732443704,199.4757254278855,198.92798576227506,190.81614953361859,202.20504217360138,203.06886763438786,53.59811933405035,169.57034238574926,185.65049760320747,191.454462750745,202.49814608802473,195.18647207171662,204.9510175245918,200.53512223069555,185.65079927830521,198.9361052310589,203.9487968879577,198.93443287076806,198.9191344986728,202.98134276484052,198.91790877038437
17,105.39720091652416,96.62104286243849,40.98589367064783,48.572677923948525,40.98599441661499,40.985797521158354,10000.041610453485,48.57259922948568,48.57274700803199,48.57363570642774,48.57266942719929,48.57260479483521,10000.041831180424,10000.041575138881,40.98577381026353,40.31712851711927,55.67202105084725,47.766199327762294,47.67257043041027,30.80822280345601,65.86417325024232,45.83717483663641,63.809552771237215,-0.6697874471836258,60.984393257828195,79.83191849442228,69.35850127386657,32.73640749028709,57.54658300293231,72.62527825889701,43.820630203346084,39.3892963524544,40.364885209343626,40.365169183094984,0.002630247831418635,40.36789739615924,40.3693078685159,40.36534254940634,40.366050430442556,40.363475668833416,40.369208257201535,40.37006738980271,40.33318822597503,40.36697934573167,40.36997494392563,40.357188822922765,40.36279894759646,-0.002171402643873559,40.22277020086767,40.36298231539113,40.35396959213831,40.36562854646763,40.98578724963697,98.29062639081239,110.00117231843178,98.2658689120537,116.75850758770976,134.33789291886495,121.71593583470967,134.30826724215876,83.32037115800524,65.01702847082197,114.38104825100163,108.18736935658816,95.46613104759744,108.17715285716258,112.36289798423677,53.597948330240705,-1.3473734613410768,68.75360435815936,91.28292377246107,106.61597336625405,92.62373445650157,162.92062535531824,101.8672529151052,68.7537078698806,96.61392140682874,117.52425580943819,96.62101116226259,96.51953288946825,112.02336738778831,108.17719117539964
18,110.21131601877569,95.14397899098257,40.98589367031794,48.57267791732976,40.9860023301153,40.985797529973965,10000.041610373159,48.57259921311385,48.57274689270503,48.57370479069213,48.57266941479438,48.57260683814675,10000.041830738804,10000.041574956274,40.98577381356422,40.316315071903226,59.88604728604696,54.127797734491466,50.66404569497972,25.158520224109814,71.08568360435311,50.38364009655343,69.68800564102276,-0.6833054427057504,67.35983969204972,86.96744052012654,77.43356315445708,26.9718763306606,63.732973453773596,78.32996519404551,45.048666730572585,35.392193679048795,40.36486346344318,40.36512757718155,0.002243781416783684,40.367824740127254,40.36931476462487,40.365188831220436,40.36612332081131,40.36354055796401,40.369323451767556,40.37004899004678,40.32237358249695,40.36714788473182,40.369965818959464,40.35638897887402,40.362682618440886,-0.0023607640991338092,40.215012388314065,40.36294362873159,40.3533220169018,40.36552615464607,40.9857872528887,105.3755199504798,114.79387363400456,98.52551261397166,121.73340870950196,139.9512041462498,126.8607180136838,139.9209259027586,72.52353658142638,51.84779282043517,119.20311005806725,112.69766310946288,98.96459876585577,112.68765119260934,117.18132666356078,53.59765311206578,-1.349793041458355,56.068670609077785,95.12940404061374,111.88777819820348,91.3105501885523,169.69888827171164,105.35699938440084,56.06853142007894,98.95508129515365,122.50848761935049,95.14386115497037,88.67396265841816,116.79675853045337,112.68760015005827
19,13.83772478576866,5.299571386049502,40.98589366980996,48.572677967896944,40.98597841184964,40.98579752246982,10000.041610014032,48.57259919442211,48.572746730786946,48.572332862832994,48.57266940144117,48.57259815619327,10000.041830655256,10000.0415746287,40.9857738263767,40.2266085625015,7.729088691018115,6.14733339517552,6.1330534238994,2.717887164375861,10.893949438765413,4.068105698184809,10.062332141764637,-0.7170188986463473,9.088924538280116,12.840207038166408,12.632478891352367,2.5423685951987864,8.672113301287755,12.93698695068888,5.64113634241221,4.351391787348257,40.35785398752487,40.3583286312336,-0.0006372472629879555,40.36056111522048,40.36522548994253,40.35691226691851,40.361799903729114,40.354166605402135,40.36611241414939,40.36828478239331,-0.0009286351860254311,40.363603729782334,40.367353530756375,0.5802354106825078,40.34957998116006,-0.010545838544499832,40.064225833586534,40.349555559676084,40.29237965321081,40.35511188347009,40.985787252937534,11.600701112170645,15.059896613079763,11.589531131790135,17.188329375295144,21.899658695133986,18.67767671527836,21.891828605587943,8.686797771545852,5.430804170269088,17.7768242288279,14.728160965591087,7.579603635192325,14.714951998880133,15.850488665749925,8.983144927534102,-1.3477779809919255,5.29073942855291,14.229840979244909,14.094334513143755,11.22016930964371,23.501424143006673,13.093140213208972,5.289930000032473,11.805949798632355,17.630590123341243,5.299774368596263,5.298934547539102,15.79411580652959,14.71936209648411
20,4.239681659356575,0.0817962855231599,40.98589366972223,48.57267792322875,40.9860004717033,40.98579753170246,10000.041609715063,48.57259917661047,48.57274662226212,48.57370169266942,48.5726693891256,48.572606685191566,10000.041830567807,10000.04157422102,40.98577381961528,40.27115090050647,2.3971757960011018,1.9770163830849925,2.0067917356136604,1.2914972984639461,3.210241691493138,2.261367633011832,3.0068745715616387,-0.750086044955242,2.715103349206038,4.709123654309951,3.679027935246995,-0.012377651238057296,2.6425595056643942,3.722080138781166,1.7466675932140787,1.2432882486653398,40.361659106904696,40.361378329928264,0.0013391871389862738,40.364387848504705,40.36705775888113,40.35960766626086,40.36457480458048,40.35824231151928,40.36786476307898,40.368955465900946,0.0006850496491811158,40.3646948574431,40.368826239259214,39.52376359712362,40.3546575551969,-0.0064007271148229985,40.15610202370881,40.35709697989951,40.33312071736873,40.36078898517153,40.98578725246169,3.684705915839004,4.5584446467953965,3.6817513484551454,5.076855076357606,6.303816424506659,5.445762007826124,6.30227748289617,2.446493429289807,2.472748743738999,5.083623220284062,3.7453112837087246,4.089690067662741,4.453583420994983,4.7465872933255655,8.719767184516176,-1.348133458554154,0.07324309991625658,3.8354009918519294,4.312358920559955,3.492092698906956,8.129726794664203,4.0274278173266795,0.07217919035319938,3.6832425961692934,5.163755618715368,0.08230126652342733,0.08111600509873824,4.7280702608724825,3.7352608276574757
21,9.143551729807223,0.12075334040564485,40.98589366946585,48.572677745517204,40.98599561409937,40.985797523587,10000.041609500011,48.57259915748001,48.57274693102151,48.573717390913224,48.57266937549464,48.57260526178434,10000.041830374763,10000.041573762626,40.98577381623577,40.3072222288567,3.020553908504371,2.05948059095972,2.1060528007437824,1.522995813281159,3.320944015479472,2.3452750075855873,3.09054656932567,-0.7559667716428521,2.7355629978788785,4.783296747834538,3.73820248645643,0.026909647419233806,2.967420724254043,3.8817419354687446,1.6554983266192722,1.3396341262196074,40.36426884249231,40.36475484072143,0.0036964318271467908,40.367666352068774,40.36941363349615,40.36438295939151,40.366074864988335,40.36400437999255,40.36929594539397,40.37004625776899,40.35450119602901,40.367551322857615,40.37003014426591,40.360423510678814,40.36289141108573,-0.0002881218352523779,40.2438156650489,40.364394551741135,40.35747063087765,40.366166372517185,40.98578725361209,3.832490602742473,5.138877053682518,3.8293640187359417,5.345351243008918,6.561340121710964,5.694485246780095,6.559534622590581,2.6056145512662408,2.8572579307932755,5.303195054984826,3.7303879835817497,4.259520107967546,3.720053951864247,4.9928393299568805,8.716850982814732,-1.339948804762054,0.11264028639365915,4.013431487379421,5.4410782580132535,3.253637507263364,8.310169975426348,0.46702507914305896,0.11135399270133348,2.712925571517553,5.383849969218136,0.120599185093306,0.12007844845647923,4.7786822095557,3.7203460845295924
22,0.13372655142156872,-0.06352413730201079,40.985893669119164,48.572677473596706,40.98599358448846,40.985797503913,10000.041609013562,48.572599137529366,48.57274678774491,48.573636600820464,48.572669360983724,48.572604610497365,10000.041830272516,10000.041573982779,40.98577382264105,40.305240092893655,0.06542181395343505,0.012102488031086978,0.009662859280069824,-0.207250382003258,0.19394957476324634,-0.019641942527960053,0.1500472604864626,-0.6711498900855076,0.10795815825695172,0.3999875743582379,0.26510021518624854,-0.20424929588334634,0.10014758870383958,0.2677268451778218,-0.028200573509093375,-0.08720657466037665,40.36275563123199,40.3634583445717,0.0024261087890596876,40.367467102149384,40.36924507012154,40.364282600182925,40.3654907499018,40.3621071970425,40.36910979482927,40.36998649805609,40.34596722872084,40.36739978465339,40.37000809837919,40.35948184809822,40.36275091263233,-0.001653931368378017,40.20680014352401,40.36419470550027,40.356273893926115,40.36604090705805,40.98578725760912,0.028599622911133337,0.19006020308006555,0.027753631820087322,0.30015233821904985,0.48829180254688254,0.373412974976236,0.48813186143524945,-0.15656496280324955,-0.38732083355425856,0.43038178751885425,3.7331872963157364,-0.024416699129506014,0.17609085348522058,0.23224004090192887,8.715197382828157,-1.2177793419968972,-0.34152174999350693,0.5141780085556092,0.14536091414590135,-0.0006611817915407215,0.748289127833069,0.09407318274897988,-0.3416066807389143,0.03122423152817646,0.33766478907928105,-0.0633725214007427,-0.07124556999769993,0.2310250823313254,3.723702160920948
23,0.1361448287643725,-0.3610517956360127,40.985893668679054,48.57267712623725,40.985999010501835,40.98579747534792,10000.041608835989,48.57259911695834,48.572745491004056,48.57374055931432,48.57266934579371,48.572605823675985,10000.041830229457,10000.041573447541,40.985773829078994,40.30256670967064,0.06516954057005933,0.007329212207696401,0.004400886069925036,-0.23844803991523805,0.24352640056895325,-0.04502301820757566,0.18756294651684585,-0.7338510124827735,0.12680841127148595,0.35420318541437157,0.2742136016924633,-0.2315147984350915,0.10485252366343048,0.2786586854985217,-0.03518542908132076,-0.10219785536319251,40.36365811220021,40.36405693877168,0.0024129155054582853,40.36738807114743,40.369255548414365,40.36431857721182,40.365710076710094,40.3622726983318,40.369164958309554,40.369979316930404,40.341655204218114,40.367328744231784,40.36998215801141,40.359054159249354,40.3624790996415,-0.0019724090874796763,40.1962299863575,40.364177735592236,40.35566035023076,40.36593725616986,40.98578726547296,0.019415557106549387,0.19663769524631788,0.01732201611448545,0.3395957481916412,0.4902410893279011,0.4283296486799372,0.4903696359702735,-0.17772280655097733,-0.42180478691069573,0.6718192008396727,358.18864032843993,-0.06839032747229794,0.1873644762323238,0.25427246825744565,8.714592998974384,-1.2644051040412907,-0.37494711922306123,1.2342394529434386,0.14804129310792916,-0.013566110952671084,0.629273358500734,0.09312884792016121,-0.37518460483115634,0.022637440577091182,0.41342457933787957,-0.36052396447339563,-0.3624817796779098,0.25643482993909855,358.1806429690623
24,0.1509349897474749,-0.05504924526467221,40.985893667971276,48.57267665354236,40.98597245134297,40.98579743040434,10000.041608463169,48.572599095205426,48.57274737986921,48.57129166839004,48.57266932946344,48.57259878084587,10000.041830110013,10000.041572844202,40.98577383888629,40.20331492865662,0.04754405210260302,0.029383443082042503,0.026055124135746156,-0.05996635603369214,0.1852112252250663,-0.07051562702545197,0.1474547373742098,-0.1573694960286957,0.09769516706292052,-0.13226422510197153,-0.1750952916117967,-0.09985428781656083,0.08589688623615074,0.3017896792414831,-0.038849290562211536,-0.01969827491993783,40.35414831867238,40.34994725377474,-0.0013523623998246998,40.360168963926846,40.35483875609498,40.348504824654086,40.36134560288629,40.34470200374344,40.36550287551363,40.36565635712323,-0.00252289030185118,40.36379969713162,40.367542424090786,0.10610662374965614,40.33651132583473,-0.013500485545368998,40.07118502513331,40.34947929701157,40.300230832243685,40.35498951221962,40.9857872776126,0.07538751623942516,0.18276836010772968,0.06909667211002671,0.27288832219783216,-0.3111249267400126,0.32884187123418085,0.5600820102132275,-0.00014623592603514867,-0.08681455966967828,0.038140332771581596,358.18712204635085,-0.11693642239406472,0.1799500325039844,0.21606222817495863,8.714474612093104,-0.2156687752921425,-0.069311634720996,-0.14657771414058515,0.153942516974225,0.06061033913644811,-0.21228759992064608,0.1359344515731209,-0.06884989874815801,0.0833097747177817,0.24735404273233144,-0.05482865592493909,-0.055205355730140585,0.21195860601146704,358.1778881641032
25,0.13902986330213024,-0.06040272411773913,40.98589366754105,48.57267655231209,40.985990704641154,40.98579740277243,10000.041609659918,48.57259938913119,48.5727479020796,48.57284389195702,48.572669724377434,48.57260624908813,10000.041831329581,10000.041575729458,40.98577385813278,40.25368161100632,0.042810638771334196,0.024839238527056294,0.02339052879542578,-0.05359558781638043,0.20360451774613467,-0.062207440414931627,0.14430286705464823,-0.14376204849831992,0.09285258456948213,-0.12176552392775193,-0.13417461731296498,-0.0856686623810674,0.0725041381214396,0.2127200352901127,-0.027439754316583277,-0.015182014579477255,40.36092220966093,40.35950155529572,0.001215187851323013,40.36381143734034,40.36498553610291,40.35691637378768,40.36422850010713,40.35482739382278,40.36725553954602,40.36820050313982,7.144414172988167e-07,40.36467091669183,40.36875921939063,39.96567888167774,40.348871697540744,-0.00807784889753203,40.15295357085415,40.35759108376078,40.33477747270663,40.360592856275616,40.9857872932863,0.06584890059457393,0.16589791890291963,0.06270267522631912,0.29069043941562994,-0.24907317200268153,0.36520441636967005,0.4106984006633866,-0.005102458130561527,-0.08973063922138283,0.5840026263031177,6.020142420781485,-0.11387288940750295,0.18023611387907296,0.21974389730183116,8.714313063944777,-0.2202549146956561,-0.07266461440910703,-0.9969020011063549,0.1400232683318397,0.05121806772944816,-0.21859072529105056,0.12800879167189122,-0.0722747756735771,0.08855836218426702,0.3552793442722759,-0.059846268511319065,-0.06069118356826948,0.22468570908386026,6.011017103170161
26,5.0115044325764755,-0.00028650631138589234,40.985893666803484,48.572676236560405,40.985984046141674,40.98579735972576,10000.04160945505,48.572599370615045,48.57274781392598,48.57239234973677,48.57266970908311,48.572603978068216,10000.04183112932,10000.041575181835,40.985773863719594,40.302253783511695,2.0879898624756605,2.589212755172048,0.9535683994428836,0.06709865829907358,2.2682695200433955,0.5659186150180175,2.0347934971447104,0.21475168716278858,1.918182337617327,0.8868985506269382,1.0496088594547472,-0.037503139370528515,1.9018137511025999,1.8759260951017496,2.4009613298840122,-0.3038969749643002,40.36314413661457,40.363065017550255,0.002319590588483528,40.36726216803508,40.36880298046017,40.36248949234577,40.365545231486614,40.36139789524314,40.369046147429614,40.369838328342304,40.33400066853064,40.367172571750416,40.36991253543529,40.35878446534334,40.36146019551379,-0.0023441613422271424,40.214395120606056,40.36447274444363,40.35562696683628,40.365741204591174,40.98578730906365,5.905785601802927,4.395371379506832,2.1221829329937463,4.4638756379063125,2.1689926700637443,4.419171464028477,3.9694355194966193,-0.65215199015455,0.15717324540164554,5.233281472460658,6.0552775832460615,1.2541515774151777,4.869040514442895,4.503991810354023,8.71420184425551,0.48277153814340823,-0.009225711901149037,-1.2272090211961768,4.84933897431794,5.391399896753201,1.8373000140480684,5.477175702605746,-0.010034734713553917,6.031427644426003,4.587265979495714,-0.000244190295052249,8.612006931798532e-05,4.5836887232479055,6.045850493884063
27,7.032448018805008,1.3402284945346765,40.98589366590178,48.57267597313683,40.98598478864587,40.98579731174413,10000.041608989191,48.57259935355496,48.57274812236987,48.572442404116735,48.572669694090045,48.57260429319285,10000.041831006823,10000.041575418958,40.985773867480304,40.29902443706815,2.20178619385988,2.568325071738218,2.6519336560551894,2.631502118406934,2.242040563575574,2.471218692540424,1.933811911979865,2.4831426286196803,1.6455583672883223,2.461544240798685,2.209227217060106,2.644093146707746,2.111420314607676,2.270013198981178,2.994654289769824,2.747757154573628,40.36302705011476,40.36297178342356,0.002193685314670642,40.36727576172707,40.36868186829088,40.362470739397395,40.36551025551453,40.360314933705375,40.368966370413546,40.36976507666695,40.28843678263511,40.367035258893154,40.36985706331325,40.357767956962924,40.36099819966184,-0.0013985439631528846,40.19038131792913,40.36403888722562,40.35426852882083,40.36546090609627,40.985787316361744,6.094418407282501,5.014230200303428,6.093584449826449,4.39108777782676,4.828076378670812,4.676533616433153,5.066266018399619,6.044219421656732,5.739764753938653,5.312614431668772,7.898666168884665,5.581068641036109,-0.03570782795577543,3.9670832598329597,8.71408650038311,5.347678103240171,5.801649727493148,-0.011380451818695292,5.286633326595425,6.710527563309924,5.348822361085343,12.084271486218494,5.3418915173402635,7.8982972949714165,4.469337282620836,1.340034243487753,5.347192274787813,3.2258036965373322,7.8891230633933445
28,5.998660181618471,1.3428776472399477,40.9858936647937,48.572675751634776,40.98598468725686,40.98579725727021,10000.041609122958,48.57259933791953,48.572748159096946,48.572434870483995,48.572669679347754,48.572604194257295,10000.04183066756,10000.041574901932,40.98577386411402,40.29122371825506,2.326650223741308,2.4503275889175713,2.603402630939672,2.4613421340138304,2.5015752856983453,2.0257753297133605,2.355687945781392,2.4700670254896977,2.253314457841043,2.418167631344113,2.2908991393516773,2.5517500915637354,2.2873175021421046,2.2109493634314275,2.6963817485317123,2.607341330187046,40.362687621211805,40.362263052779596,0.0019299961622151738,40.36679576614115,40.3679479173763,40.36049451754807,40.36522050816711,40.35821406929317,40.36871873841883,40.3694095589788,0.0016310522685534172,40.36660821953119,40.36970566038508,40.353965668818276,40.35837646397558,-0.0025465723342357723,40.15285344418662,40.36283755540789,40.350489304646906,40.364647635740404,40.985787314143614,6.153873368355562,5.722478554223199,6.154784335580189,5.448967342545802,5.098520852113142,5.322840217554767,5.099485953578551,5.820433481112884,5.396711660933467,5.309091330206138,8.033689896973375,4.685314785994706,5.331544686637062,5.550716149448503,8.713918616580338,5.347180216512467,5.483003442621661,0.04072695141367148,5.8369488493840604,6.125749067397691,5.346637795276463,6.452936544489058,5.481306695412786,6.219043323885126,5.385658830315515,1.3428443138647708,5.488390304901986,5.491974581584509,8.030292422477213
29,4.740284016855003,5.062584917462663,40.98589366348263,48.572675570912494,40.98596920650889,40.985797196183015,10000.04160859246,48.572599323697474,48.572748145736064,48.57062102953641,48.572669664911714,48.57259936963819,10000.0418305382,10000.041574411884,40.98577385532078,39.85620565661229,1.573050880570372,2.108607164816931,2.142159996976261,2.3449229575053323,2.0520787169967662,2.045895113964798,1.93769098319317,2.2943576732184736,1.843515276745893,2.1814460812078322,1.9064863649648032,2.3044140265861643,1.7757650710074813,1.8878700704924996,2.418616600059613,2.334762247146864,40.32712776852422,40.23860359542014,-0.003202929894502182,40.34950032572233,1.8289420780492947,40.31758853481442,40.3554175981335,40.26477036668511,40.35930906652793,40.35996118152834,-0.004391938341080925,40.36292998166755,40.358167153388784,0.0009146216600667403,40.32376333862776,-0.015055586693499125,40.01016398310749,40.31329690646671,40.106875661897355,40.30228507156571,40.98578730533943,4.936434118902253,4.452355265323422,4.937226242823817,4.590547675559355,4.494488679805363,4.568990404075885,4.494876440732332,5.068080532356947,5.061328077014144,4.598511506685464,7.917937980954593,4.9811714712093815,5.243956744503521,4.633719774382936,8.713852615010484,5.134053526220346,5.06253488902585,-2.432842979353154,4.077237731684818,5.408878199980902,5.133249960582429,8.36361843758641,5.062877796670364,6.262192746244546,4.607980851274624,5.06317290950683,5.0764507073967255,4.751577765552793,7.913601961609674
30,6.591325659661379,5.3421338585787455,40.985893662480535,48.572675683726686,40.985980756428035,40.9857971582865,10000.041608222837,48.57259931224242,48.57274746703253,48.57194298428512,48.57266965208514,48.572605932268196,10000.041830334982,10000.041573953284,40.98577384683989,40.29416584967403,1.9535264103280496,2.581635701692721,2.662269514754007,2.5798923596274106,1.893283875376801,2.489673549197323,1.709624919484486,2.4732923715666404,1.5042838399662286,2.3156680968546426,1.964492123189848,2.666980527242413,1.8816941706900252,1.944656438549282,3.0024942438467406,2.7095940369952585,40.3627532168277,40.362686886588925,0.002447796810594176,40.36656020525989,40.36767354182375,40.36016103643924,40.36526203330432,40.35824337063241,40.3688690710318,40.36963766469271,40.26192936324369,40.36750266481249,40.36984104587464,40.359458426320636,40.360223005792065,-0.0006459653266096016,40.21474012871185,40.364400149883295,40.35679016247305,40.366023197662436,40.98578729169035,5.770285321377742,4.6869018051860625,5.769871031590446,4.020752117458324,4.5949853674261245,4.236066484884941,4.5950536040982115,5.781814027844467,5.571106842862852,4.619706062566547,7.4313322049274575,5.423497773215058,-0.017260432260809467,3.6751986991738486,8.713705062709574,5.344869617808008,5.613231108234456,-2.4167867386539,4.961159687197172,6.350386810103497,5.344614253122444,11.308119142886426,5.36268893009983,7.442000481810828,4.040250902132539,5.342495621572016,5.3504860886052485,2.981710776782711,7.424286489187216
31,7.036332775758638,5.751861101749819,40.985893661453034,48.572675699166346,40.98597682307591,40.98579712369369,10000.041608427378,48.57259930259556,48.57274788937506,48.571618940668124,48.57266963929588,48.57260478181124,10000.041829910111,10000.04157350306,40.98577382440251,40.282251659518806,2.0663383261155106,2.4829106591874734,2.729652803238423,2.664633041518391,1.9501179318263895,2.5510968664457323,1.7991451501467963,2.436864082462853,1.5610798953523044,2.4030524052985127,2.2513513251848054,2.727359471721866,1.9863804289212568,2.1481454015898636,3.090398031954828,2.7998618517347493,40.36108417577343,40.36012310567021,0.001962092466006961,40.36555889300653,40.36643581813405,40.35773150183813,40.364881073903234,40.35517506740289,40.36833953127352,40.36925427550159,0.001612427316545853,40.36656606673496,40.36955893293634,40.35534672626818,40.35753186952206,-0.0021234532173852487,40.18213920570997,40.36249444142159,40.35278633763373,40.36489235900517,40.98578727101184,6.102720410311304,5.00832098996907,6.102117402516887,4.307648611729382,5.1020228184061125,4.562866227625636,5.101471211724856,6.059242983535227,5.7621520623419205,4.729114321275847,7.747765369764238,5.628972694659024,-0.09365990573278396,3.917790724734627,8.713626792901634,5.35195547208277,5.8226798172704575,5.00343337438535,5.283158255558737,6.720906512451454,5.352805906817162,12.10671079235035,5.821500574727542,7.909535711405624,4.29677986040042,5.7518055374821415,5.824403160340443,3.161991988874797,7.7412353546838855
32,5.205996791688085,5.707580601214431,40.98589366045162,48.572675786618504,40.98597791694192,40.98579709860307,10000.041607908232,48.57259929513897,48.5727460281525,48.57176832337136,48.57266962702663,48.57260544156016,10000.041829794918,10000.041573563734,40.98577380718249,40.2879475491427,1.7650302670386737,1.8882624956298968,1.9900289988523583,2.8714609744463813,2.04889252318535,2.364647805815912,1.8997038786837948,2.49116041805828,1.693230727572518,2.4244017353004894,2.1675563533906823,2.6954000116485988,1.80356998523348,2.133587330741284,2.151240780449007,1.9276484638030524,40.36160098666587,40.36097648848518,0.001467070032716651,40.36625282912719,40.367055108932256,40.358740362543905,40.365002551418726,40.355265192732624,40.36862197596493,40.36944648545614,0.0016332615804873906,40.366948438652614,40.36972349425778,40.35725886448781,40.35889385179617,-0.001518949407227735,40.16655972240551,40.36335951724468,40.3540663402513,40.36552102303394,40.98578725268366,4.737268093990861,4.56464288928837,4.73642420401593,4.4849627135365155,5.013156270781474,4.669061435454933,5.012301118631148,4.165131809190788,6.097025600205745,4.797798938406049,5.344271912839031,5.364948689642188,-0.0018373759216046893,4.251957713835187,8.71353917023956,5.31369816600655,5.7021692541163675,4.998566550797841,4.603456861268661,4.862755046373761,5.31360125298291,6.942453758805641,5.703067881743482,5.3547373949739265,4.523413315576908,5.709741024767572,5.7127201223847806,3.9590249151020545,5.33909912823583
33,0.012759955604269634,0.020030778876389377,40.985893659271234,48.57267593315812,40.98597293490748,40.985797082003174,10000.041608146257,48.57259929003537,48.57274594480484,48.57136687462044,48.57266961485824,48.572603850708404,10000.041829678292,10000.04157299767,40.985773797648235,40.2644151661385,-0.013019573241763283,0.0002645218541147187,-0.0008588599986978807,-0.0028411777049768714,0.0014133013828541152,-0.001494712443673052,0.001050901785492897,-0.020039133800310083,-0.00537186450092122,-0.002242731655132957,0.0004872182456892915,-0.03560374611406587,0.0002582396278739907,-0.00023842410300858318,-0.03808574199792929,-0.008556762972148135,40.358371571365566,40.355427348666126,-0.0017975396460448087,40.36471611828456,40.36350214359118,40.35526257874153,40.36447953035531,40.34642457156442,40.36760111225594,40.36870700563886,-0.0010596542982071327,40.36582021203212,40.369154898068516,40.33224078782514,40.35383375345555,-0.005833178299449943,40.09754457500094,40.360328984171794,40.343065325352654,40.36321704549628,40.98578724160308,0.011652956773468759,0.01285195230602767,0.011468480911389634,0.01545921115521196,0.01422290683749452,0.015171643553912872,0.014272917785910976,0.010369735404153054,0.01349228312577965,0.015302366895775776,0.014715385407907889,0.013469481339598133,0.0013441710339975542,0.013644310384863963,8.713490622710665,0.013474666670145675,0.012342355969187025,0.01565225704543991,0.01206198774607623,0.010233336396327886,0.014025653233461294,0.005622426449554041,0.012219293054658919,0.009462669662025292,0.014874764924752527,0.02145071548438864,0.021544649644056335,0.01372582471667556,0.013613008429820184
