,0,1,10,11,12,13,14,15,16,17,18,19,2,20,21,22,23,24,25,26,27,28,29,3,30,31,32,33,34,35,36,37,38,39,4,40,41,42,43,44,45,46,47,48,49,5,50,51,52,53,6,7,8,9
0,-1269.816176703376,-84.71634393942733,-929.2397526041551,-1208.8325222780734,-415.50510107863613,4235.5415530863165,276.7241914729773,541.2996613697536,-2875.700660870662,-81.46302043220734,838.0965933681982,-4403.7976817178205,-3271.2389575287334,-3133.831509986544,17563.02244408978,-2094.2490469380127,-7518.327267055878,-2856.702222351422,-830.5971053393666,-3529.5992539484723,-3243.335232518989,97.70548003383213,633.6195906496123,-543.2284880594784,-1004.7207529579132,1622.584596638293,-1419.5704780141743,-2824.16759083502,1058.924667129911,251.92852058888462,-3692.0834188214076,199.9463839339191,1410.9546912228275,207.4470812438856,-10621.258253748823,-31.72674152191547,-109.66651816738728,756.6397199697028,2047.0139573536871,1742.346600072185,7113.108551271116,-2723.763896112888,3376.0898306641348,307.9117083078268,4390.841033329332,943.3683738191822,-623.7443753861685,114.40136865796522,-3372.725198061557,-2774.096736611725,-8634.145588926722,-1366.1079494461937,1118.7736848680395,7453.286352104801
1,69.72484704557552,-94.57863180123805,-890.6521651843466,-3089.826542374379,-5707.366921688711,11371.382799760147,-1090.6980464059343,-2137.656286379651,-3008.9379006820914,-111.36417688401734,1316.7931050468858,-6976.42767790792,-2952.4923380256673,-2089.669075672566,17562.893635517197,-3665.1932679944834,-7352.199309926325,-4517.843235873109,-774.3486067749476,-2384.225620419394,-3108.4070126059637,2487.8649763198305,-2440.259120470956,3007.539365337731,-1452.4080102442472,4464.632274454969,-2556.996229184451,-1930.3671858485552,-55.892672909012504,1493.794131018474,-1902.8886964451697,1836.3609875244645,2519.059279189377,157.91550167156717,-11427.444995929265,-1715.4233609509222,653.2351455256178,-411.92359000522794,-1308.7993895727554,1001.5571801922849,7113.085490900292,-3003.6585387176056,3376.1240873049483,-591.3379689932301,-3707.46741852421,2030.6605631019406,1788.2312927097041,190.7796506920918,-2956.7987840898604,-4835.542643785051,-8634.454162005804,-91.84816200085001,2380.109330401398,4860.280119332473
2,1289.507973477401,-26.080532336724204,-1400.0356564263966,-2338.3046537491277,-946.4402359779019,8281.180193449329,480.04471875827977,939.5440619040845,-4712.90998293917,-97.96692595036538,603.7588825331859,-4039.517295417133,-3929.900020152167,-3593.0608371660583,17562.954519138162,-1441.1058651633607,-7517.935764230533,-2043.519362737412,-725.1865225044606,-1891.3554870204734,-4889.552075928764,3377.954469077667,1549.7125672520228,3780.445692712645,-2633.20064031028,-376.181621312886,-2917.028814178063,-2955.814406966015,3365.127278336774,1887.3592787454456,-4302.193075266854,3338.315654585581,2812.649883715301,-680.835122259815,-11441.888674054979,-2088.073761193269,716.602704454902,-1994.5970371576038,164.68962003982213,1953.1292672666511,7112.639859408969,-7107.6640857286575,3372.5029938051275,-1116.8810932628821,-1646.0223364566418,583.0369181301124,902.2781467557237,244.33815192532467,-1148.0971291918654,-1917.020079901474,-8634.807458587506,600.6697546092666,3062.9394583796834,6654.938678844544
3,1893.8954076991256,3.0396141502761567,-1379.4058546032393,-2119.2378434198235,-744.9093105236656,9927.688452675911,478.75574336788355,936.8328899992142,-4713.417290305545,-100.69035732430153,861.4225533228141,-4367.972702627706,-2942.191058547437,-3085.1672913904613,17562.85477711608,-1594.2123790240084,-7513.719446074376,-2937.646901945833,-679.0324959150199,-1628.23106682441,-4817.416389092375,3968.8002267364323,959.1821390582932,4978.837511551769,-3304.783688232769,5.937986524336225,-3817.163950193854,-2712.7716791112675,3459.530607230719,1484.6036159513283,-5038.709734183682,3327.8796690439954,2823.217151423524,-737.6367199860009,-9902.498417438603,-2282.9294834155035,58.88196847427243,-1974.7106129232816,-1613.4918481816735,1773.3703078025471,7112.631065139555,-8646.169654198842,3368.5365293996,-641.315638089414,-848.5780782985638,715.4738778202641,1501.7029027080278,312.38617671723034,-1999.5540714403821,-2117.9314742947013,-8634.960489147856,183.67598451591482,2647.2801391028165,7434.798367388417
4,-311.6526765255873,-85.15069738656572,-1064.7858456422362,-2343.729932000995,-1012.8570401158684,10622.08654467182,456.3011711826786,892.5305870219424,-3499.666991753378,-87.24250602401368,1062.5539342585234,-3813.389103102103,-3525.916404039853,-2320.0601979540434,17563.262409383085,-1882.2509003691061,-6930.245285198262,-3635.5983771661918,-774.4919950973012,-2698.115018984249,-3717.294339888921,478.58090646020963,2701.2377638724874,2325.6702196967094,-375.82554954925644,-56.15637937488641,-406.19280086018284,-2607.3022178998126,573.9108760527719,1087.84006129386,-6243.91863814747,2033.187349552947,2103.257884383536,-96.8568413861461,-11976.423778411334,-713.8690686758865,363.33886341170603,-939.6460556850453,3175.4536094866257,1549.9258297696522,6750.1271300132885,-1704.4515795078287,3377.3525319938008,-544.5404441796796,483.5318994151873,874.4133431833924,-468.9684341040079,34.84379025590193,-2159.4676713129375,-2495.9059587180614,-8635.127944285052,-233.3459879169262,2240.948538954595,8231.728681482266
5,-1150.1857096897734,-109.46836452961271,-1030.9869634033005,-2136.0872546008773,-2073.1391663304994,9778.825349008952,-29.249996493485945,-58.85745928880744,-2627.710226742098,-92.52847975515853,809.5169333916426,-5723.318837940812,-3632.7433346697544,-3187.929281573375,17563.21435909343,-2931.8651645980467,-7515.274302286036,-2757.5264328920475,-893.1426481140348,-3371.3734782612196,-3599.1108437036696,1494.1246187161103,-874.0613521597472,1032.8181533016818,-1669.6543654131588,3267.4532432518745,-2599.6382009249896,-2558.4722509610183,328.1724024282708,807.6114641725754,-6128.3556165830205,497.670780764539,2080.3015203033196,176.34520227089905,-11401.187658715144,-661.6305570662386,670.0077517149412,873.8481413658701,-269.3216338438728,1497.9856712053213,7107.9899664906525,-3990.23857489847,3377.2594304464405,-213.1080478033058,2252.799538916899,1119.280413548424,-1215.1925768412605,196.95866084956825,-2961.454760989535,-3873.245197338167,-8635.132181950643,-777.2412371202536,1702.5122909031002,6469.215127134512
6,-1212.3739726934723,-134.57877081905428,-667.8542866948463,-2862.0073576339064,-3400.6621871707816,11925.9671802585,-280.3265993344651,-550.875222036948,-1990.5019729023675,-88.3987675885288,816.651791490098,-6117.846351016293,-3609.745073609228,-3175.038357745156,17563.26449404081,-3248.2892589888115,-7517.003552010503,-2782.2851932071944,-952.9326260319015,-4580.797292246823,-2329.356137538841,-601.0183589302825,-1292.244438969152,1503.9662180342073,-1869.8840790679983,5099.452440630917,-3203.3713662676314,-2356.7991726117307,-219.4417964984075,-488.4171928040299,-6301.843105951451,-994.4366119169749,913.1385002184458,820.9287672588481,-11369.083458221108,428.40076978089365,-232.59316677045558,1828.8155677703214,-1418.1943205605774,1419.056061278621,7010.206286595779,-4381.574928760934,3231.530296096689,721.0477723319257,-1490.8968078060163,1688.2700518356746,1368.0226383167258,237.84291161772825,-706.8116617602201,-4288.467661749702,-8635.1981831179,-2106.7562973394674,279.8471251409963,8193.201077751566
7,-1771.7804016420132,-100.24132524377697,-455.83842452421004,-1115.318694949781,-1071.8117242389314,8397.168671987065,-11.154114095018834,-22.78832569103844,-1355.1049502585165,-46.796762750692935,756.7078783893934,-3124.131859304398,-2375.7101743794115,-2168.1346919801763,14642.661859252767,-1453.7996085495486,-5747.343256672347,-2582.8532938380717,-296.60472326905443,-876.7957958172925,-1590.157134705818,-225.70765518142102,3448.176317712916,-119.69934025545206,-1029.438686229744,-1070.482139994375,-1034.5631524798273,-2061.238214770446,910.3264765650077,-466.4680472183971,-3702.0942646870576,1274.7735120977131,1013.3047487027126,-106.85806975706969,-8196.018949795201,-106.47036754902092,-295.90668316905357,-804.4864382910465,1000.2137401677089,951.1665245199329,4423.86314175288,-3569.5072229171105,114.7079760146357,-32.90358399054162,1222.7326930933739,694.0966602853184,976.2276548216506,84.4531894692138,-1546.7454642163557,-1929.3620084575014,-5492.957828316642,-226.37477160024582,-140.11822872223405,4058.16348471837
8,315.72583714448325,-71.58258747873046,-1032.8970326557771,-2646.2243678446725,-1830.4086454641563,3540.556752882668,249.35072375304807,487.0053619540525,-3199.1162971850863,-81.68232341869728,561.4829256495955,-3722.393827190187,-3646.3256674238387,-3676.636894678413,17563.30096131237,-1827.8393027991438,-7519.011309039939,-1896.8151452782063,-710.9803255050066,-2276.4811110210453,-3606.369343799738,1286.9726445133367,1198.5552204546375,1313.859487330541,-627.3453618233618,498.5602386268401,-809.4671386234218,-2306.330468875659,607.588725504469,785.5712276698914,-6301.508272968513,151.42725218252713,2196.8879930230614,-170.1362484817947,-10616.977259022826,-177.80644608083676,1611.2439103189931,1368.6301287640217,1969.7279617442186,1271.491588983999,4531.640144312658,-1924.1030658758125,2114.326181572657,-734.8775105240392,5623.474803960037,748.4740171377009,-561.5188917895289,65.26326488518374,-735.1084438708726,-2424.5052784937893,-7788.1006609855785,89.56186355011253,1636.1514155202076,6108.294546422472
9,447.80237460743564,-47.93911388443843,-1103.6627304910603,-2048.734261199994,-987.616950048366,1649.243701431008,359.2938318012566,702.6458629826672,-2951.191784313337,-71.54888854987627,319.79860984024276,-3207.896631461782,-3235.341471153416,-4150.519335554973,14062.674370412271,-1474.1734087474388,-7519.010497968786,-1068.424104766031,-703.6522607611793,-2128.1567011851957,-3853.80201902951,1401.2187349102862,639.1893780059736,998.0787136471926,-956.3664471870153,-193.25698414012362,-1070.6399100433084,-2611.4218240570567,1027.5403378869266,891.3598629643074,-5461.298852371559,252.81147364763615,2340.063373379042,-287.59360135174734,-8836.896474487372,-324.17509213924376,1832.0741474126576,1348.7789984789356,2151.6895994994247,1540.411018910631,4715.458156976716,-2602.710819683304,1688.599824146076,-898.5470684399734,5621.409792592497,267.3978217576251,399.8722926424537,88.06363367847592,-1117.8298112410016,-1955.240167176867,-7804.9423714123195,303.6995473496488,1536.5189747307238,3972.2717924668077
10,1609.6741279490166,42.04198991209225,-1246.1767512319843,-546.1479948049708,1655.200237041965,-2286.262795053246,838.3456707799301,1641.6825901396055,-4250.846103102668,-58.71160763061127,-292.6400114586146,-638.5939295896504,-3248.2546001529563,-5351.352356017501,13716.861479272862,369.4457115734022,-7518.999314365244,1055.8033739954358,-515.6555648065739,-1247.080682332808,-4353.255844315201,2948.557282725213,1071.9275663168278,1479.7267740418024,-900.6008743068943,-2176.207086081685,-423.7106630450689,-2750.447805828152,3511.1622339012156,2248.3642955218857,-4052.661694443948,496.86986294435945,2129.8587554494843,-851.2392085800091,-6851.644934869572,-701.6061284080517,2211.1447464714774,909.7462284215159,3503.972654780825,1729.917822030488,2525.164721414323,-2581.7139468003215,2911.690138668568,-1302.3928738819584,5190.527560378579,-445.22472200581694,1056.5545522262248,59.02223054926638,-1830.9717528843773,464.5301458269227,-6154.3260342743015,984.7917455763828,3105.883707384678,2906.146320366197
11,2039.5773706344476,112.78036427112646,-1319.4103213476913,1200.8147109415686,4857.328014580359,-4185.232474588624,1445.4296231679757,2830.8668069139985,-4652.472460706079,-54.46599777474442,-513.3641669331049,330.10895513700274,-2349.7456174264776,-5698.521399372996,8353.803303082976,948.9572239038208,-7384.255065104946,1805.9875776049491,-567.0828314333313,-892.3637143329369,-4608.742885781654,2544.467198999137,1784.9910061940152,1544.3143152778239,-630.0799400981211,-2789.2355793296274,53.894733385579336,-2763.2695598408854,3871.0076534945847,646.8648023050665,-5527.160919703088,1586.6892706012338,2978.519559720932,-861.2954617318989,-3967.0271662105747,-1046.1200065216158,1449.049134028647,209.55270855618448,4298.823497819476,1769.3976625481007,1676.3631207179274,-2094.1957832875237,862.7537223279908,-970.845246975181,5471.8900892896,-731.8495522300847,-125.80889061833918,26.108040638185376,-993.3396443687191,1232.9095703183302,-7011.396297617145,744.5066623190507,1368.4002661784282,5225.049988276635
12,1106.01266232723,98.80105527382021,-941.0577539505744,1848.4778692809175,4545.3075035315105,-3673.8819463376444,1090.230533857529,2136.9027123366172,-3044.394796076196,-3.07571475096582,-395.70908878557435,3332.9268511066653,-1070.8494567283287,-3719.0560879008585,4457.832438678156,2455.781345252582,-4632.007478136886,1386.2614539118538,384.25896412658983,4087.058964370671,-3290.7930067623893,2425.441169800431,10261.947913037588,477.0752517215434,1037.494610011201,-11877.223031563597,3583.8966900263954,-1971.2663214261497,3542.107252448094,1954.438131727031,2548.148199933992,3994.207647859009,2606.447175318088,-2102.8694394384374,-1273.244107129302,-1049.3295986122068,417.2086789574045,-2921.538077125912,7862.800196854294,874.7811795415545,-1577.8215251234185,-224.52128551899906,-442.0565612152956,-1184.4574314788008,5577.661241549096,-1732.6452957994286,-135.20444614244462,-240.42984817501713,-3141.3854451537095,3215.972067498329,330.0074271991932,2440.8528639210663,2092.5022689745106,-3087.3010899401784
13,2000.4064660628944,85.21115610836672,-1065.2266068775027,369.75687353790283,3467.9576752601865,-3048.1177019830907,1208.4701033795022,2366.3848751271016,-4323.007149218266,-53.62229926346462,-272.40954678191144,241.18000071733482,-2335.0277863780257,-5148.104377511078,9477.96591069628,713.8017098650778,-7261.552751560344,973.1460328342396,-561.1404203604113,-1453.416125203866,-3719.598467818102,-27.683432546672073,4288.477429245585,1785.8259436837848,123.27883604677034,-3633.243355894447,1043.3135155835132,-2858.9122589500307,2930.374525047678,-14.882238044780511,-6200.98613613359,808.2687608235564,2189.7957365121,-500.0659614314551,-4722.03604402673,188.026832851447,1476.6232767404993,580.9541791619262,5881.3516303470515,1785.9081685689139,2344.4033621555227,-880.5731397734021,274.8895003591185,-877.8175524147232,5111.980541579627,-264.29243307931415,-365.16689793197895,-55.20516356551434,-3643.14723290552,922.6694156336305,-7520.213772422445,481.7042812494464,678.0039242199363,6437.9522649683395
14,1239.1141653965717,16.70828378859822,-954.8580813628377,-918.365785326109,743.2752560365121,-141.53914858790176,620.104168262213,1214.5729123926628,-3105.5502069514478,-56.81454540411388,-130.1410055929481,-2230.28427198587,-2564.3425541298616,-4502.607231802202,8965.073763952001,-516.1578854907522,-6684.680009459329,477.94824616817397,-558.3596345453253,-1335.5483416123434,-3334.8355863738348,1973.7332801003158,-75.80264858221068,1554.3841405196188,-1280.3568963956732,166.13780579118867,-1306.0883325764546,-3069.6577680646733,3252.1005059127315,408.41620118359816,-1966.3793803334784,60.25952087762089,2325.9106196481034,-344.1443431680162,-5746.57015245845,-444.5223960883188,1563.0384475081648,1568.2394696132412,2712.7174763150565,1976.007378118219,5248.340757876764,-3225.264771660758,988.0851707942461,-639.8877894191967,3813.806055662095,59.161611505583764,-939.4143160370927,122.99037541926785,-2752.13267353257,-690.5672467023655,-5826.085545432342,269.42639872026973,989.8793690097593,4465.013840577278
15,1044.2183198701869,-78.56897676415646,-1192.706484107659,-3720.7988005111874,-3108.7727243784966,5209.262911041994,143.50065744948796,279.59614853648617,-3300.2101265920137,-96.77640868603986,822.4815875324429,-5568.226822018886,-3532.8646279315467,-2880.9845697942646,17563.147783961595,-2591.685784858371,-7072.206814427344,-2802.515704648072,-862.0390254807983,-2936.6719133597617,-4164.591618933979,3143.8583954759706,-2273.7460684974653,2677.2665968888796,-2129.342385382346,3349.85512912666,-3059.2983079624532,-2368.5733552086745,1619.8143615380664,1558.5839112339168,-6303.286830502231,-405.92115854475617,2429.2304300744295,-119.1573648958655,-11202.400022214073,-753.5357286909004,2359.9678634134125,2196.5808396032107,-1278.4614137389437,1363.6086266637958,6765.902129902588,-4766.358378240309,3362.623716590715,-1018.1079447767604,1265.896227721146,947.4063934088854,-1723.8895597004828,241.38880057071142,-2114.8129778440393,-3426.8502203799803,-8633.392286282811,188.83336292592656,2648.0574516574484,6591.217495761147
16,696.9842580723954,-111.04594764167531,-1121.3648642313537,-4347.51323306883,-2030.287749021524,7638.745197718753,787.7848216401871,1542.0439479987585,-2763.970881524164,-87.14137978472776,1853.97729240382,-3931.161458985159,-2364.6127832692155,887.5370335706351,17563.31309368655,-2510.6949108562303,-4324.300376675065,-6381.942660820046,-862.8020328220285,-3203.169248144325,-3915.13248663112,-833.3330802614593,3257.6281953127937,2854.940852399167,1006.9794588963744,-1210.209150974687,1231.9892222590634,-883.0610755235141,-2253.104283349745,246.20908230160194,-6303.281600140129,360.62271158315633,2080.9163951754244,-13.228676843647456,-11775.563592494384,431.16275388023894,1279.1590332961944,1037.5845760177879,2084.9702834582854,-169.43365899614986,3781.948105739928,1646.8612047458723,2300.704252892744,-598.275483353552,1703.8708238477761,760.5608771445008,-2105.5837838934226,-109.6713240144274,1353.018826058905,-3320.571502671212,-8635.034527526268,-326.7686149514736,1360.4640061436849,9752.661593206878
17,-1969.7689774624585,-238.90855634837254,96.79698506877318,-5294.2304296137245,-7269.964155305695,12291.333508714699,-897.6097968747123,-1760.4161420750695,948.1431466324516,-43.067623723327934,2321.7861908025666,-4805.77556631305,-1244.814358902298,2971.410946450792,15751.317867923057,-3227.6297682152654,-2488.259691134394,-8010.625923091513,-60.12891594895106,-662.6144838696075,340.7939427343132,-2844.7200555057593,6027.160448518475,625.4226032165544,1083.948016289892,-1964.679676452752,1315.7809596233308,92.59695356131343,-3544.2331076212377,730.6617812866828,-6303.366385916534,931.0567321595549,-438.49592971127487,256.1117697249881,-10614.091451090932,939.0126645013745,183.26382554926982,-1418.6144059466965,134.09363772365109,-1175.0092536114892,2802.2123335134256,1071.4715402537263,1284.8680211620872,-561.3457528144027,1229.2401385077444,1646.5114572555083,-2320.539887272103,-125.98964477882014,-584.9304757136814,-4258.680119566544,-3400.5078031764247,387.2791421314134,1323.7532631708098,3848.9101254900584
18,-1572.9273496606932,-239.50371372870885,-87.60159094462348,-5777.477921176443,-7530.601874391905,12496.400600291929,-823.575733687818,-1615.3495008950213,306.0871891495615,-65.04003134018839,2323.6279901582084,-5852.403966063968,-1824.3635593710974,2088.250362525792,17563.214376861306,-3910.9357745936577,-3883.875897851543,-8011.693407136722,-541.8707087465036,-2800.150750164074,-302.2097447030117,-3290.0982120680296,3109.989038389904,1187.4880889469246,1251.597932406864,2034.1451075833575,816.4394593383803,-313.27965803915794,-4218.225291812084,150.18172450968981,-6303.368810487723,-328.0589525188728,259.812305609483,895.0343933121726,-12016.385529356598,1246.4171080426468,1177.4722708138597,574.1049414459613,192.00311010552804,-786.8882658374334,4073.7388080997157,2308.1696380995586,1418.2802540447155,-666.3397339064627,784.6211969021741,2030.2418119787837,-2376.2160954164437,-93.89584611420683,407.8638577681751,-5158.014739853225,-5997.393344155421,-136.13600916504546,903.3030837362849,6626.313406486245
19,-2555.3415623192004,-250.89089477864033,291.5108352818079,-4990.211910363879,-7529.36702804735,14985.207524893154,-1108.0569369652264,-2172.778463222842,1075.2294346092983,-60.85927541251538,2062.3024915363667,-6718.764771137478,-1749.1965041452647,1277.9037770195434,16550.458393821023,-4339.345266149463,-4352.79788817704,-7107.834861127066,-479.568243391088,-3229.7548262668306,1022.546329132616,-4125.361620196058,1520.2188669537093,564.977356801139,523.658209690942,4062.2713565233153,-415.44111746918816,-720.7542277412384,-4091.7416916848974,-2542.8134360886284,-6303.272650160382,-1638.7584318893255,-768.1480222880828,1332.4682977772538,-10976.631138933606,1834.9906575302987,-554.0864772455496,1411.0658941732497,-847.3061925977187,-387.9172352886234,5315.933975982536,904.7814904606331,-633.8502467042782,823.7759500901125,-1445.0037823216853,2628.6929162128445,-795.8045011897317,-0.7897894887728658,-1593.0129158430514,-5718.691633223817,-4719.4722675563535,-1813.199798340037,-2258.696094753407,8304.344396689563
20,-2665.3740126669218,-259.9130757538529,302.041513421719,-5148.437371780758,-7520.89647997733,14989.454279038646,-1047.506966995625,-2054.1332788295454,1611.7791159295814,-59.61458357020205,2040.524648959106,-7159.668317469769,-1500.7284067405626,3116.7292732775963,15032.847321756697,-4733.367902758844,-1391.6206032743246,-7036.721968381932,-544.1123719449299,-3558.900009107768,1059.8833094653514,-4232.4066366638735,1326.091260708445,424.8136813865644,412.52502408792617,4906.6229347927765,-775.9372919399229,106.25430063966084,-4905.260721936195,-1802.3694142321658,-6303.043399913236,-1252.5038874263107,-731.3699736771641,1469.796277548572,-10308.359336217622,1646.0947235290218,-1005.0526015261105,976.7480282357378,-2906.092215632448,-1077.7508699850466,4756.97990521344,677.012964050696,1061.8758375718007,1013.9034450219619,-2137.193773612631,2607.1210395650933,-981.5026118339197,19.834704288277983,-2623.1752909114425,-6233.498923912551,-5471.613714986267,-2108.519743844981,-1309.893497090898,8577.554359134854
21,-2747.491467374079,-235.49458896956835,481.40354362991485,-4275.682718419002,-5922.755698983936,14989.724420582057,-744.8333722641535,-1461.057069798044,1501.611900229561,-21.639687612039417,2061.48361041647,-2426.4897316445918,-1033.9460063458266,3942.0834830548074,13942.642680154333,-2498.6575559849903,-157.341054296891,-7112.655649185179,81.12331783679831,-506.5620343247451,1684.4815177858666,-5689.306894089105,8648.403714905966,319.4652545064493,3596.7840828276253,-3638.622185047531,4491.105257979355,953.7928194700041,-6124.081384743043,-1591.4782115696187,-6303.06551470083,414.62121149688727,-1268.3481411781609,552.6269111857694,-9251.817116036564,2119.233561066785,-1274.46286332359,-1388.387754830565,3183.773837054172,-2029.2508163294722,-872.4562924204072,6713.499815206905,-1067.7877870672644,488.46194959438606,-2447.284335507318,1671.9706905845621,-270.1361077351236,-383.52948481179004,586.9511973039392,-3299.425520706217,-1713.9052866764043,-658.4119072829159,-1433.247212970038,5014.2207581216435
22,-3041.0350194731805,-198.97709124627298,85.78705416270179,-2770.7215997613434,-3576.3886138667594,12273.428750082325,-381.38509281987814,-748.8950478649782,1126.3136748697088,-43.440505264447495,1961.9192620462957,-5142.480120277843,-701.358984480001,3684.222460219744,13366.403012832468,-3404.914990352219,-255.9249929677642,-6768.847239337782,-262.42018304777804,-1559.6014552388585,302.1163174066258,-2257.20807853613,3450.1733945932815,-754.4027821630681,-391.7833308400144,1447.7156239018398,-1096.6747508155293,343.75528645861397,-3548.8827622925614,-2612.5598338318036,-6301.6298092720235,123.8920291185314,-144.46870326360127,621.302360005027,-8121.293033595512,862.7750931602322,-2021.2530820037698,-249.49407133425782,-4048.70445661879,-1418.4886650489411,2819.024124444598,-1953.2828168477547,-815.8664140763495,1367.2059901467937,940.1896967939581,1637.6423051737916,-1990.7753397216227,54.38007768056695,-1458.3918797552055,-4487.795660992456,-3138.129381139271,-1884.3904547019383,-2462.38303125088,7221.074362574583
23,-2961.9126086087144,-213.879072773237,369.65152126386363,-3337.282113732016,-4675.400695027155,13127.18534646622,-601.6961355866063,-1180.5853198459563,897.7996641204453,-38.34084663282102,2062.552678488062,-3347.2960846350593,-1095.219406048847,3491.1126734667446,16089.83029168044,-2917.36434992825,-870.385336310753,-7110.056483694005,-332.0580123183345,-2775.1773580807717,1296.148149802336,-5897.930183119055,5539.641845222281,-433.745919587779,3101.722668962273,514.5613899803742,3232.7107285041707,540.6858139469352,-5806.959047990615,-2613.392206041441,-6301.723642656488,-1130.11272589627,-1247.4975234105812,1168.9614901224,-9397.501557558739,2489.41359995602,-762.5465789741437,466.9787394054837,2055.2678538069704,-1663.7790856562794,641.7168652055226,6323.192888297863,-1169.1310584103508,686.0806918659782,149.85913851421282,2019.0906756852175,-1232.4137921348874,-286.956439360451,-2704.5960623263004,-3852.039562000533,-5259.779791480771,-1535.666315318796,-2375.7611410574223,8031.985919912969
24,-1286.1021799225061,-86.17819876245885,-910.0864127362562,-1236.2743408794267,-1095.41754649149,4975.407945963642,23.49017841259101,44.60502039081006,-2125.3322299344277,-91.91050631192005,1289.8085531203844,-5982.416847026901,-2024.4600078022736,-1926.5064407022533,16900.65157027,-3330.8037118011252,-7012.1406264551915,-4426.149080397221,-1227.9988202931738,-5586.968526729059,-3176.3655442039003,445.48458187515325,-4122.2911972484235,-374.2771220083598,-1774.6288932528303,7677.829515610773,-3576.011254037605,-2167.8946477017294,-984.842175067791,-385.286899336125,-5650.581728396991,-119.05051373695352,1596.4899353154317,984.7427743457869,-9096.530789861476,-582.0958770223928,65.97168778549104,1267.572408300928,-2622.480024907278,1072.7167578607807,6971.115634693626,-3352.674195653653,3255.5098984219217,337.5848342983527,2908.233995917846,1334.3372433050095,-497.3111353699433,259.7501601823507,-1572.964139370224,-4395.766791722873,-8629.475812428987,-2005.2850546412242,397.83814942290036,8100.815159568319
25,231.0875185623454,7.689673958781118,-982.7142584989257,-25.795669181272828,406.9281134984653,3558.7814941535908,166.84258090617223,325.7363853196891,-3202.059552726396,-65.57039096551703,716.8428223024208,-2584.437987148734,-1700.166637759971,-3281.424304486211,15218.096282636912,-919.5724145317514,-7376.438655931048,-2442.825470886154,-642.5639032366502,-2038.6014852679434,-3430.3232444724867,2770.9135113350603,-1214.8119661768383,1209.882279271403,-2158.415664494012,2086.8841169205825,-2836.8064589411697,-2516.6717830373145,2165.0967114721007,1783.3555547772335,-4704.140359476535,1713.7820951033189,2010.4757114047745,-225.38580036640545,-6429.710594055112,-1552.0535238801626,626.4803933784458,-624.4736023396836,-517.1198657769796,1585.5240183079975,5086.565533514914,-5134.69236925253,3375.6014707574964,-636.7426792469727,2811.906511928763,301.1260897107789,-861.0878944982395,228.99601317125052,-2569.1845258825897,-1229.1813325717812,-8626.281348716151,57.58546017824203,2527.641877135331,2897.006203052941
26,1264.6246340449663,-5.623228422872147,-1149.356104750692,-1658.5084102860646,1596.4302711967741,9139.859286721989,1218.2286527549884,2385.4811576656843,-4655.260495634726,-55.449773180835216,176.49943018085744,1582.8447097486664,-4013.5065309098895,-4428.1635593837345,17562.72385934439,906.2662927647946,-7513.769846502774,-560.8728502470884,-525.7267090574514,-1850.818074050712,-4013.0094511561633,-1612.702432319499,9700.118858733133,3968.849020399311,1572.8149916373907,-7118.129141247011,3168.8206483260283,-1815.9446087118356,385.23756804129187,1781.97615738354,-6300.9958806296845,3045.6439773756438,1402.0218899623708,-689.7335858551528,-10236.601426144949,160.39761407736353,131.49927105812074,-2640.517375835585,6899.152875242294,714.0132593627292,-1557.5508430145355,1289.1006876324006,3377.1338031766113,-895.2130328496985,-1882.5327816216052,-366.64571429209946,114.31959467098491,-233.9683440526076,-27.045005665831525,1163.2813368793443,-8633.762850972482,382.0258770555993,2849.9068146921336,5892.80655934933
27,2007.611808439445,85.84209952140881,-1147.716050255551,381.3947003908252,4629.334092225843,5527.150492035367,1653.7799496844232,3239.2027255609028,-4507.586316274269,-39.43590051344498,80.42259547424061,3809.752890206535,-2005.8439215479145,-2231.6159362380386,11498.089420047301,1674.989152801731,-3760.3270450964596,-245.2928532462427,-649.6865823341848,-2121.7149969502584,-4007.2804456463655,-1331.3272611175446,7042.766898964372,3995.5904132259093,4045.148096169793,-5043.661439711869,5754.155953765305,-388.2361137475716,-1598.2398991346768,2613.998632151891,-5200.784402722789,2532.102734234434,1952.394313054663,-453.6252155433731,-5082.741148615577,-4.321554239659861,2022.5960677905678,-1640.5172355920183,7928.781600023418,-669.4066906256212,-5889.310344447388,8297.053243286933,3376.9466903293815,-1941.741611373891,-5616.456425368921,-905.4197289677894,2376.3309722304666,-442.7450598811182,852.2008455053822,2180.9869848917488,-8625.401427181465,1390.770214253428,3848.263194024036,5573.568060276988
28,2009.5180236857805,162.92651597292976,-1206.051901728515,2830.9751124162144,7379.5969183998295,737.5236193427997,1831.6452596761335,3589.1110300319665,-4715.371168634101,-10.409581861692619,-966.296318767908,5327.6650892212465,-1926.4787149190518,-5252.900658375191,9449.150381160029,3488.2533413318924,-5285.24303286142,3380.940856990781,-339.7454324278833,-858.7207100109382,-4213.972201767022,-108.52320870870929,8509.423460898457,2768.9629262376284,876.8092125753726,-8232.371519782942,2790.153816140624,-2614.997247458393,3480.773621890932,2614.279223698598,313.55697822921695,2051.9127319376653,1354.054320533698,-1124.5514082761972,-1448.5561326810448,169.36144908277623,796.5289721198156,-1490.2361903292772,7926.962197852806,1474.211762328473,-2192.2990087631265,-144.34997145280863,3376.499579025755,-1020.876020871231,-3452.7111543329092,-2001.6481404542685,2376.4662094605947,-181.5504611485906,-162.4291645573301,4563.4411899209135,-4664.2375481670015,807.0907148063325,3270.1878852919817,227.19002737764012
29,399.2939709239964,69.28726186343911,-908.6018385852789,1736.6212497596991,2958.7124982426217,2908.8586794907537,516.610848453654,1012.7323530056059,-4247.56222636333,-26.456693502978787,-601.7596210506085,2851.5221851888336,-3069.0116181419216,-5757.345531940525,12512.682170467104,2183.751185377148,-7204.05715195898,2124.9513993743712,-189.70704333804392,-358.4566715161955,-3174.1985889215694,933.8416512158877,4638.98971900743,1259.0383815425273,621.5229439396503,-5739.812458210603,2064.0222046640474,-3075.894273861379,3442.9018511230984,2614.291462496279,1807.0055302238316,1041.54696764342,916.8157997749283,-971.9007771676706,-5403.342377286479,-74.7844721491385,678.9072906083297,-594.6159864021205,7926.595642603293,2028.6492794391677,847.7547981396533,285.208477926618,3377.071921136055,-665.1077979835039,1735.5107088331308,-877.9903171057672,2143.3730355324333,-127.54444793890875,-2955.952626107907,2847.102483994958,-4210.180285121761,584.9657755766226,3050.739116038821,-1801.8290460685766
30,1893.1455749487468,71.42177752595732,-724.8811065626188,56.65916654683668,3667.5321174016535,5081.216591204065,1399.046361988833,2740.620047148537,-3635.1758826009373,-13.880051454486892,-158.03226329934327,4242.77248925709,-1870.4574474973715,-1768.0044885920756,6814.341413756152,2358.5333768675027,-2294.8485828708854,568.4152348165971,-275.15514619331304,-928.940267613688,-2531.1497131661213,-1691.5212086030701,7566.816470634197,3734.2132476423617,2971.3240801004918,-6157.212453880016,4812.824724017294,-1024.8380987834844,680.020004743134,2614.2428374024084,-2988.5859750154436,1552.7664875505934,786.5694841107085,-541.4487337437122,-3982.960883270106,608.6341187948987,1410.295191031942,-1295.6108372239091,7928.797105469654,36.15128115821884,-3433.6548661564902,5428.562253899629,3377.0843968701347,-1399.9638366677527,-5605.717855442729,-945.0524837059511,2016.213285519502,-354.6135868766402,-2333.6761756385154,3084.8778529035194,-5143.027851637532,1180.6237916637403,3640.353099187923,3649.2435670716086
31,15.95062477107777,67.07096436596844,-536.4606434864181,2114.6518585587855,6859.9818433287965,1959.9558765465467,1889.8037732435791,3701.4801124007026,-1640.0250881048214,10.020754196313046,897.7897644145246,4375.41768799104,1237.491275277644,3720.392482919262,4265.923356473895,1983.4082049065426,3084.758310897596,-3102.915675859918,34.95489762772512,898.6864194851217,-1874.6535615207952,-3444.462723201342,13815.807214618906,523.4242365258864,4174.442249105293,-10729.884965261443,6835.3947176055235,341.69671475722527,-1537.6586731811844,1700.6868230497691,-6000.508935207007,3437.8549149148166,936.8375572105393,-851.1326022946881,46.588878024589775,895.5704318704841,65.81629024729077,-3435.8757972967564,7928.699105598043,-1480.315782016437,-3745.940474402428,6740.472622031447,1624.777825685142,-1089.697400060606,-2804.459029827805,-1386.1978777804757,2338.278763979089,-523.1295436716595,-195.05777672609,2596.3916471136167,-1712.0852601850731,1399.043353176766,2574.0196802402493,4274.432277642955
32,-3296.474741777389,-196.97065504792172,914.7271040103404,-2408.0305675213667,-3917.092143759136,8694.230705433854,-644.5375893510756,-1263.468142227101,2084.6511254032803,25.26875747450974,1444.8910714006981,1442.9017895499867,-511.7145621285817,2056.2739592170055,9974.314413763674,-361.04652985917386,-1222.5387447813152,-4984.657378726239,621.8200456835845,1542.3701195803662,3196.588439337608,-6760.227357910377,12180.594960977456,-2000.7861715401984,5091.7814741900565,-7847.765703073691,7112.7769566051875,606.6272808181972,-5570.55583064488,-2013.8721181041997,-2079.828915231954,941.7108878086482,-2517.1808669918373,166.59164040242393,-5969.070403305223,2555.914603474194,-2697.3785708743453,-2897.0292896153924,7928.336105625887,-1661.7339830570174,-3910.5267228451617,9521.34482160024,-2374.474252467949,1046.4062874967774,2776.1758452416952,930.1501241626822,1791.2684673805811,-575.2712339722773,-4252.6909855176755,-488.5162089984625,2789.996901327703,-631.9832679222668,-2363.466024487991,1263.5992977783376
33,-2737.2389233093113,-154.22268415490433,563.1952780494557,-1702.67705815601,-2332.2345611069754,9544.637137991256,-286.41279441684406,-562.1676792025626,1481.3503592459733,9.296263430743998,1386.0875368439047,547.7034584591595,-188.99417613748602,2163.8478440125805,9731.489771083423,-741.8042934013523,-871.7775157943623,-4781.3147635022215,96.79346262269917,-889.5367115402108,1970.0277130062527,-6524.139602007548,9597.736304427004,-1064.646536112495,4703.469857975718,-4108.0280710496845,6068.306826756487,624.2140198242032,-5131.044476619287,-1873.7589417316965,-3787.523740818336,34.79205411515944,-1892.0020292527417,642.6889044469578,-4995.743196446891,2598.914839549417,-1271.2685471925981,-1375.5433546235674,6210.929999850491,-1738.2176703339903,-3419.2993762319907,9255.385125683988,-1723.0160388297797,490.0796005001413,-179.6493485742026,784.6110707881695,502.65862323278367,-493.7427963732961,-4332.740935214265,-987.800599340659,-1052.7860164088254,-773.1653623162051,-2026.403633328442,2771.0991036746113
