,0 AC,0 land_transport_EV,1 AC,1 land_transport_EV,10 AC,10 land_transport_EV,11 AC,11 land_transport_EV,12 AC,12 land_transport_EV,13 AC,13 land_transport_EV,14 AC,14 land_transport_EV,15 AC,15 land_transport_EV,2 AC,2 land_transport_EV,3 AC,3 land_transport_EV,4 AC,4 land_transport_EV,43775 AC,43775 H2_for_industry,43776 AC,43776 H2_for_industry,43777 AC,43778 AC,43778 H2_for_industry,43779 AC,43779 H2_for_industry,43780 AC,43780 H2_for_industry,43781 AC,43781 H2_for_industry,43782 AC,43782 H2_for_industry,43783 AC,43783 H2_for_industry,43784 AC,43785 AC,43785 H2_for_industry,43786 AC,43787 AC,43787 H2_for_industry,43788 AC,43788 H2_for_industry,48639 CH4,48640 CH4,48641 CH4,48642 CH4,48643 CH4,48644 CH4,48645 CH4,48646 CH4,48647 CH4,48648 CH4,48649 CH4,48650 CH4,5 AC,5 land_transport_EV,50834 central_heat,52040 rural_heat,52041 rural_heat,52042 rural_heat,52043 rural_heat,52044 rural_heat,52046 rural_heat,52052 rural_heat,52053 rural_heat,52055 rural_heat,52058 rural_heat,52059 rural_heat,52061 rural_heat,52069 rural_heat,52071 rural_heat,52084 rural_heat,52086 rural_heat,52087 CH4_for_industry,52087 rural_gas_boiler,52101 H2_for_industry,52101 H2_hgv_load,52102 central_heat,52103 central_heat,52104 central_heat,52105 central_heat,52106 central_heat,52107 central_heat,52108 central_heat,52109 central_heat,52110 central_heat,52111 central_heat,52112 central_heat,52114 central_heat,52115 central_heat,52116 central_heat,52117 central_heat,52118 central_heat,52119 central_heat,52120 central_heat,52121 central_heat,52122 central_heat,6 AC,6 land_transport_EV,7 AC,7 land_transport_EV,8 AC,8 land_transport_EV,9 AC,9 land_transport_EV
0,1511.1180920520208,154.46056020725518,2371.146397435838,296.07895553391427,1361.028575826861,235.96212042495608,1478.9498241770186,215.1115390714258,7330.907995113517,719.3712282506749,654.7888394918353,47.736582045443356,1355.8843909210111,229.9234406463802,1312.9208238081994,271.63358479365706,1301.7322231520777,142.900793870911,470.2570622161873,63.43820680677891,2337.311065156253,408.13976014312357,11764.125029266226,415.02148427083335,11888.885503890073,1598.13083625,7289.034139215115,9465.530267418686,517.5741359166666,4168.553857473203,764.9263341666666,2702.2380368897866,764.9263341666666,69896.0,1651.7463891666666,1728.6211226993307,863.4360502083332,47843.55607971482,863.4360502083332,1081.8212594447177,14346.55170165217,1694.1099472916665,18771.669322396054,13509.760103310902,609.9109516041666,18023.411212603933,1201.6882454166666,8503.305628890123,18269.741009396,2572.438941289337,12654.469027225568,3539.139888041372,56055.715195693716,41723.69298523488,1035.281623128097,30425.419133406867,2665.7073055136084,28282.58509254435,2095.847434981333,1634.6443541556062,250.84335537767038,30.817096328484432,116.541125513,536.854591555,275.77098618189,170.515958889097,235.93905792,180.450009966,347.51963916942,53.1946520735,222.733827674,201.36131144857,321.657226979,42.651530930999996,523.438977484,230.929671175,46.246671171,130.8350066117,18066.1701112333,52572.25280825037,1716.3558564339999,3019.572749592712,303.4096430683094,304.54170422853974,269.82564566331394,517.8784419674668,1004.4393250892329,198.97885593137096,340.00377684624533,199.25114212130723,903.5441226120198,1488.9851801782931,316.7657684870639,407.4201863852325,1383.9411707894553,290.72787652274303,141.1955228609201,154.78995236580238,17.808869092064715,230.25806477317832,128.84333917552334,386.6869719819768,431.9503643828843,53.99639385007322,2201.683065374148,335.278267263202,2051.702750840919,270.3092663809657,5537.996551159802,630.6109935493441
1,1475.2702055905768,11.067544808611274,2314.9601561709396,24.400031604454853,1293.742960843079,17.707693475764245,1437.2055951837895,16.526355707203038,7186.4215171934775,54.29907909326721,642.0697815581294,4.479824586305767,1293.8399650556892,20.78695054014679,1254.6408982353387,19.210618296870962,1276.0430226374237,11.211007143429015,451.6242582793772,6.033960129600018,2207.9473251560144,32.145181802799925,8517.452177455794,415.02148427083335,9281.505256307235,1598.13083625,6411.682080645678,7759.391509854944,517.5741359166666,3371.440219205273,764.9263341666666,1817.17295979119,764.9263341666666,61633.0,1651.7463891666666,1170.3126083950724,863.4360502083332,32268.43579117779,863.4360502083332,928.8102654116258,9599.738523870354,1694.1099472916665,17666.202511671414,13881.908613848054,609.9109516041666,15374.876831303036,1201.6882454166666,17177.037732127203,39226.171580867434,5118.959112208316,27274.34315550819,7487.033933204865,126893.65630950501,71689.1849575871,2239.6049036622385,66082.95728811382,5540.269383587382,62852.427697947016,4430.868858323079,1542.9249411647163,19.97134174167877,40.47864565858541,161.339423402,740.2758900123,381.56297773728,234.91827698762,321.27664639,248.7032989595,471.83056821868,72.709835302,305.60971523,278.90535932316,425.892273891,59.339078326,717.087971712,311.430167559,63.610982015,180.15735038436,19578.7144391753,71917.15716642457,1774.7633921966,3019.572749592712,411.964169387366,416.67731894922355,365.34613607745564,707.0015191069025,1382.895359947675,272.3337829940542,462.40484817789593,276.2797173585587,1196.8066822541298,2055.457380638894,438.320567956423,567.7903108957187,1930.8509098508916,399.2362737541515,194.72161018022965,213.59882231298548,24.991116878940296,325.41334333056665,179.46702915047695,534.5032461927112,416.28221258544255,4.373393075540662,2123.968392071592,25.984131782897748,1969.6477234556726,22.050067531876266,5319.802093371577,46.3481343628373
2,2131.524329501331,245.53941954369657,3691.081031398279,489.2249533771537,2401.139590205325,341.80009336583316,2306.582443822113,321.3134083710611,10104.17260608181,1035.1466272622347,851.4312298335553,86.78159398958087,2286.9580746560937,387.9045836851001,2382.9704966909585,438.9523844551295,1808.0970585053042,236.33749984949827,777.2304344263378,115.24517944734544,3981.9436804069537,665.3467166498303,10875.11705176608,415.02148427083335,11464.468812699679,1598.13083625,7128.180746341936,7974.459957905376,517.5741359166666,4023.806245976147,764.9263341666666,2367.2668035095576,764.9263341666666,69070.0,1651.7463891666666,1445.2796412938117,863.4360502083332,38393.7937269906,863.4360502083332,1002.6854015682071,14291.908185126744,1694.1099472916665,20020.536061509567,20393.223345553975,609.9109516041666,19632.351176723394,1201.6882454166666,14081.12000196461,31746.186702970816,4210.028924657046,22056.06721756406,6077.910959869831,101609.44932084151,65942.03190793472,1809.7454437808647,53355.70179149695,4514.251102409398,50513.4036910776,3597.4289804491373,3060.739164213727,365.17184352944605,57.646502931489536,253.47186781599999,1098.6021887145,595.97874738106,349.88363617582,503.42364853,371.482218613,708.58449245303,108.898533878,461.087613782,395.1084335261,607.97785417,88.826934066,1068.846806325,467.32650178,94.67422711,268.8777457485,19521.9755595366,109519.47490070955,1782.762747187,3019.572749592712,528.2204118942318,557.4911418258338,403.04521544031024,1116.403808558688,2077.523644260429,386.35812471380416,656.5609034833997,339.7443000422298,1785.7298468123608,3194.783119473658,558.7043598306062,875.3469221022062,3076.9956997878926,573.5326292010641,309.87195431701787,294.55977579184747,23.323385819966152,472.50728518573135,240.10946685149327,847.5993295815739,662.2214337574094,98.33612602110952,3502.767776537452,538.5855889264494,3099.594781258814,467.65895852074027,8133.0148621818225,994.52348238579
3,2150.349634980491,257.2569360558409,3722.9432894880792,502.01111206039786,2457.045394178021,375.73876065947115,2336.9114568078658,353.81109739653766,10232.768587818087,1166.065626477939,853.1512271096901,82.47086136415601,2312.477061339071,403.94865840673447,2425.425991030154,461.0468824915588,1823.2402766264427,249.9028255082667,786.8230265278257,114.96817330271006,4053.425893632309,675.1488080602139,10387.661330746927,415.02148427083335,10749.48062566217,1598.13083625,7171.478145344894,8188.566359976485,517.5741359166666,3880.6084103980465,764.9263341666666,2323.572178700043,764.9263341666666,64801.0,1651.7463891666666,1398.6845519464607,863.4360502083332,41640.97068637062,863.4360502083332,939.401632643373,14123.975391882022,1694.1099472916665,20593.294285828015,20819.61173828459,609.9109516041666,20791.62156043662,1201.6882454166666,14388.120404714582,32487.92423291394,4300.161143265837,22573.526967544298,6217.643781618737,104116.70642690342,63430.25890766389,1852.3715853038618,54617.774270134134,4615.994124351369,51736.977981422686,3680.0753556038635,3143.8267396613323,403.44551718677394,58.958916366389545,249.838991407,1084.373390316,590.12878358125,346.45167523778,497.32814181,368.733875398,701.18491968175,108.352299065,455.867386118,391.89495717216,605.262342546,87.717935684,1057.77050146,464.994076265,93.754516519,265.87020919814,19186.5509690165,108524.33584922086,1721.817532206,3019.572749592712,519.6781409012302,550.3254469444619,395.16380806221287,1114.1535252587694,2057.6099720424077,387.4758806325916,648.7559132989156,332.83045673248586,1779.849939186898,3155.835118244316,550.2377818970858,869.0211685600019,3058.7580125504405,567.4000161923892,307.9623350039334,291.48762121059275,22.694319855698254,469.12219674590347,236.62584745183892,835.1466146512337,670.5351857807245,99.03685377165675,3537.641516651425,564.4406244265847,3134.923330389853,466.9725516214967,8203.76215257784,1047.8744228265714
4,2884.5265703319023,196.33508486719802,5223.365117210827,389.1021036747843,3724.6254426741784,311.6710858482402,3308.2622702764984,267.4161141659133,13570.770349746726,923.5785337174311,1087.7323839943247,62.21204764395952,3428.5920144747543,301.74520621448755,3698.2396430951467,352.40215672180057,2424.482913284106,178.04428623989224,1146.8828345422212,82.08760528825223,6020.072987622905,539.5107484934852,11878.228351286554,415.02148427083335,11273.879958162426,1598.13083625,7482.293057424244,8784.442345527725,517.5741359166666,4135.846400161532,764.9263341666666,2632.378388678536,764.9263341666666,67568.0,1651.7463891666666,1587.417107418155,863.4360502083332,39947.327519744176,863.4360502083332,1057.37664832503,15265.11440063638,1694.1099472916665,20211.338053650536,20990.468266211366,609.9109516041666,20389.8077145823,1201.6882454166666,14392.827217064842,32499.296268049133,4301.5430158494055,22581.460461833405,6219.786111613271,104155.14673058508,69940.51466577219,1853.0251129460646,54637.12388100163,4617.554009315493,51755.73735284265,3681.34245810861,4898.155477075946,345.9890012291726,54.44527070014299,216.466740153,945.245415134,509.17879055186,303.89678357308,435.58935122,321.29573177,616.8535082979,94.046787801,398.468433924,346.72501934786,549.947012527,77.60746567,921.021551393,411.71754747,81.885666856,231.9363541853,20153.7051063405,94730.97486942376,1775.7565901525,3019.572749592712,468.24577930082404,492.2646407427181,363.2859589273697,971.9866114709816,1796.047025050191,341.313031519782,580.2670824435489,300.7503162542343,1614.659670473161,2757.288628374069,490.4257220544852,755.4207914008259,2676.5753582547795,503.02860757087507,266.24380865546783,258.54933468876845,21.932257620444222,411.4762786693908,213.43959048031604,733.20715274356,939.9504415373094,68.96620760113001,5101.6910035513865,422.9585618469864,4411.29995400268,348.846481077373,11306.250146713372,800.333723757416
5,1567.891132001898,78.58551562204957,2490.1909727359107,157.07070563652087,1446.3604723198591,120.01785318180919,1555.8122503511158,107.85360778262839,7589.202974407971,355.94402325515694,674.5912058494516,28.175804634869564,1440.272320476835,128.19980474933982,1418.7692713926217,139.94249970000237,1353.6310797487638,76.78100390126929,494.7345264036646,37.240600775170606,2476.3998644029157,213.0290723941289,14882.306303063995,415.02148427083335,11127.335026004537,1598.13083625,7360.141871094384,9770.588812639755,517.5741359166666,4163.536412764377,764.9263341666666,2643.732399681638,764.9263341666666,68052.0,1651.7463891666666,1643.88047049444,863.4360502083332,47481.399613746835,863.4360502083332,1060.4868408403772,15072.693610471313,1694.1099472916665,19828.575688789504,17982.976349058015,609.9109516041666,23136.21296518083,1201.6882454166666,8412.8197251592,19446.316980981417,2632.539745783724,12434.635152943316,4415.66019980658,56914.88621675473,51185.06809261397,1038.1954720058231,33278.99876851519,2897.458473982275,30022.383458181244,2080.4400739558155,1739.3286718214342,128.37299533368787,31.770005921338303,123.659133836,582.797863737,292.11468524902,189.39116331315,239.42684911999999,191.5120825087,359.71123902492,59.888310176,230.320310665,221.303562527604,335.9085831675,46.078626874,536.029232345,235.06031049,48.903250397,137.8270183188,19671.6532249763,55282.941044515275,1743.7056753351,3019.572749592712,312.1003938490228,313.9781381919732,274.1388971848474,519.5214064352024,1025.2791037184522,203.47614412393403,343.9610877561058,218.61828402594367,945.0610507766233,1624.6101228245248,332.43149539724396,431.1763987043385,1508.7207578950984,320.94096674171533,153.88970410286836,162.21283669304069,17.72105867048642,259.26161446831,143.05852143297454,425.78486969467536,451.2364676328258,31.880988591350615,2327.0776423226166,174.46323924697936,2149.1346563204747,147.8430669377558,5750.135789623656,323.25136166997254
6,1509.0043942669756,18.94104866462294,2380.1014134622715,37.31027796328999,1356.3906456364207,29.97509010741487,1483.4050738789697,27.005371485487558,7333.828953215897,100.67136881302577,654.1646069557448,6.042734751477838,1356.3107690840027,30.164389592362568,1312.3091539576221,37.27786310110241,1303.2367646073285,19.86585416959133,468.61471057499057,8.082454148563556,2322.139667064114,50.74672553339042,13259.750568321937,415.02148427083335,9874.622385764964,1598.13083625,6681.807835552359,10773.739016139116,517.5741359166666,3901.8615982940128,764.9263341666666,2148.949622885798,764.9263341666666,74097.0,1651.7463891666666,1266.325689090187,863.4360502083332,29544.085482531595,863.4360502083332,937.7433732444329,13731.716087898603,1694.1099472916665,23035.216291446108,20173.776151043363,609.9109516041666,23001.13348661067,1201.6882454166666,16278.846259059002,40205.08058954793,5050.868770525349,25608.47407091745,9149.512474046483,123165.28816735053,95996.90662298437,2149.826974750068,69670.73025865623,5833.354516141814,64013.378776666425,4209.275234078627,1628.4391291989837,30.576886123919394,62.74858279440178,291.95030829,1304.026515446,693.9451177138,419.39107177336,555.98735245,433.562807629,784.0734877255,133.063405097,516.504778456,465.13992949014,687.01193736,105.671727675,1205.022375346,517.48690508,112.181734906,315.5641463174,24407.9544614858,126012.62313308383,1927.6187874859,3019.572749592712,580.1789603088592,627.8059655148077,442.3464143721045,1243.425254786978,2340.0106024075276,438.4168263075038,723.4354198001992,396.1332182963116,2023.3600101912007,3831.442381847175,640.0058763773238,1019.9697428633862,3602.2427596652033,692.9396228179354,373.42208860432686,346.0699479764741,26.114193985011706,573.7157172012361,293.67472777142353,1001.9892660724829,428.5267250368863,7.8148671488743275,2201.341711987344,45.49958166037686,2046.2731081689633,35.626537116244435,5527.26474030722,86.36877610185184
7,2252.7340801470077,222.68080908618867,3980.7191518346103,451.405900725862,2604.6663660192494,350.4863762080204,2477.736775602017,312.0735335946083,10661.879431661366,1043.73401841335,886.7968347365098,71.63988603278995,2467.1225870972576,343.0032979808748,2589.9959923698534,403.5923263076693,1905.7378604843493,205.04738304018974,838.3055639397754,94.13148789666593,4309.433341228422,610.6107470986899,15760.65322779201,415.02148427083335,11365.807854676732,1598.13083625,7339.588597318432,11095.469928822775,517.5741359166666,4582.148557639592,764.9263341666666,2784.5356289855913,764.9263341666666,79826.0,1651.7463891666666,1863.1818226350824,863.4360502083332,42346.60960094229,863.4360502083332,1110.0719439200268,17346.510989509705,1694.1099472916665,23034.173867908266,23321.31304308426,609.9109516041666,25188.32682686588,1201.6882454166666,13856.201314820537,33811.62215304277,4306.051478078358,21551.08447106074,7691.54087561186,102760.932722111,80002.20402252235,1807.4573643281747,58462.499021866344,4929.132584942551,53544.5464376106,3553.618694457005,3334.256524261511,381.1165987357963,57.96133287368262,253.304109206,1143.304190745,602.27712012498,365.538752927,482.93376704,377.060214117,685.3418333605,114.367589467,452.566832607,409.97695750237,607.312829338,92.140527101,1052.610086908,452.96698931,96.817011693,271.36812605691,23869.6968170296,109604.78273739526,1914.7748379024001,3019.572749592712,524.1410464906479,560.2702137465908,401.90566372789345,1102.1802037062348,2070.1897565070044,388.2148684868441,644.6161513388048,356.4460432237708,1791.869775102281,3375.1519195605756,574.2493200333289,898.3242768422276,3176.345062821085,615.0287788241238,327.67364451285425,301.8932196224622,23.03058972470406,505.18095091767816,255.6210142645078,883.1022123162037,709.1243390474284,78.9119550138712,3749.996717340952,491.25074127316475,3291.827953199573,396.05054511129856,8642.672858825434,913.4316070470959
8,2142.3659070169183,268.1171589088626,3658.65613153659,510.63684040214866,2415.498480583763,397.63326880708337,2324.4150315539173,366.9188166009262,10181.22278984203,1203.889925675816,856.5606120700064,85.98517293483019,2311.1238614349168,420.24253522604704,2437.145683996506,468.1121002100408,1826.5262239363942,260.13563099503517,769.6251396253933,119.90411456627771,4056.7446769537573,701.7318021263927,15299.618767604768,415.02148427083335,11575.780522496287,1598.13083625,7829.972873769869,11171.297965567443,517.5741359166666,4363.0445619254715,764.9263341666666,2749.419777750745,764.9263341666666,80638.0,1651.7463891666666,1882.1178197455893,863.4360502083332,42827.07753386801,863.4360502083332,1034.8391373009565,18369.090107364296,1694.1099472916665,23177.09804128605,24237.22363829639,609.9109516041666,26076.748829734905,1201.6882454166666,14925.05844335723,36632.37954141431,4634.660618424185,23341.181615659334,8334.789627310694,111763.21794046616,81588.28626636477,1958.5088832740523,63407.506702096725,5328.070142524004,58163.335542331304,3842.8906193063003,3046.208516739857,422.27830280410126,62.65340879297722,277.83980729,1242.820168795,661.87031323171,397.99973747379,529.45085953,410.997743929,745.3122086873,126.074471665,494.19401372,442.45602111200003,656.339675419,99.459079997,1148.522820364,493.51604373600003,105.785653889,297.40910373173,23084.6588063896,120005.10342068538,1845.7171417726,3019.572749592712,547.0633144371536,592.5075628356026,407.8472771764805,1190.7989030843778,2232.733136487314,417.5622234427711,688.6035511740378,368.9591540749112,1937.9597730083049,3659.8577488467,601.9987377490418,979.5229749064001,3458.657809070371,657.004017582538,358.86620337161617,324.6902404938512,22.792062869379787,540.3730501924567,275.4928068831056,957.2315604000726,666.5703560648042,102.50701982527971,3533.4676890217106,577.0312428036705,3152.4658993726594,482.45061576366425,8213.587905207163,1083.4096894972026
9,2252.376406065928,160.68532209983096,3886.4522458146917,325.3339377241209,2605.8172352081024,250.82621583342552,2460.2909397129392,237.95366806536913,10646.583659222204,802.858215786051,895.5318218947554,54.953855745494366,2485.4286523074793,255.7517633875832,2615.5893490658814,286.3641093787737,1917.019857352465,148.43988092429936,830.6992373471473,70.71130680199713,4365.81225310488,434.55676230741665,15765.54893444925,415.02148427083335,11539.839547947784,1598.13083625,7834.4697566625,9944.928231426073,517.5741359166666,4401.692129110732,764.9263341666666,2850.200833832183,764.9263341666666,77172.0,1651.7463891666666,1849.1813523871228,863.4360502083332,50467.939936218056,863.4360502083332,1071.01106274427,15976.53279096376,1694.1099472916665,22016.29308902463,22320.606231244918,609.9109516041666,23953.43403534512,1201.6882454166666,12136.255441600817,29272.615114631924,3777.2717939180893,18670.55898798721,6656.460502004969,88274.95241896772,81612.60347059963,1564.3936005020312,50505.2657064129,4287.184295021014,46112.24604138057,3088.1382854298326,3319.2915356357407,270.70194629137404,55.52987977512653,231.768012904,1040.961118884,548.60648238106,334.3863767915,443.02411449,343.885509515,631.8086863897,105.76326199,414.82175921,376.32159462805,573.18696857,83.6884847055,959.214612077,420.178416906,88.846921562,249.71499573243,23405.3411637067,100511.56397929337,1860.6151893653,3019.572749592712,482.11971383229445,509.7511267445354,372.2857700322083,999.0000991307536,1877.7104042925248,352.6574486857014,593.8037803468284,325.972533786532,1683.4598638290877,3050.4853067914514,523.2719488999217,811.7430219742096,2885.9485565878726,558.740746836787,298.5682793476011,278.33198823606864,22.032754604948405,460.63703744562594,235.58196315597814,800.278703469432,708.3036340425111,56.71452486515045,3774.9949061689194,368.8570488700643,3364.4625039829184,282.9747343417257,8729.38595293438,668.7183525292203
10,1595.9675640116661,25.150432493843255,2812.742053641921,50.528599938668776,1395.3653723139876,49.9990743099479,1763.7352444076168,37.87284946194268,9302.937712623798,139.75264275399968,763.0888314891494,6.478027719505917,1493.3842682961315,37.199902908556396,1495.6988245152409,46.27592757251114,1776.7751120276569,19.70322011708413,516.0750750810255,8.896592595236143,2561.9411395361194,72.36006974564225,14502.087433118266,415.02148427083335,10371.177053488165,1598.13083625,7754.917842707328,9528.82470239255,517.5741359166666,4156.954759656559,764.9263341666666,2520.4256906084797,764.9263341666666,71761.0,1651.7463891666666,1602.9710537003048,863.4360502083332,47117.65386786833,863.4360502083332,1020.5302407956567,14215.204033863058,1694.1099472916665,20558.697721662007,18239.02772465244,609.9109516041666,22652.558448351876,1201.6882454166666,10054.683978878578,21712.793137111825,3200.179001385861,14667.24817448252,5036.255688771987,71588.36444800826,54140.22881897535,1236.7664326869292,38538.913027233146,3562.5033899412147,36244.48548287115,2623.998021108277,1895.550058107744,53.80098449945217,33.843089875151875,147.543618671,628.138500497,331.809177658902,233.36204760763,294.15729608,230.834024268,441.40469658871,69.715725507,284.54766028,240.13257903516,365.994948063,54.5106300326,650.530407779,274.122526599,55.3456610858,168.81652065293,21559.3359801184,64651.04423158041,1831.0591166898,3019.572749592712,375.8167349140208,380.25549688008874,318.8637149104902,661.151983284016,1259.204007831718,253.29721976440794,404.94950156824706,247.2375144650545,1020.8620881446628,1726.0899332830743,369.60686490739994,527.4283485066516,1634.0945837071342,389.9449810618942,162.16892282201576,197.6196351137087,20.008793294093888,303.677013949609,170.13229729363505,544.7493868978955,443.1047714750539,7.186963613028638,2612.3348629921466,52.16896722407546,2272.482615848057,37.5922610302805,5878.4915805042565,105.239293587656
11,2706.1735103029723,273.42691510985605,4985.821632317427,518.1605418818071,3056.317957275051,353.5381349506788,3174.0613575434745,359.6049798736349,13997.738622515762,1083.3804812310264,1128.9982938099297,92.0756450779736,3128.8409826709444,420.9872068464756,3307.1316705458803,459.62407072260976,2653.4683978385488,269.09658000804484,998.1203277417532,125.81430957652628,5520.866990901902,690.4600366731174,14448.076422883518,415.02148427083335,10101.176368847733,1598.13083625,9309.738118131403,10757.623860123356,517.5741359166666,4844.593518420016,764.9263341666666,2713.7026297574757,764.9263341666666,84743.0,1651.7463891666666,1546.3927435122305,863.4360502083332,28683.345045826893,863.4360502083332,993.8721577547926,15483.600432627107,1694.1099472916665,24691.69842378868,22839.787517743564,609.9109516041666,24998.93205068537,1201.6882454166666,17703.63492735584,39897.746961483244,5612.641759972263,26976.790381436243,9283.629113598186,136828.80829169357,98060.74432279164,2285.323450200604,71664.35929176722,6467.961677938367,68452.3338691241,4790.14773564682,4139.007424733005,365.87982629891485,67.83616974822621,291.853756969,1357.380994577,705.83559774548,446.38230831013,565.50666577,451.476199237,816.8487821747,143.282162037,533.258614015,514.00896536294,737.2536643239999,112.474178705,1230.785324316,527.76137695,117.98673148499999,332.80226829565,25390.3590051397,130033.46922521296,1940.0016912168,3019.572749592712,659.4299448813475,687.6774081438149,536.3309913057757,1268.4423683854282,2403.8578854075786,465.77969314326987,757.6746698950926,444.4677780659432,2159.1775743271323,3964.5399497574786,710.7019954103904,1065.0731068843827,3859.766820009388,746.330786445589,386.44874267503985,374.3512548310572,33.559396701662045,620.4834492887877,319.72020716251404,1049.0228984053301,805.8634455220106,107.8314852155745,4853.699192903001,589.6659160833806,4137.837026744322,510.42289853841066,10522.411466477994,1049.1285907402635
12,3984.383618874135,177.76925751916133,7533.377742584733,334.06027723196894,5301.640234982605,255.38871114281937,4917.845005172633,227.9679707447067,19778.098032529128,755.4419728757348,1567.3284398489811,60.10455396026373,5243.590106971543,272.46736139059067,5679.13337480825,326.5857513602823,3675.657551707189,172.6362089458853,1544.2103307196114,75.6522963065654,9608.06719412239,474.5669354896527,15637.598000124453,415.02148427083335,11363.053608800325,1598.13083625,9190.598171448455,11043.289216861576,517.5741359166666,4987.432705747677,764.9263341666666,2967.4411016338486,764.9263341666666,82849.0,1651.7463891666666,1863.9385207777987,863.4360502083332,44823.72465644012,863.4360502083332,1096.4853961142946,17687.649280124067,1694.1099472916665,24260.230428462994,24742.252281649602,609.9109516041666,26484.950301488156,1201.6882454166666,15368.838238549364,34346.898190032625,4876.251881339584,23219.37598838922,7987.143690275783,116914.5516454504,84694.78493155954,1965.2576700686107,61553.0142492071,5581.087852236612,58621.08010996972,4128.943445668921,7048.584111858975,269.3277175454423,54.73336691773995,231.949699567,1061.7494021887,551.4813141623,355.44789597874,451.96578911,357.882134885,659.0382606524,109.304232226,429.745905352,401.76177278224,577.370819496,87.5811522945,986.057121385,420.16772132,91.776231739,262.89406958515,24637.4324219896,102778.57777817808,1917.0938947196,3019.572749592712,541.083200252829,560.8002806323246,442.68580187059507,1023.2200315286003,1936.2644195300018,376.3464420706404,611.6337544601188,361.9525856466782,1699.2932922908012,3111.3185313399313,574.6697708456675,847.2682019641643,3038.750522393579,596.5320599884462,299.09720964510393,300.0390385385221,27.27271557448259,488.53270443810646,254.6315037056039,841.8084177237864,1269.2560695791453,70.44304856285453,7611.911635717772,380.13547403831035,6666.699130545492,329.3761295452714,17632.28824204655,725.6182101815939
13,3031.2212857652207,288.22401731531136,5578.324137522065,563.2405253518373,3635.641147671514,410.5240214895457,3612.5831319490326,384.8317473856732,15416.542225611993,1245.7561918701977,1249.1562777563693,98.83938845619559,3726.7824433194055,453.4721507206559,3908.7855388896105,517.7787953279912,2921.3633386198626,279.0989403054118,1135.9239910923409,129.7219212744385,6692.379430551381,774.5089159652125,15792.754175855178,415.02148427083335,12115.255852166463,1598.13083625,9659.479275017402,11159.54978321106,517.5741359166666,5178.350720272265,764.9263341666666,3175.9790037305447,764.9263341666666,88011.0,1651.7463891666666,2017.153039133284,863.4360502083332,44705.37859746431,863.4360502083332,1073.0043550131422,18319.447313859266,1694.1099472916665,24131.923671157616,25472.190732857995,609.9109516041666,26670.511800914483,1201.6882454166666,17403.02499277567,39183.06362564934,5517.830029982004,26493.01545563667,9116.703916146276,134264.80628829,90806.43498015472,2244.1143146522686,70362.50256636842,6353.774826465079,67186.53947959581,4705.01630672742,4843.592520714891,432.48127860669047,64.70642708976192,278.45513679,1288.510952325,680.66005198544,421.44485572795,544.48856409,429.265215383,775.43119155024,134.662920619,506.7646083,480.82582903798,699.620223894,107.291965733,1165.669449365,505.79155256,112.752022187,315.01518973277,24220.07262853,124216.96634987705,1923.6664064481,3019.572749592712,595.4700602697231,628.563980508977,456.6703594676802,1232.5020152941436,2292.3190025031076,438.74801667209937,712.8400095854096,393.67078170362737,2070.4215335531417,3794.372077826432,640.4773519194193,1021.5741456081548,3704.254520232694,697.3484257303356,373.667093737849,348.75628353720515,27.388888472285597,584.255185045436,293.27335197228206,1010.5964064960866,928.9307765230061,113.45027234777808,5587.962564434095,630.8012296482921,4899.777466707612,538.2007007598877,12650.349657567482,1169.3237620182335
14,2392.739849761706,157.49159378698096,4304.049142127741,291.66173697821796,2472.1732711820287,243.75264645181596,2724.269767216473,224.7884086528793,12491.601275145342,741.4043949486222,1031.9676207068162,44.54618006106466,2627.499067121906,233.63037251029164,2725.99897214812,268.86089134961367,2416.2771332504212,148.7364191096276,870.2358961268218,65.96510081645101,4551.579697520274,400.9445017678663,16363.497338291227,415.02148427083335,12883.243831172245,1598.13083625,8231.022022331941,10178.885064144695,517.5741359166666,4847.975329440115,764.9263341666666,3087.515654053601,764.9263341666666,80968.0,1651.7463891666666,1701.774533615002,863.4360502083332,49366.168164589915,863.4360502083332,1093.6506490572594,17052.117709672028,1694.1099472916665,22545.20151385719,22118.401714150365,609.9109516041666,24479.56292242207,1201.6882454166666,10653.144765968138,23135.600245201218,3388.9322527863396,15630.357804483769,5368.573997518728,76692.83532718637,74885.30486066685,1318.806474809887,41130.67767282973,3789.829054022877,38764.456446933254,2793.4795188781945,3341.3763073713503,258.2568414886482,57.810023503010115,248.488085376,1101.551728424,590.5528952211,377.55313963929,491.99933493,381.500471487,703.8317004446,117.764866157,457.390973504,410.32264888254,617.157781495,93.565995754,1051.380047793,456.00326853,97.021932593,282.02834171215,22135.8483622921,109940.41640586936,1832.1829897228,3019.572749592712,532.4644068615647,560.150493387859,400.8979048025192,1108.079504818669,2058.392330638024,394.658717240468,639.6844586819534,341.8073173202823,1809.8491590679832,3235.222965772511,550.8610029454604,903.7893219866488,3146.8503505854655,619.1762406356595,316.45851979462816,309.80979787209105,23.608998010569653,509.55255510238726,260.1500481650877,912.5905151019222,696.1683242742318,53.83203202020377,4210.569029202824,332.25448921509087,3583.8730692692034,269.4954402819276,8828.25119606863,624.6824439559132
15,1576.190238960818,18.70510748657398,2772.740945521671,34.59229656815296,1360.0085090054476,30.01269747968763,1735.2812754546105,26.699509710102575,9210.37611564323,94.87710086652078,755.6999352672433,3.8773288233205676,1456.2824434735724,24.500421880627982,1459.407371924504,36.28783901408315,1758.7923629288248,18.676477940636687,506.86739616258376,5.9275492515880615,2497.794283808504,48.4147483514389,14858.08186967801,415.02148427083335,10017.891912457562,1598.13083625,7902.246350708592,9864.101920627054,517.5741359166666,3975.0807421642667,764.9263341666666,2370.7908788897753,764.9263341666666,72406.0,1651.7463891666666,1446.4778114003702,863.4360502083332,43415.636740696515,863.4360502083332,1004.9649897227564,12733.746522692772,1694.1099472916665,20888.278844146058,18245.24079177587,609.9109516041666,22300.525981997533,1201.6882454166666,14284.310184070035,30423.059350024352,4006.04357083084,21988.57677542236,5524.932117727815,96323.14808948604,47181.23404718173,1729.9817471337906,50910.21106835081,4718.913679397325,51848.350468795375,3699.0813396918716,1847.938018749831,34.01167857082328,40.60452334966335,177.75189968,799.501481613,417.11471242686,253.51725951135,366.64292329,269.213600637,541.3347231922,80.520529471,343.960637907,303.51879393832,450.131799494,60.9236437935,795.453977424,339.441083065,67.294071104,188.90892034875,22097.9839097454,79398.55087070307,1850.34986626,3019.572749592712,447.26766921136715,453.8259589795816,369.7330797649561,813.4161317857333,1549.4935978871697,309.087884218168,495.4618281582084,281.86916228408626,1283.2687738124002,2263.165314151755,442.9191376802603,615.1846965453476,2176.441786975828,423.3254871184928,217.08131738958053,217.80066599386004,21.6277516505192,348.9707431035893,182.19611280321777,585.031630247081,436.56324787551944,5.674260456580669,2563.498256905625,40.62284561485285,2228.1145654830802,30.79007400199771,5762.796635883261,78.96868545934558
16,3397.1132087759597,352.2878635674715,6334.545483533476,675.1212395126931,4325.159952185682,473.2063447702676,4133.8014772166225,473.01734210178256,17181.26020191565,1488.2961073499173,1368.8470409050228,123.1206638365984,4322.099059593603,539.9935258701444,4632.809563100229,625.5873280186206,3188.703903199311,340.5940747708082,1277.9366245186427,155.63607669621706,7916.051830531958,927.7149333795533,16166.749857542622,415.02148427083335,11073.420773590435,1598.13083625,9606.524106479625,11363.370557356,517.5741359166666,5040.851083156814,764.9263341666666,2904.0787109570133,764.9263341666666,87505.0,1651.7463891666666,1685.8468033886445,863.4360502083332,31523.099708823178,863.4360502083332,1052.4949962291284,16562.079975988367,1694.1099472916665,25094.77256497398,23721.29514209128,609.9109516041666,24908.64900318269,1201.6882454166666,19161.50257575487,41477.30326025597,5331.926491841048,30044.398789676965,7485.266579437019,133362.00279046348,75060.94830621753,2363.7482167979947,69641.01690796687,6390.482995907891,71497.93802011765,5030.931057020091,5822.677080933614,479.4448164526839,69.08056591755695,295.637076696,1324.213269133,693.05096701171,418.03806863647003,606.59061433,444.115664117,874.8920750478,132.114648626,562.060941834,494.2892509168,739.861615563,106.600333366,1317.647531924,564.35144281,113.990553078,318.58975520385,25567.8163090887,131560.27691502788,1950.2916632515999,3019.572749592712,710.7245918576771,734.0298454490335,584.5075809997433,1364.2097632714467,2585.1654880471187,510.4960105330358,824.288960139467,460.01298997554886,2145.368836259029,3796.474820768344,722.7928703581042,1028.6088389653232,3660.9275585888604,703.1436311685437,364.0080230189568,365.2959192166446,34.804291117718655,576.1571236943379,302.9837182664387,987.4116623365745,1051.2483749645048,135.5568925999105,6346.0043247442,788.1437107650563,5569.935867596056,648.2478082664311,14864.751362386394,1434.8103313061874
17,3263.650741892707,173.7794855395332,6057.216212929781,336.5763868018985,4109.575297051431,241.9764094101265,3957.0090537710507,224.2588885219302,16597.77112750244,711.2495213964721,1324.8220596436056,58.79771141894162,4139.678158566282,273.19573152065277,4382.825300645321,292.0590159948915,3095.3370308569292,163.23510075733066,1226.7793206379097,79.17246587667614,7542.114646954285,452.4523746384366,16203.20849111195,415.02148427083335,11388.75188448749,1598.13083625,9188.649164629987,11361.932989634974,517.5741359166666,5004.523921436057,764.9263341666666,2952.935531019471,764.9263341666666,83044.0,1651.7463891666666,1790.5073063014106,863.4360502083332,45354.26731491256,863.4360502083332,1082.412554978322,17214.946747642964,1694.1099472916665,24438.700690606223,25093.43862434519,609.9109516041666,25704.272459350774,1201.6882454166666,17298.475438385703,37254.71888507921,4825.455624087768,26967.17447267855,6736.443074604442,119213.61865810069,66550.83169345168,2121.6572683760933,62486.080874790896,5751.964203013396,63992.0387431817,4522.180946913657,5536.750179218988,260.9873948348686,66.27294309399358,274.900698876,1220.020901021,647.8812100726,385.36556228309,568.02435633,409.866912773,810.44153236697,120.736613856,519.03616694,449.52102501297,679.480313152,99.048857465,1211.955866174,525.49102239,105.01647351,294.55802954594,24601.4217722836,122068.52355407688,1909.0005309342,3019.572749592712,631.5352624652121,658.1545073590988,489.8420025856912,1305.5318818507342,2425.367275500136,468.74548860318555,760.1285053901319,398.01765743463386,2019.7925866200137,3578.9451662335264,639.6015560882646,970.5689645193427,3485.405387083658,644.9476806271981,345.5856605071748,329.76839482633835,27.85135893937127,532.1882952412218,271.3033975732213,936.8039758445381,1004.6896416256261,69.57686081901193,6102.706966901359,365.602800268447,5360.563481402282,322.5359551012516,14273.65586291482,675.1461171284318
18,3188.0544578132794,281.27427288144827,5946.074513121452,565.4840433225036,3885.6308638685477,397.71815652027726,3806.0115815701456,389.217474951176,16101.25489400985,1238.7782029134687,1290.3436008974568,97.0322987884283,3910.218841417977,448.1675893962383,4124.086509657284,505.8995588030666,3048.7579404701523,279.6370314657688,1238.4912490238673,130.22203014511615,6914.174605063536,750.8661417560652,17286.69717774009,415.02148427083335,12295.28471208714,1598.13083625,9549.552024527171,11497.432375949224,517.5741359166666,5113.672815526148,764.9263341666666,3230.3985756672896,764.9263341666666,87229.0,1651.7463891666666,1985.8355976018615,863.4360502083332,47119.14023861333,863.4360502083332,1100.168181671335,17850.597074462283,1694.1099472916665,24058.291970520084,25421.805814990345,609.9109516041666,25309.74994550182,1201.6882454166666,19955.271741064982,43276.395290481945,5547.715596511909,31355.493903957,7804.313466341149,139390.12274532983,73965.25307480924,2466.8945028630214,72689.47899903514,6662.532994055745,74695.93298457566,5247.691265258858,5233.44215118628,411.3239228669554,65.8290373847094,273.351765697,1198.785096604,643.64501359432,380.46850765246,563.15237338,403.98199707,798.49422193673,121.234142709,513.59728653,442.82396671432,675.44450039,97.638776413,1195.36472043,521.67985671,103.663864933,291.6595927604,24103.5875805277,120891.28174301071,1910.7987077184,3019.572749592712,611.4794636631912,636.5209412370604,467.18508574077026,1287.6794278553284,2379.382910724427,457.45475593444604,742.920843055032,383.75224706312747,2005.4262802676265,3524.746534617095,620.5477247837572,953.3009984915305,3446.4791209723758,631.942056209929,339.8524556873622,323.81523101482253,26.311950420386356,529.2387769309976,265.9651657585302,918.402568435787,989.7164510338051,112.15245948173106,5909.337341672129,636.7658525304869,5073.473357807907,533.3327739909291,12804.87775411513,1160.1683734073304
19,1859.742967243355,118.45547759439796,3335.856451946415,230.17397233191878,1850.275257123719,196.79766569286585,2106.7831781034574,166.86141737783328,10464.693476152499,576.1957700068369,848.9709069055181,36.955131359398365,1901.5124624486798,183.61025822162628,1951.2094572933065,210.08791709225625,1989.8666601739196,109.81165613047779,647.7926204974874,50.775057972525246,3313.72322393017,321.88984656659886,16984.657986442806,415.02148427083335,12359.246581729178,1598.13083625,8201.224262709055,10266.813637352081,517.5741359166666,4536.331163257728,764.9263341666666,2919.4249546776628,764.9263341666666,78538.0,1651.7463891666666,1828.3732786629666,863.4360502083332,53416.026164793584,863.4360502083332,1108.6717173877419,15659.161885844334,1694.1099472916665,21759.705983587257,20811.90671924989,609.9109516041666,23559.59835634468,1201.6882454166666,10188.763352192924,21140.429101003923,2892.6539071707907,15223.82491021065,3878.771591487199,65220.34306469968,49362.56791265987,1197.7861623525823,35181.30674098956,3315.2392149309194,35347.9134180213,2580.6811511654355,2511.800488562313,213.36088993554586,37.669215398766326,162.504066269,730.6606819900001,381.92188722016,231.613501873064,336.47418389,245.894517275,499.63379591068,73.67024433899999,316.371013282,275.53481405893,411.450290727,53.4627159493,725.958924876,310.545294005,60.339354539,170.124866940006,22212.5252138145,72579.14473327804,1877.9237920616,3019.572749592712,410.36432706498016,415.2379212394612,339.32509974733506,755.7560062857171,1429.0725612734702,282.7475625253316,458.2464235264658,258.6510912267238,1187.7612252431697,2088.3633380792835,406.5382669711696,568.0728400832855,2014.8550014361203,389.296000593375,199.5458899242349,198.68422228365156,19.587755004600762,322.6291874052815,165.32562050857666,542.2527359188741,544.2189146015878,41.684618063271046,3170.696242724323,251.36380257690325,2756.980958341489,206.912268422544,7077.354627613181,482.81416505761445
20,1577.6384631987294,15.976701098537887,2772.178316383734,29.628564639249817,1361.9457942178863,25.630159777589142,1734.94790947257,21.320125205354998,9213.242779812677,72.84942153852899,756.0992830445545,5.152050002012402,1456.5945770235267,28.74146363438922,1460.002216666052,24.235344652319327,1759.1428681008538,17.849090130534023,506.78036631122444,8.99163081489678,2499.000508125528,40.827749870251864,14224.970526128951,415.02148427083335,9734.568789793137,1598.13083625,8011.872526240646,10582.02402731338,517.5741359166666,3831.752674621129,764.9263341666666,2141.576015482712,764.9263341666666,72902.0,1651.7463891666666,1245.6156332221872,863.4360502083332,35991.20265896921,863.4360502083332,971.4968231083403,12646.171502615496,1694.1099472916665,21036.635048180033,17290.271765726808,609.9109516041666,20952.207779757107,1201.6882454166666,20038.788099103836,42585.73983616853,5462.580209733214,32089.336982796638,8342.656788898372,114617.38135211213,62663.00680521378,2470.9795509423084,76661.90859521249,6603.209269421554,83161.92597357696,4925.51068388612,1846.3940221116793,28.85456235679885,49.141202523789914,193.866796093,863.2617299844,458.025187675296,280.79059503589,431.44171999,305.343956303,605.8500009033,91.344960999,368.908630048,351.21970239937,525.558920876,70.3615855733,860.086240778,404.06440784,75.28547158,214.15360960258,22962.939315985,88666.5202024064,1884.4895875166,3019.572749592712,487.8682900659824,479.2924618316227,416.4515704630881,961.6771136895153,1667.6460959288108,327.50470147846204,587.9778348190084,303.7228240819968,1503.3292818674254,2439.960473467316,494.1092196423809,697.2349073479988,2529.8108209324355,470.05465976608417,233.06053610694102,246.45156361722687,24.91653657269214,392.52051120829327,202.71920468505883,649.0494090015297,437.6333268949261,7.458834369434044,2564.8212477228767,32.559992862996296,2229.407362078301,31.906940398737788,5761.623499329601,60.360620790626854
21,3469.1517093963275,276.5399319543503,6429.838076394824,539.5578479766846,4518.31478554437,392.443386672996,4242.469265032666,367.3387124063447,17537.776143925737,1178.575993749313,1397.6290225557227,94.96694737672806,4506.734143680694,425.5514617860317,4781.719406546215,485.4115825518966,3226.3924703323864,252.91185466572642,1296.3979420425708,121.02721651270986,8358.563345775685,733.081882730301,16755.071362683455,415.02148427083335,11233.606811559735,1598.13083625,9471.114225423222,11825.866508635381,517.5741359166666,5067.219306603848,764.9263341666666,2943.412395471838,764.9263341666666,84734.0,1651.7463891666666,1791.874516312635,863.4360502083332,35968.996484671356,863.4360502083332,1075.4582483887548,17208.702175795755,1694.1099472916665,24675.223970411607,23085.594739949243,609.9109516041666,23694.243420836792,1201.6882454166666,18140.61283823233,38376.88984679568,4958.000375046519,28890.808433499402,7526.128683629652,102898.78957054747,80466.12803020404,2225.0395873498323,68984.3937742868,5961.978904301586,74651.5461867815,4443.779613123461,6079.866310724616,417.6950475303456,72.53510958340863,320.43577366,1409.091789434,757.30478487294,457.75629060234,642.2955631,494.119542222,902.8173559262,145.473427372,586.93070122,553.87410165356,800.374711007,114.969632025,1399.93409203,599.22174579,122.369320814,348.91625789244,24965.4816450465,141455.4670763618,1907.8931597637,3019.572749592712,708.2966344180114,747.5840130280185,580.7286760260481,1432.213175456506,2746.0871852375044,521.5513792664457,864.0278587991329,466.08041740962665,2342.1292006636636,4059.173542677386,766.6462118591891,1151.2020607458812,4194.863897205408,759.6488446228811,391.4419080041382,394.0288577338334,35.506402958618715,634.8814485584329,322.8415895734738,1082.9003335559228,1076.6861231620105,103.23293737322092,6512.4734106917895,595.9488988984376,5818.471911657114,496.73589265346527,15810.286315924328,1094.6852860604413
22,2972.55982797722,183.47223569615744,5438.995020114103,366.54898220673203,3602.0105081701354,252.0939907617867,3560.8347263457745,243.21936040837318,15260.803173453865,771.6748534059152,1232.5686333926737,66.12285741046071,3686.9724322730126,288.71930133365095,3872.668958641745,331.14355251938105,2858.885658236985,172.65027710422873,1089.2594893683768,82.27776500955224,6729.9453282626855,498.98711112258025,16220.92006024416,415.02148427083335,10971.348314541843,1598.13083625,8824.161209757856,11664.033127405344,517.5741359166666,4642.520485805486,764.9263341666666,2797.9492986270825,764.9263341666666,78098.0,1651.7463891666666,1715.3371796113347,863.4360502083332,44089.799144686374,863.4360502083332,1074.7336296436674,16771.388740627066,1694.1099472916665,23955.462971885678,23609.590696171716,609.9109516041666,24128.102872476004,1201.6882454166666,17319.94706822079,36557.216401148806,4739.84802257337,27507.941978055387,7173.107189745703,97832.32002681674,73665.55603952806,2118.7087791474532,65665.06191796642,5684.746436787313,70972.12968357911,4235.505799700981,4855.592758056893,268.21803660666046,70.63350603755572,314.807183707,1371.481660962,744.3580245671,443.8895016364,624.57075551,480.630577826,875.6257231258,142.116121678,573.359354723,536.3358225558,774.177428426,112.314956501,1362.76232824,579.37953271,118.780745838,339.08761532828,24121.3776563084,138027.3973857433,1898.1453263224,3019.572749592712,659.3598006092293,707.5152183478252,516.7722255285577,1390.9015091202639,2678.187576027799,506.4919139856723,820.7825232391293,431.128760884208,2285.6842272227486,3979.8952489226335,716.9906561228765,1127.5175360831586,4159.487944184364,730.5664963569131,386.82582067455604,375.78158326361216,30.474925156797006,615.5944073026492,307.0713456207663,1067.8959579446953,898.7920377524869,70.9077351205051,5486.871042777487,407.1161217689514,4851.498314937951,339.6177452089032,12885.065498332484,747.2796832257882
23,3027.9466359437815,256.9442693591118,5655.150805017386,506.1453711045906,3685.6395127860496,374.8519236141874,3600.4252859713115,340.3393075251952,15481.7967739033,1110.5206981496885,1220.2004777780608,90.47871785610914,3635.1973113673134,412.28638242930174,3810.28561729775,447.3945628236979,2898.7268586623222,245.86683392897248,1188.0146814475102,118.99927081167698,6393.127751885975,690.6976697973441,17554.552295688365,415.02148427083335,11718.60555138065,1598.13083625,8943.915698767447,11486.712344278283,517.5741359166666,4779.738216297686,764.9263341666666,3050.9673471255774,764.9263341666666,75738.0,1651.7463891666666,1976.0545588568832,863.4360502083332,51156.92199186416,863.4360502083332,1123.0935221597144,17215.52674712266,1694.1099472916665,23415.371145520727,24398.748044917367,609.9109516041666,23672.146714578586,1201.6882454166666,19451.532863901077,41283.6107644265,5306.473892468571,31099.779972840723,8090.040281669691,110991.89717539375,83363.60828929085,2394.8909335514427,74286.64806744365,6404.8261713746515,80528.99465981369,4776.4732903973245,5116.6600184851395,400.55284321680665,68.08740994389008,307.19226178499997,1330.9901901265,725.15344733304,433.19196177289,602.48463524,468.580791,851.4280087868,140.261627844,559.360620865,523.06026030234,754.152719385,109.3515692475,1323.823021245,558.58628965,115.942515964,331.79511420175,24034.2361372495,134388.3630961273,1893.9252450229,3019.572749592712,634.4988471082008,681.0819117092739,491.6503918503342,1364.8277863094359,2600.298349512486,487.5405212107609,799.2000270728006,411.0623375159472,2225.1477585343982,3867.4228575994493,685.3814636355971,1096.7103884615924,4040.6291849046465,709.9139814184995,375.978196035805,364.71603242067295,28.625179445451714,603.1768933766804,297.73103833078716,1038.1417904156694,928.9514279568025,103.82326363399625,5554.240827402895,555.5591506557539,4707.191363643585,476.86963837221265,11818.513386756389,1025.2506489288062
24,1703.5532777569103,80.39460751833394,3020.0489438175114,152.93388959053846,1577.8546855342092,122.90120688825846,1900.5026726319957,119.49185152369319,9766.430823307337,387.8906141798943,798.7068260560055,22.603520669974387,1658.7473903604564,121.28283201158047,1680.0722250718097,140.12653796328232,1862.993856292879,76.34931551199406,569.2336944377408,32.37682152980415,2869.3158709926884,208.05211963504553,11626.259127693764,415.02148427083335,12376.372704238596,1598.13083625,7287.480809420923,9809.509651459979,517.5741359166666,4145.097565298076,764.9263341666666,2707.5620408549003,764.9263341666666,67172.0,1651.7463891666666,1380.2929052598952,863.4360502083332,48276.992787249495,863.4360502083332,1095.1781395741984,15797.618323668306,1694.1099472916665,20317.83690290566,15623.079393299335,609.9109516041666,18614.464680831436,1201.6882454166666,9224.549892592982,13542.331012133467,2300.0852491212763,14058.11332187278,4002.163422038028,29546.017796439675,50423.06587478492,732.3326113053022,28601.920497240226,3110.0383170708183,35570.166493525096,2175.712266651266,2136.268352912184,133.61400842026342,35.46483195896733,140.448896656,587.257478032,323.494868329506,230.41019496944,330.00547569,242.596635039,457.58980329,74.534232379,263.02864057,283.82443355475,402.280541816,54.56875504,594.082939713,302.212509595,54.195554863,170.539369719886,21860.5761821748,65122.57526701387,1825.3732279402,3019.572749592712,366.89797701765315,338.2154519579804,334.4584771621167,723.0953545344287,1099.5576697484682,212.9201270025347,447.7965215859223,223.58665354588342,1155.1187536960995,1600.4676762678105,362.3856623303645,557.6858807565836,2034.6029575807163,385.2760803599897,149.28384336572663,199.06290461739036,20.134237682853527,320.6361172397491,166.18711715438266,534.2438831944114,485.1669449821432,26.203413657844067,2838.5823097908383,176.1751408642158,2472.6884552859237,138.99786164797843,6368.635636009986,324.4537425758317
25,1596.9556524949758,19.7415066070389,2808.834725816876,35.71035137458239,1399.9577096116745,28.911343575222418,1762.4551662636827,24.543403043877333,9305.593887075416,71.57804899770417,763.2162342838651,6.395995338913053,1494.2449010344467,28.430590530158952,1494.4408151288428,29.93446424184367,1774.7919321239601,16.460190128767863,514.2051882822097,8.339659877434315,2567.3239271153698,50.88450360670686,9980.740603040167,415.02148427083335,10245.308077318732,1598.13083625,6495.681324690944,9043.226058750099,517.5741359166666,3364.3840212607165,764.9263341666666,1919.99623823098,764.9263341666666,61025.0,1651.7463891666666,1019.3454322366174,863.4360502083332,31259.128014874208,863.4360502083332,931.1480172736829,12935.821085123593,1694.1099472916665,19267.592579037562,13920.16177043807,609.9109516041666,17285.715916769288,1201.6882454166666,18652.44043381029,27692.265409005635,4422.401569527909,30199.82030370202,8473.017720216492,63333.3094511319,90772.24521555164,1503.7918375568847,60973.65702365338,6508.335677181058,79031.10091630646,4561.325356774443,1896.142872069157,33.18294319637789,44.49339239820351,177.668621945,766.4924535417,417.425715447566,287.17174398955,418.05591727,306.080288409,584.34510455202,92.753143748,343.206026274,352.5352345214,504.658662463,70.2269564495,774.475086392,385.43919615,70.479977344,214.52730445,24840.2364362008,83366.3759695113,1941.4718728325,3019.572749592712,478.6077387482457,451.9669499687149,426.1690958775159,922.53135148464,1458.5122581568205,291.9887866696876,572.6813843559406,281.0099452244976,1443.180666294616,2119.9285911227353,463.20266236362164,698.5473191209554,2536.675578357786,478.5278332786976,200.00691066760731,248.96543042044152,25.203302737804787,401.16859350328554,207.379411127373,659.3665566000159,444.05765733724655,7.247862201184034,2611.7697455768466,35.659400519682094,2274.0610301889496,34.428360894322395,5892.959966028508,67.78309696097858
26,3290.0813522119915,201.59765263274312,6045.695871495078,393.289443125017,4239.194233216346,307.08386434428394,4009.337480258119,286.4971869168803,16742.194883973425,933.6843625288457,1339.087916833923,64.23556050658226,4254.450111199407,308.8028341457248,4478.221063015159,351.5948486030102,3075.4166148768068,189.89036063477397,1208.6597197142553,86.79055371123832,7944.182690204105,536.8190791290253,11685.83571953815,415.02148427083335,11774.475193127395,1598.13083625,7394.0925422999735,10154.824655405253,517.5741359166666,4219.974194859683,764.9263341666666,2596.7045997127725,764.9263341666666,67978.0,1651.7463891666666,1511.6158151941304,863.4360502083332,37383.21463931675,863.4360502083332,1101.9315918753543,18621.546368468393,1694.1099472916665,22259.946679536028,17741.854527210155,609.9109516041666,19991.353485559805,1201.6882454166666,15326.22826691977,22700.089932867602,3673.636579516115,24504.93639275564,6895.675482524806,51412.96522388496,83089.37208689208,1231.6167360959978,49552.72851087635,5309.39748666075,63697.84177106177,3719.667803457491,5707.755521998501,325.5969134797342,68.8384550208265,279.46382614,1241.150808348,671.89485064225,430.56860712232003,606.85816756,449.598517336,820.72013440816,136.582178642,493.291637877,515.48468045884,739.69733117,110.513748175,1198.0888650269999,558.41169924,113.193000235,329.4776439981,24494.8183774246,127391.01939863176,1878.7685772745,3019.572749592712,595.0653485698966,589.5720563714242,469.6569982694768,1350.0280605748521,2341.212019637033,420.2605596960283,781.3963475223079,392.8840040644203,2171.795941045429,3588.274070344816,670.6127304767119,1064.6748681669999,3923.5091400933056,712.9765055949782,346.88942835379135,367.19741384113166,31.56245946035897,596.6080851193266,304.38335628154766,1025.7025951921787,1011.4237639708813,72.07798567041755,6145.511980410613,439.35415472555906,5541.47888338863,354.444212641567,15150.14160385997,810.9764649271965
27,3193.3032109110604,217.63162920158356,5862.622800781137,435.2848411933519,3964.5821990887716,316.1944733520504,3849.6205436785654,287.78413528064266,16220.015369145454,931.858657322824,1310.2826228463007,77.75010609533638,4032.35823740212,349.14770683273673,4277.772700315415,372.64603218249977,3037.410195085841,200.22446159273386,1183.5465786528553,100.5179838394397,7395.994361055746,588.2049943478778,11496.415889061258,415.02148427083335,11212.214021007476,1598.13083625,7319.182944025367,10146.482065640503,517.5741359166666,3953.9050335344914,764.9263341666666,2475.412895999534,764.9263341666666,61777.0,1651.7463891666666,1467.217694290276,863.4360502083332,41154.61190046293,863.4360502083332,1057.643045653129,18308.158920268223,1694.1099472916665,22454.735809311802,17440.32291351026,609.9109516041666,20703.71264161891,1201.6882454166666,15679.697539814368,23230.59747332986,3753.206193031124,25110.119217609274,7063.296183156189,52679.7140646834,79767.72359530996,1260.5401872729951,50766.40553887135,5436.806019004899,65327.27359598373,3809.108905969994,5302.326944084383,341.1469879865472,66.45844455820848,271.199456113,1191.769917734,652.29262208457,416.58604436115,603.50729879,438.301747641,817.93464949124,132.999344525,488.114370686,496.75090989209997,721.581908418,107.784618298,1164.143444959,553.3015801,109.61132834,319.10823049702003,23916.2746299014,124457.83168614334,1891.4731497506,3019.572749592712,589.4609459584506,583.009796777278,460.2718178469338,1356.6666438358516,2278.0223339653326,421.2132551278347,779.3738676954227,367.8896592694243,2125.180393574424,3463.4312383366505,631.4497810642906,1036.1475896923912,3819.6232486001018,687.3819963525779,335.36847005569996,351.6289804984261,28.63202517503684,576.3192731921736,290.8276400110935,994.607546714319,980.6118108157714,84.2418909240514,5953.525401779199,472.4200732575264,5284.061423653804,406.6004938185215,13968.332876000897,859.2042298093438
28,3010.95614988745,232.34797952813096,5635.635076639682,459.3939806614071,3631.7471914393404,329.13378910906613,3574.9260768888475,313.51143699884415,15415.686879892684,1038.9750784058124,1211.245000397537,77.5905546862632,3577.1478106803193,359.19095027819276,3785.0962934977283,412.6242952477187,2897.595410161706,224.8517533428967,1185.5886169698724,102.52669387124479,6260.860307387718,604.5044258194976,12081.350892810784,415.02148427083335,11541.06714897752,1598.13083625,7237.5022521002575,9810.17734849251,517.5741359166666,4175.785866665492,764.9263341666666,2747.7577266792796,764.9263341666666,59588.0,1651.7463891666666,1649.2024841294678,863.4360502083332,50924.89353223257,863.4360502083332,1140.7857282825253,17564.817208691275,1694.1099472916665,21605.080110531264,17752.95265257379,609.9109516041666,19592.876716430954,1201.6882454166666,15623.047018292238,23145.573028086015,3740.453570813001,25013.126564291946,7036.431612918128,52476.692223828286,88395.32694082266,1255.9046256583215,50571.88951762769,5416.386253109667,65066.124552077694,3794.774180177976,5051.387074346275,349.01267380965874,60.911725679318046,245.35520336,1029.3969168207,573.44636380272,382.23485279855,565.26501229,403.305999948,763.8299697414,122.178713345,447.801688364,456.3043465072,666.311647949,95.0791229565,1030.070931218,514.832738266,94.529122225,288.26372502143,23642.3394344928,112433.84621805059,1874.8881287956,3019.572749592712,550.5987521205363,533.738834907122,444.16886737957003,1265.4265857816165,1981.037370883929,367.09879761133806,728.6152349833185,329.61929376468004,1972.3156809921502,2974.8175940358174,554.5141203270117,956.8505506497207,3538.8238155982745,630.0312479249924,286.56076352190144,318.67841380230965,25.057182406542232,529.817232482276,262.7925822943777,916.7874564569447,923.5101275861978,88.88594921305776,5504.949783323883,514.2804231854388,4624.290789367566,423.5621701441705,11514.551441805801,941.3440318182111
29,1625.5224771654425,52.225313352420926,2869.2501315284353,100.32914844609331,1445.8281827630542,82.43431840091944,1801.5424374054357,81.97829634556547,9430.51503415875,276.48072390584275,773.0601116729092,15.93543111346662,1539.9626879325351,82.76130700390786,1546.401500909257,99.14505527121946,1800.724183627562,53.735487163066864,530.436357166163,23.480746114859357,2647.6137212743574,138.86276897601783,10255.18016475009,415.02148427083335,11497.853804079077,1598.13083625,6323.929993243454,8777.916357673806,517.5741359166666,3922.141195091434,764.9263341666666,2520.757827090268,764.9263341666666,58175.0,1651.7463891666666,1364.4637116987233,863.4360502083332,42459.125498590605,863.4360502083332,1047.245240300465,15509.316594458636,1694.1099472916665,20642.751448872583,16372.398521251178,609.9109516041666,22641.119412270826,1201.6882454166666,6979.174436342285,11732.592271924766,1870.0261318954701,10094.46536011777,4077.621677963026,21487.750189285864,58133.855835586524,533.4745404427614,27793.79680135002,3351.7337453752402,24426.13597921792,2094.0408329100705,1960.8709102196979,82.62380744260736,25.292312274542063,97.791270401,470.577002403,253.57005334317,184.42771367788,268.713270961,189.407756409,368.49675720678,57.864006589,193.752819162,215.27029513896,294.095705128,46.9756875215,422.115417918,241.377433983,46.163637602,141.6380400899,20705.3552634408,50354.04909232721,1775.7506030345,3019.572749592712,297.24540920135433,256.41482444663893,274.200995403014,603.0442894603116,788.9965733897892,161.5375777286771,362.9983324781983,156.32828489789816,828.5309546971346,1308.4029082721222,297.2209597463259,434.52987187908246,1488.9138718695986,309.5918118700624,124.8970574238773,166.29834632663494,18.219749116622825,250.4781209132031,139.98027974241313,423.5143515485986,454.53458468315836,19.780348333530128,2675.8880475374885,124.90266071539372,2329.4019549572904,96.51950178481638,6019.3987460716135,233.9410904601682
30,2015.8309828028632,81.14342460851185,3539.439790971762,148.3166813388234,1833.4854218638038,106.94371298700571,2229.408818593606,104.50226484052837,10823.855238097458,308.96733321924694,910.499187002096,27.95440614130348,2052.723202235269,129.64451992791146,2066.7366874805507,130.73726191325113,2104.756412208999,83.95750635210425,678.063046031272,41.38635145127773,3502.2006659820254,203.6832623607479,8520.04391622213,415.02148427083335,9544.11140909592,1598.13083625,6014.1860336810805,8475.156316491473,517.5741359166666,3326.2523664199043,764.9263341666666,1864.2349692253997,764.9263341666666,50779.0,1651.7463891666666,957.2463629764462,863.4360502083332,25815.24833707246,863.4360502083332,988.6870647688861,15247.800603425472,1694.1099472916665,20178.828667521666,14713.52034422215,609.9109516041666,22048.517525816944,1201.6882454166666,12905.320916366692,22543.649564295192,3296.6890229447226,20094.211199985242,8288.67410994855,42711.650755871706,111139.68551070827,999.8145710764879,56620.44045632463,6779.013989121,50770.15609672062,4191.2299454468,2465.818616394919,110.84983195981476,62.84735141403702,249.18182987400002,1114.3049332355,626.61489381856,446.00649945555,560.0102522,458.949785855,757.2896972025,138.655974335,450.21983459,499.4385032092,709.355880189,115.442128582,1009.119861065,523.12485241,110.200898857,342.51101645992,23045.8751818678,118644.7007534848,1869.4450132289,3019.572749592712,562.0943947358403,547.2247630800923,475.47864353392885,1228.0169049070398,1900.96898795857,358.37379289861974,739.689539640934,330.7445815613037,2072.866934631312,3223.4435770498253,622.778178376621,1092.7645857730568,3806.1668028113922,733.2604754421193,314.07351215464325,379.53725374643005,31.190842006351286,595.3314753415483,316.3528053483198,1063.9340443584554,552.1985271726426,35.19267058838159,3414.9703256505013,171.33343148510903,2907.8851521542138,158.32342831790447,7184.171129442841,310.22056491300464
31,3559.111168595771,193.76632773317397,6591.929731781418,364.48226705752313,4652.880178724745,268.68789027864113,4361.8279410269315,251.01399501040578,17904.947805475877,774.2315116198733,1431.040580596065,63.66748349368572,4654.62458875088,288.4239091631025,4962.876253625753,325.3031175509095,3305.8022487981407,175.3888433035463,1327.3844996882192,84.51989634986967,8659.899833165595,501.89400953403674,10521.44899168135,415.02148427083335,11162.222217476645,1598.13083625,6476.569417568638,9307.607096679534,517.5741359166666,4024.0516524630475,764.9263341666666,2481.4492655529743,764.9263341666666,59018.0,1651.7463891666666,1502.049549354811,863.4360502083332,39207.493270811756,863.4360502083332,1138.6193116060792,18443.807944218162,1694.1099472916665,22007.877801829705,17760.66465679774,609.9109516041666,24495.19118696681,1201.6882454166666,11101.86682913912,19253.611843004077,2862.5247594336256,17051.073038123337,7007.160103233917,36252.76042085536,92438.93428637854,857.8972497414335,47847.87155411238,5736.018750226374,42753.10303955082,3553.0101023426264,6217.768686178636,290.8211164835375,55.62467454959252,214.05253193,967.089124935,543.72580237394,387.55329705578,499.52086699,397.250524754,675.5203657966,118.382187751,392.490507688,432.2948190559,610.342677107,99.295939813,873.86789525,461.59479791,95.8275763965,293.56472533227003,21739.0196530313,103063.04429135569,1845.4078316164,3019.572749592712,508.154358854026,483.8325404378681,435.534422285478,1099.663125051734,1657.5646057829042,314.7764759462355,664.7814381855856,290.8778257701113,1806.273448695711,2813.8059160229705,555.755014440435,955.2517180863445,3325.917406365132,643.2417126135539,272.74746171658603,329.27202820793144,27.63507348962903,518.5053638388158,277.387309442291,937.6149942039405,1110.0125304390265,73.19362961687148,6724.419682716829,400.1370658688247,6018.948747447982,346.21937240473926,16236.239024977205,731.7197220679373
32,3046.0425668673906,235.23543131770566,5583.0383199916005,475.0259167384356,3726.666176143799,336.8547461088747,3658.597836584117,322.68526679929346,15574.222939731046,1042.7225815407,1257.0757689268573,86.69747692905366,3807.6693703924775,375.7976184114814,3993.2379968193727,428.05998511984944,2923.336790972405,231.1317486949265,1125.9529961936978,110.94896086584777,6946.158891815434,647.016532279551,9832.921362704728,415.02148427083335,11241.402037069327,1598.13083625,6896.831531554176,9472.324429178861,517.5741359166666,4133.291939604704,764.9263341666666,2585.9802710085487,764.9263341666666,56067.0,1651.7463891666666,1576.8248458937392,863.4360502083332,39762.687893871655,863.4360502083332,1055.1069516567045,18780.60265772712,1694.1099472916665,23296.98062754811,19194.299104495418,609.9109516041666,25349.766670322213,1201.6882454166666,11926.504996682403,20757.997619635957,3061.0484841074053,18442.5627883485,7593.138626148679,39206.119493288905,94426.22210994092,922.7896363218426,51859.17142329205,6212.933404527693,46418.93960782468,3844.839234913593,5007.116462768166,360.9709836838301,58.94244292953607,233.191629032,1037.677938166,584.82608006475,413.62401840854,531.19281502,424.426393073,714.65698610904,126.50035668,420.316190827,458.51634366598,656.741976249,107.017017106,937.331001776,488.934854536,103.28262504,318.10032696018,21204.1043549882,110736.71893576656,1795.4032907159,3019.572749592712,517.1313723057275,498.53791787938286,418.46079345378223,1184.148966265305,1767.6353243379451,331.3604600830939,689.1695454274607,294.39098696980744,1932.9528567896964,3017.6439839001227,555.5043018248275,1019.3552268568723,3563.979644393974,672.9275932538412,294.70581772180265,349.19944551833123,26.202020857994913,548.6636392792134,287.3011045604043,1000.4815920779655,928.6638821071464,94.34297337941825,5638.73704992764,529.755171249155,5006.165969896672,443.62469330988824,13225.4656414235,975.8645953983068
33,2757.6632256409252,182.19554767385125,5083.595654267311,356.1221412839368,3138.747377471481,277.84637135546654,3221.956565854199,243.14066298026592,14199.846146771,817.1563868159428,1140.008225640972,57.35785626620054,3182.672673993908,273.3096023723483,3357.7781040576215,306.8177325949073,2706.349194350221,158.69055677577853,1055.2847402888249,74.73774399422109,5553.702109980544,479.1507015461102,11151.504923001477,415.02148427083335,11723.186095056852,1598.13083625,6856.895474648141,8863.808739730855,517.5741359166666,4225.44616231797,764.9263341666666,2698.018979712031,764.9263341666666,56764.0,1651.7463891666666,1533.3887972261832,863.4360502083332,44010.84258206669,863.4360502083332,1114.0038969409752,16337.190016065324,1694.1099472916665,22537.21298681654,19143.043000079233,609.9109516041666,23889.342205294975,1201.6882454166666,9778.28455497526,16839.003320352014,2543.885029523949,14817.667842283849,6066.637560745615,31512.482961761285,94107.7194839631,753.7419777851302,41409.55034589186,4970.548744632589,36869.26635490663,3084.610891442321,4306.539162821035,316.1624251641333,47.84289103718511,187.112649813,832.199221386,467.64828106736,331.554509682125,461.46217201,341.304243568,621.83276607078,102.776068323,345.400598538,369.23500238846,528.154395304,85.133515399,755.801338069,417.453042954,82.287065991,254.44770356043,21099.4222586704,90541.48960185405,1816.9510780669,3019.572749592712,445.4508177037424,408.276979154917,357.193609584889,1034.3339733568837,1427.2683250744853,271.17305064343395,590.7062823459828,240.30043017886058,1571.7510147979447,2435.255313611086,451.8131037974612,827.7272359326904,2886.1714721959142,544.0677167586907,238.52337435968428,280.19669414573826,21.899274821460363,450.040916631746,231.37322944356882,807.9564860457139,831.5175430403701,62.331549778580666,4974.186431981537,378.1961706234142,4200.372049715951,306.4908792376518,10390.698900514702,696.036143630743
