,72,76,83,86,89,90,94,97,98,102,106,109,115,118,123,126,139,142,190,193,196
0,0.0006039159195878785,0.00019349361942409458,0.0022789081725527,0.0008274134644842478,1.9382754030642678e-05,1.6711036494046727e-05,0.000229078491983243,0.5630388967555021,0.1581821375407511,0.0001871080279480864,1.3754099621028827e-06,2.1514904723291463e-05,0.0012211407735609344,0.004285552657764552,0.014420352048949597,0.0006735523620050308,0.0009742529735591136,0.0030587381818475935,0.0010478177676544018,0.0008091613432717017,0.0016213654781018637
1,0.0007577005407213404,0.00026243801546453616,0.0029790359461481794,0.0010022398190918055,2.9061149992594895e-05,2.405138026904564e-05,0.0003139347651270814,0.002228584010860334,0.0002928501895732464,0.00025077904562848257,1.946636399159479e-06,3.3041589198125996e-05,0.0015321351684510459,0.005761715005603449,0.020547440631815572,0.0008284030273029219,0.0011981479202455157,0.004084480460670994,0.0012748608654254792,0.0009675490863302856,0.0020493611795863835
2,0.0007661341853093125,0.0002697391888934513,0.003068255154778529,0.001006202534329688,3.18803265285734e-05,2.525179320513412e-05,0.0003214006897741792,0.0011557946667001002,0.00015988941003745725,0.00025673949057707974,2.032607875493575e-06,3.447706672184369e-05,0.001571733521722877,0.005931915921998305,0.021499985661681847,0.000833510212526123,0.0012148240412349098,0.004246646087839765,0.0012944520242703338,0.0009819402811513285,0.002120887512345269
3,0.0007667096098249467,0.00026993281021560496,0.0030736817117983173,0.0010064195277723433,3.261579259539602e-05,2.5404415086884003e-05,0.0003216444667819055,0.0010286951459192867,0.00012989622469468395,0.00025700675980332307,2.0499392368834927e-06,3.475124528391893e-05,0.0015772935187439636,0.0059453350747795605,0.02185676897416769,0.0008332317309843117,0.0012176257664693528,0.00426017039852479,0.0012980642386934286,0.0009858736393230602,0.0021410405344881095
4,0.0007670590228821656,0.0002693338112440864,0.0030738575597496543,0.001007548374013754,3.318200613611579e-05,2.5530698672943713e-05,0.0003213493048260487,0.0010105074516341477,0.00012084187453099366,0.0002564007526922204,2.05695311765147e-06,3.4795161710812494e-05,0.001577093819591059,0.005942092589846891,0.022300252745704817,0.0008328376549252164,0.0012175124239247525,0.00426238142775108,0.001298210257607969,0.0009863711987743002,0.0021443317298817884
5,0.000767811794258674,0.00026973082300067367,0.0030741434424574475,0.0010090451676885931,3.331852793728304e-05,2.5567892058423374e-05,0.0003218790037343499,0.0010173824914776258,0.00011646092818400106,0.0002565339460624483,2.0639438848014607e-06,3.4815069975063204e-05,0.001577861814777448,0.005947097230578277,0.02226723293042085,0.0008336885403309312,0.0012187944442448107,0.004267412080794325,0.0012992165745458208,0.00098754213195297,0.0021495854828807873
6,0.00076772083784598,0.00026967443271042724,0.003074325404829206,0.0010092926597191913,3.33127280167148e-05,2.5550905149836818e-05,0.0003218678668031624,0.001065042060732828,0.00011269698120875477,0.00025661664032722385,2.0657989259687003e-06,3.479308776728221e-05,0.001577334297255901,0.005945584946137947,0.022273643044647986,0.0008334686678994456,0.0012181783994925487,0.004266804122139288,0.0012987162620001383,0.0009870500078424569,0.0021493570045167023
7,0.0007672418913900296,0.00027000700099845463,0.0030743446011826537,0.0010081071017962592,3.330450506885548e-05,2.5544627877889476e-05,0.00032196464007342427,0.0010606513317172914,0.00011402332898302622,0.0002569257289601412,2.0690818826864143e-06,3.4759174941200995e-05,0.001577349390628447,0.005946193135624521,0.022280439154098056,0.0008330771653545417,0.0012180999664163272,0.004267851096454467,0.001298530673888167,0.0009871472641485512,0.0021497266437572908
8,0.0007670761164342064,0.00027058709290335073,0.0030747839632999244,0.0010070385440313612,3.328768588064851e-05,2.5532421079253665e-05,0.00032221393598698124,0.0010346018164537746,0.00011928265287264021,0.0002573630851249924,2.071916602918407e-06,3.4726248097028686e-05,0.0015768080359470859,0.005940928377797245,0.0222763635963623,0.0008314304160941593,0.0012165232591883285,0.004264095084624758,0.0012973648483727092,0.0009865678728413103,0.002148310503970444
9,0.0007678291298803459,0.0002717192016914847,0.0030748501968163445,0.0010082152096368463,3.330307041160468e-05,2.5533719086563916e-05,0.0003230448652530013,0.0012236530205696262,0.0001470857929240724,0.00025813500436516247,2.075789459381142e-06,3.4721164371412235e-05,0.0015777070484151482,0.005944155835194703,0.02228352522628725,0.0008316738687015297,0.0012175918080918327,0.004266371356149735,0.0012985346190094256,0.0009879890794311638,0.0021500845068533753
10,0.0007689715485626327,0.00027235181195927097,0.0030748738305703305,0.0010099974177489516,3.330878257441705e-05,2.5531493099157263e-05,0.0003234037340561617,0.7191867937611324,0.18976032528245343,0.0002589116728167069,2.0739180704151396e-06,3.4721519322029216e-05,0.0015784801978637767,0.005947199657955198,0.02229309905234097,0.0008324253640514881,0.00121868202480503,0.00426920471675443,0.0012998214435991004,0.000988912514778989,0.0021522111545097407
11,0.000770014351742136,0.0002718678206944764,0.003074985620791138,0.0010111931900525395,3.329088279527446e-05,2.5516568611381796e-05,0.00032301622431479317,0.8716119652033297,0.3320434707513473,0.0002587537569292562,2.0700537233563318e-06,3.470801726382165e-05,0.0015780468364889092,0.00594388299545302,0.02229050090125321,0.0008320059428512633,0.0012180810598565722,0.004267473869495336,0.0012991473206308462,0.0009881492715039936,0.0021513663035151467
12,0.000770963263536514,0.0002715584318129516,0.0030750016581006824,0.0010104232663678261,3.329436569390835e-05,2.5517978320923032e-05,0.00032284178622244255,0.8883870817870727,0.4031268424004268,0.00025838291402837136,2.0697492172139774e-06,3.4699752898870386e-05,0.00157758710722512,0.005943066309296974,0.022291269751714804,0.0008318017671104059,0.001217862423459293,0.004267180374957111,0.001298808712549799,0.0009876964414506403,0.002151450871616655
13,0.0007710094102515383,0.00027132310659174294,0.003075320728562209,0.001009605100761733,3.329326121361173e-05,2.5517070221622875e-05,0.00032277968253209213,0.8925541146967506,0.45203847943092884,0.0002581831520283827,2.0699587816102304e-06,3.469555541965002e-05,0.0015771390279407493,0.005942077822887122,0.0222894206156134,0.0008321176825797667,0.0012179735906390524,0.004266425268944011,0.0012988067523219471,0.0009875620784347864,0.00215115014382079
14,0.0007706688732210803,0.0002711581016767881,0.0030761792126024405,0.0010088410265576846,3.328271207007963e-05,2.551383871198628e-05,0.0003226648248330282,0.8932622639092715,0.48534461122980105,0.00025802265640639224,2.070176718829278e-06,3.469197498200859e-05,0.0015759432730061262,0.0059399322991448705,0.022283008583440858,0.0008321656700353243,0.0012178645221431052,0.004264500593255451,0.001298318031274161,0.0009873922732430318,0.002150049471339179
15,0.000769589626508973,0.0002718415316546414,0.003080042499222737,0.0010061093706532458,3.326304968423703e-05,2.550639373783658e-05,0.00032296387015767715,0.8817372812825873,0.3302326635130865,0.000258812468755706,2.071288730128418e-06,3.467797183341251e-05,0.0015735575283826707,0.005936828217368847,0.02227479298930163,0.0008304631154509487,0.001216520493780555,0.004261402244592234,0.0012968108975306152,0.0009867122144057885,0.002148974697722676
16,0.0007725986385104272,0.00027428247484619935,0.0031025282034637092,0.0010105063758731937,3.3274971317332094e-05,2.5512110309818072e-05,0.0003245083788523423,0.8911823896585805,0.44556589358204773,0.00026239449845354764,2.0779414135592033e-06,3.46836314537426e-05,0.0015757920362882874,0.005945025840267794,0.022289630742866173,0.0008358126347372075,0.0012262451304703471,0.004268010002060481,0.0013074425657403133,0.0009937138567306237,0.0021677740516369546
17,0.0007718615897059282,0.0002754670598019271,0.0031071844034022537,0.0010093314220591704,3.323356847764021e-05,2.548241022975165e-05,0.00032493341468421287,0.8907853068041408,0.43976941671141473,0.0002633261179906711,2.076307979555662e-06,3.466662082326472e-05,0.0015732799151449172,0.005935688057493592,0.022274320783628662,0.0008334069788892174,0.001225069020452411,0.004261715709274187,0.0013063358143501987,0.0009906756333647544,0.002167106380793114
18,0.0007713202087158889,0.0002777685648390288,0.003110216193581668,0.0010075562634357356,3.325096872575994e-05,2.549081764527332e-05,0.0003263034043412264,0.8914860717090896,0.4461331187845572,0.00026414221725135057,2.0808517584186066e-06,3.4672540087202706e-05,0.0015720316156261494,0.005936318491345512,0.022290465656445737,0.0008322901548768262,0.0012258972648791855,0.004263739615500335,0.0013068965532605,0.000988804396290855,0.0021705594976624
19,0.0007709712566939409,0.00027803541687241066,0.003111408432761366,0.0010066953831369416,3.3223564943183614e-05,2.5469030069606767e-05,0.00032626389664130686,0.89645910212468,0.5633777726065131,0.0002639301232235928,2.079351012928791e-06,3.466258620743425e-05,0.0015716567896482223,0.005934021598093033,0.022307600448886,0.0008319423516371521,0.0012259025854492295,0.004263208434941086,0.0013075145389302035,0.000988315610357126,0.002171095211052533
20,0.0007712305326262776,0.0002778072147710832,0.0031119637538567745,0.0010056664531867088,3.32121254827611e-05,2.5460977738483967e-05,0.0003259624157622555,0.8904641718584946,0.4353826958677908,0.00026357349063836757,2.0794714801098814e-06,3.464924348168054e-05,0.0015707298016975355,0.005929624393408937,0.022301198139014523,0.0008312289592265204,0.001225176518162262,0.0042594899818251845,0.0013068957942957288,0.0009876118257137237,0.002169477179685662
21,0.0007714872051988697,0.0002783060400029159,0.0031108311526791815,0.0010058180008216647,3.323405875764969e-05,2.54723376646504e-05,0.0003262947182212419,0.8883768585068411,0.406382775815917,0.0002634427553619442,2.082737532362266e-06,3.4662803362376854e-05,0.0015715224325368157,0.00593197502870594,0.022286939919803322,0.0008314621908951746,0.0012255564091579686,0.0042606382706521,0.0013073622492133124,0.0009882398699273902,0.0021695377314411633
22,0.0007718525875002752,0.00027892251674147277,0.003111727949537473,0.001006458849231042,3.3237415593664226e-05,2.547283756480658e-05,0.00032661822670002614,0.8967692715608424,0.5358687264373738,0.00026342892743454356,2.0806864324913077e-06,3.4676153022447095e-05,0.0015705827059322556,0.005933634155422489,0.02228745340222984,0.0008313410152372414,0.001225374095687814,0.00426201934968476,0.0013066342863238384,0.0009887149246114622,0.0021689617420572846
23,0.0007719643732733619,0.00027843213605133183,0.003111885947530678,0.0010060505428225214,3.320381548138354e-05,2.544848188907736e-05,0.0003260327217052796,0.9088576374313748,0.856074389095697,0.00026306533608726277,2.0777020075748874e-06,3.466077322556294e-05,0.0015703168247624987,0.005931418549664478,0.022279124836056464,0.0008312744380056152,0.001224558214097845,0.0042599282671905315,0.0013058160030433726,0.0009897931275041432,0.0021662776039292966
24,0.0007722949257433897,0.00027911692976819103,0.0031119024876359045,0.0010058673404151042,3.321920862135239e-05,2.54539906551497e-05,0.0003266541018447976,0.9109245663161009,0.8698686432906216,0.00026336750084682444,2.0848117137929723e-06,3.465804585582111e-05,0.0015714917484548918,0.00593613004231356,0.022283202372526525,0.0008319028270181858,0.0012256937155464367,0.004263033694845427,0.0013068718129041865,0.000991221636503161,0.0021675128817605993
25,0.0007726691612241762,0.00027921871879361666,0.0031112618653771702,0.0010065512554543413,3.321222447628572e-05,2.544698995253658e-05,0.0003267559341401233,0.9087459872930426,0.8403684354203288,0.00026317468338483095,2.0851405158999842e-06,3.4658615375367626e-05,0.0015715262831657597,0.005935209489105283,0.022275464240443393,0.0008317341617479371,0.0012256912175486296,0.00426212197951143,0.001306844386472033,0.0009913315152225136,0.00216705865260513
26,0.0007727995749795414,0.0002790856948767864,0.0031094690665600085,0.0010064548535967286,3.3212303778981306e-05,2.544766029446137e-05,0.0003267267488570269,0.901551022472378,0.7903691920378757,0.0002629113251675861,2.084812979359189e-06,3.4660553336885985e-05,0.0015712694437269039,0.0059345553739638575,0.02227399512731735,0.0008315226233229627,0.0012256056360780481,0.004261671329956014,0.0013066821552756248,0.000991335643673546,0.002166524349118869
27,0.0007723438728280774,0.000278862236049673,0.003106543748385161,0.001005558697273719,3.32132311805738e-05,2.5447880600025356e-05,0.00032676558285028596,0.8543336730735828,0.535507749294261,0.0002626395573359358,2.0859190956775994e-06,3.466283465895556e-05,0.0015710387932248253,0.005933851073439201,0.022278654918772844,0.0008309799030712679,0.0012253398007304507,0.004261467373672306,0.0013065296302147353,0.0009907394659215353,0.002165988836229996
28,0.0007711973216019705,0.0002789697848486902,0.0031063705622378854,0.00100380787088088,3.320638294236779e-05,2.5441782975646025e-05,0.0003274430785863106,0.3127223025568743,0.03687814034176593,0.00026274366948167687,2.088426137587545e-06,3.4664734031283454e-05,0.001570500422290429,0.0059326482614723355,0.022294446093116076,0.0008298136315456311,0.0012253658525183276,0.004261387362134592,0.0013070206147187664,0.0009886427616678708,0.0021672311482973895
29,0.0007682494674676714,0.00027962971878448364,0.0031073731805821236,0.0010001150870948153,3.318971756231215e-05,2.5426581336229904e-05,0.0003290551257431985,0.009649317607636765,0.0009919784960133052,0.0002634811198716895,2.092842287903225e-06,3.466826397123512e-05,0.001571166187861658,0.005940600489118661,0.022368856549601142,0.0008262185121310814,0.0012243258428708804,0.004268895777285177,0.0013064182585545425,0.0009832446025926603,0.0021685405302065567
30,0.0007610531085317908,0.00028091354806193,0.0031109103666603953,0.0009942219463140545,3.317192035687442e-05,2.5408134746169027e-05,0.0003315673685835296,0.002201771937764178,0.00027542292343209424,0.0002650390298683171,2.098388987367453e-06,3.467560549520855e-05,0.0015897832466112232,0.006021653357690167,0.022741535721406983,0.0008211094059391653,0.0012229742721734202,0.004330621806306681,0.0013058626630652794,0.0009748522435628987,0.002171886486038223
31,0.0007492470655169859,0.00028180702857567906,0.00311230343570731,0.0009860981101069504,3.312233313650882e-05,2.536780877057348e-05,0.00033358077655036724,0.0022872009707528597,0.00028392147583606914,0.0002664611531536686,2.100507924376258e-06,3.4665138769093365e-05,0.001587195567383033,0.00601436639201479,0.02281543215156113,0.0008139938801529785,0.001218567315423887,0.004332393872423644,0.001302445571108887,0.0009643898550241869,0.002170788331969929
32,0.0007376062457255295,0.00028300949655515206,0.0031119504864147445,0.0009789915738304192,3.309849328070804e-05,2.5342729625004026e-05,0.0003356395438983326,0.010483423597649921,0.0011091344488123472,0.0002677079363298429,2.1051242892096524e-06,3.466079694565854e-05,0.0015811257856658293,0.005993737880715262,0.022838049776379564,0.0008089941957951687,0.0012143787704805668,0.004323436589958499,0.0012987377033104172,0.0009562062726113897,0.002168242374508494
33,0.0007333108346926295,0.00028483161667238794,0.0031116432352662976,0.0009776734482919622,3.31083796468953e-05,2.5334176842105817e-05,0.0003382657493887724,0.6741476296216989,0.16289007922629703,0.00026898703750199407,2.111828250486882e-06,3.467926020253106e-05,0.001579794748306765,0.005989495047728446,0.022844027628500373,0.0008099832792526074,0.0012150551811463109,0.0043228409001767575,0.001299407270804259,0.0009552294237752242,0.00216975456977626
34,0.0007319820064745125,0.00028500553673400025,0.0031070718786517567,0.0009767620619784085,3.31067871148065e-05,2.5325814212248166e-05,0.00033914843549657126,0.6036394335857292,0.09761877639418799,0.0002688988957872458,2.1118616071854085e-06,3.469168059112517e-05,0.001577458183773115,0.005981058622723739,0.022811144393036397,0.000809778280816953,0.00121375445744383,0.004317128268107373,0.0012982295913921303,0.0009541376571783893,0.002167079224092947
35,0.000732073950303798,0.000285529708226361,0.003108201659954716,0.0009773576064851753,3.311269979519005e-05,2.533023792076873e-05,0.00034007996357603046,0.17601294022310351,0.019717086539878668,0.0002692589754050321,2.1103822391634746e-06,3.4700770202782814e-05,0.0015776082215654135,0.005984889280226368,0.02281874593493942,0.0008108716912209584,0.0012148126647399226,0.004320619859657182,0.0012990708751123713,0.0009546830511415283,0.002169019946994171
36,0.0007296918936374693,0.0002859680999500237,0.0031093147391053353,0.0009753525230066053,3.308169446185188e-05,2.5311909597792156e-05,0.0003407138659377051,0.010386904187853959,0.0010608667702786973,0.0002699117197298812,2.1083047436518123e-06,3.4689228985392245e-05,0.0015759242398456202,0.0059783307231523145,0.02281487174117524,0.0008095800533232212,0.001212783958070659,0.0043158767480556085,0.0012968985585479187,0.0009523844523689363,0.0021666441065120385
37,0.0007269026500252291,0.0002884814593392121,0.003113539801559731,0.0009746885404625608,3.310064257452181e-05,2.53214686240753e-05,0.0003431375932053345,0.01116359683710047,0.0011329142342630652,0.00027225239935374924,2.1158834132054277e-06,3.47044632521459e-05,0.0015787518907723922,0.0059872019034433,0.02288249117430933,0.0008110020707995465,0.0012147795869985301,0.004321003334836817,0.0012985198308625556,0.000952619395229194,0.0021712642585214226
38,0.0007271488078840921,0.00029450342087923185,0.0031468957868474867,0.0009814288795923524,3.3087037619259504e-05,2.530675654373207e-05,0.000348880445410869,0.6862042664336973,0.16037307922163588,0.000278227868164101,2.1185933488098494e-06,3.4725843123697415e-05,0.0016006548820053173,0.006054190634091027,0.023350110026292517,0.0008148063953734911,0.0012264121578244357,0.004361120391807386,0.0013118453785784696,0.0009589082772351394,0.002202660995523208
39,0.0007719116144133114,0.00032398252687545754,0.003444548756678026,0.0010616381939424404,3.3083546559051756e-05,2.5298627651507998e-05,0.0003789586822628977,0.8086234682231217,0.18350874443450568,0.00030583172082781113,2.1196267323007543e-06,3.4749353924274574e-05,0.0017810765317391604,0.0067168317375534544,0.02697784345650709,0.000854387008136277,0.0013405761151897577,0.0047812257599458875,0.0014440738355527756,0.0010331298756599441,0.0024500390395077783
40,0.00209982339513553,0.0007165427034234542,0.012992797538138437,0.0031927677475648312,3.3152871663544414e-05,2.5344104778907803e-05,0.000815797996238565,0.9073472456094563,0.8953968130629351,0.0006779728781224487,2.125676229641435e-06,3.4851634501361624e-05,0.0060759207508837496,0.02940387149230175,0.10153833217729086,0.002409911265213633,0.004300712120435416,0.01926636246357296,0.004680040029983704,0.003088051326619234,0.008653339302348986
41,0.0022351274671416205,0.0007666683916149838,0.014232063178965288,0.003505426262214931,3.316277798648867e-05,2.534578899996591e-05,0.0008503932399695363,0.9111287042671267,0.8790055647352151,0.0007262239771811888,2.1252607866035504e-06,3.487172134702341e-05,0.006622612946933814,0.03403966219929989,0.11239748560580572,0.0025947590219402685,0.00473778593956028,0.021880741042084914,0.005165741952564178,0.0033837402132033054,0.009413679425771218
42,0.0022607088041179495,0.0007733730114691723,0.01439860879079563,0.003565626784353646,3.31390009387172e-05,2.5327169269865953e-05,0.0008465133357142004,0.9129924278221583,0.9000634809522298,0.0007337956351952102,2.1210263859790744e-06,3.485813200132477e-05,0.006611031435782681,0.03505004421152237,0.11269933400573284,0.002630096728322904,0.004771609519848391,0.022399983000261678,0.005199665037967342,0.003440358433291743,0.009458815754104496
43,0.002268686115837681,0.0007761395339538354,0.01444959272968044,0.0035758054687632353,3.317599098245635e-05,2.5355721770293283e-05,0.0008453431633449384,0.9152303063471368,0.9189000703046408,0.0007376014113255572,2.123579321731475e-06,3.4863481516825214e-05,0.006592449051834785,0.03534848642447277,0.11253938929449396,0.0026426205843802604,0.004778401026231333,0.022554206934610722,0.005201174397767074,0.003454065992943223,0.009481210218125775
44,0.0022675128163463796,0.0007768627330221312,0.01443140039657164,0.0035707970759044434,3.3167190178567694e-05,2.5357277584795334e-05,0.0008452434687310606,0.9161267253650611,0.9196476781830746,0.0007394862374104116,2.117654930275094e-06,3.484890290244168e-05,0.006577687832451101,0.03526008149368238,0.11224210134083684,0.00263857457168319,0.004770111083055562,0.022503207080494306,0.005191008349689677,0.003448227925595084,0.009466698396861359
45,0.0022673603656621173,0.000780280338141089,0.014434469981774752,0.00357020408365456,3.317198335823966e-05,2.5369739301647954e-05,0.0008492524499842818,0.9158600723150153,0.9137668690469223,0.0007433994299848655,2.1143578683283825e-06,3.483132199857007e-05,0.006597089471759655,0.03518078006091637,0.11219333536335555,0.002635447753563472,0.004779109355458292,0.02246688660390371,0.005199722447829764,0.003446800804146292,0.009476797331430694
46,0.0022703447387564515,0.0007836985788169709,0.014438586289924286,0.0035761865639812006,3.317768799879907e-05,2.5377321478840718e-05,0.0008525714632472454,0.9151965693362392,0.9102150182640832,0.0007471639770580451,2.112556437866808e-06,3.4815672809574124e-05,0.006623951215106489,0.035121504752271465,0.11221426393757018,0.0026410286166996958,0.004794314114015181,0.022446712423316705,0.005219949305440771,0.003455060191264331,0.009493684737687868
47,0.0022865156847780878,0.0007912119225088751,0.014434996343141195,0.0035953294244471293,3.3172749563952547e-05,2.538077240620021e-05,0.0008607447801104249,0.9160781631076559,0.9217676292400333,0.0007547344049298471,2.1110773565800194e-06,3.480053730435459e-05,0.006662553659498095,0.03489593448974658,0.11217682613725599,0.002656300710290508,0.004821517591025767,0.022344154864587715,0.005250087898398455,0.0034732214090057766,0.009515356786314766
48,0.0022843379221167085,0.0007926028119052762,0.014426687501517998,0.0035958800821381566,3.3208951451607216e-05,2.540658027151528e-05,0.000860682684426229,0.9157380757404285,0.9125871421215686,0.0007557249460679455,2.1144490138002075e-06,3.480906635886089e-05,0.006667008977355617,0.034918516916254694,0.11230713221508046,0.002656231732073748,0.0048259310941338625,0.02236111258038525,0.005254253532924621,0.003475134870030868,0.009518812837671742
49,0.002285001561838218,0.0007942114419428157,0.01436400285212161,0.003593017467826083,3.319761664726638e-05,2.5402197102044977e-05,0.000861713400028727,0.9144448697277731,0.8998691195720042,0.0007578745855177714,2.111690942297922e-06,3.4798628084437576e-05,0.006652399496206083,0.03465565328844813,0.1125249624540054,0.0026535030987809294,0.004817126611501592,0.02222948929531406,0.005243152387473069,0.003469884768319247,0.009489591773113919
50,0.0022543614981894973,0.0007882508537556769,0.014149869746448166,0.003542783955927176,3.319607389781257e-05,2.540806256314471e-05,0.0008533636125479688,0.9127811999760136,0.891166050345899,0.0007535216335005561,2.112386905510947e-06,3.478823695392853e-05,0.006553679271492095,0.03420377961255442,0.11183838808369229,0.0026144178747362044,0.004746188099548404,0.021916874708362698,0.005166521647284542,0.003421215756480197,0.009354514788959052
51,0.00232716121382575,0.0007917726010686159,0.014748979311061882,0.0036638218839067553,3.3219333967315115e-05,2.5423841251554004e-05,0.0008551168567690833,0.9074695021294285,0.8496678528693531,0.0007584345753193055,2.118894834866813e-06,3.480841902445035e-05,0.006789063565752391,0.03572665775457652,0.11570433377826388,0.0027021234629090196,0.004908433061999484,0.022912437082171257,0.005345688128206816,0.0035410903104839816,0.00972775235551531
52,0.002682102285555153,0.0007851776652834042,0.01789394319134815,0.004255071573803332,3.320595957886896e-05,2.5408742880965132e-05,0.0008476870036326693,0.8860996424946078,0.5424732094367899,0.0007560610115839392,2.121394034740222e-06,3.483435311927328e-05,0.00798441173273183,0.042522768822139886,0.13463070650505582,0.0031300537629122454,0.005704358866329469,0.027696032049850584,0.006240196891878111,0.004110150222133622,0.011591864412600043
53,0.9996216260675564,0.0008332502658078652,0.9970348767976739,0.999405371311679,3.3177281617315945e-05,2.5370243805353435e-05,0.000909473545403542,0.7171229420216009,0.1879736919235647,0.0008038164014773663,2.124690869032184e-06,3.4864506795440104e-05,0.9987605860766282,0.9934892223357975,0.9761312747328384,0.9995606431352801,0.9991305512772745,0.9955701739739069,0.9990910269190044,0.9994167439253514,0.9980948821364047
54,0.9998874374517037,0.0034846627947378323,0.9993426186837631,0.9998365911612809,3.31690950578191e-05,2.5326724487694576e-05,0.00398484851265678,0.017932663819536954,0.001861691730383876,0.0033347203055897573,2.130495310025124e-06,3.4921796600293514e-05,0.9996971068436412,0.9986351610527727,0.9946333150034343,0.9998698904991467,0.9997702375067853,0.9990380082986363,0.9997712519213252,0.9998389754142492,0.9995502070752376
55,0.9999066600845145,0.6627093858697763,0.9995133224786732,0.9998679065816426,3.314653404900655e-05,2.5268593200176598e-05,0.6545217834858158,0.8071493327740665,0.8911608835815109,0.7471320446743405,2.1351107558542965e-06,3.495803694651708e-05,0.9997639842571174,0.9990295915879176,0.996203860777925,0.9998914317179955,0.9998169875470584,0.9993034786802735,0.9998190204182061,0.9998687876554002,0.9996581862070159
56,0.9999111176627834,0.8869802509192769,0.9995468262322521,0.9998742711406139,3.3135608641560586e-05,2.5221232436829788e-05,0.8730361402385273,0.8991409263249924,0.8748732380271399,0.9039915714674851,2.1392774330397337e-06,3.498333051774967e-05,0.9997771539621345,0.9991049440014658,0.9965293363391096,0.9998956875580373,0.9998262710177045,0.9993537087847987,0.9998283428439284,0.9998747420423593,0.9996796696219308
57,0.9999127449589359,0.8207645472805283,0.9995546686795175,0.9998763553052735,3.312647459157352e-05,2.5193344447316963e-05,0.808916753840315,0.9064513811750996,0.8879907183618918,0.8626938465853713,2.139851482586919e-06,3.499877678802206e-05,0.9997803322962269,0.9991218471081634,0.9965988492902953,0.9998969584880327,0.9998289366373325,0.9993649393503461,0.999830672058292,0.9998765758645225,0.999684592130297
58,0.9999139786519065,0.6159474495231757,0.9995567809141461,0.9998776161590318,3.311796597135726e-05,2.5189500701982336e-05,0.6372622129199829,0.9024975856735996,0.854361110524595,0.657840780769146,2.1379923369869304e-06,3.5002861302648175e-05,0.9997814999068544,0.9991248878224992,0.9966020378952044,0.999897731374714,0.9998304989356207,0.9993674141208851,0.9998316944730717,0.9998778777470034,0.9996859301244646
59,0.9999150152666506,0.312082183197684,0.9995554635406488,0.999878198974039,3.3117101751997746e-05,2.5192356687356072e-05,0.3487664872815582,0.8654509040233448,0.2942753060089051,0.3143151652605872,2.135736663692481e-06,3.500831620868185e-05,0.999781375103444,0.999118678669401,0.9965597028603891,0.9998981815162296,0.9998311596223488,0.9993642408064367,0.9998317936699664,0.9998787085280774,0.9996851560424109
60,0.9999118295043302,0.37981532319459127,0.9995345187734148,0.9998728995289041,3.312776119688531e-05,2.5203619480853173e-05,0.41656823829532486,0.840807503950648,0.4955471093337946,0.38385943891204477,2.1336346173767047e-06,3.502074195548993e-05,0.9997719227703671,0.9990757825895756,0.9963794806669086,0.9998939774964121,0.999824010531014,0.9993337199116152,0.9998243518635433,0.9998738450000844,0.9996703087161753
61,0.9999000688326866,0.0028575463214014054,0.999458309405626,0.9998547809623975,3.3115755748458474e-05,2.5196729592877318e-05,0.0032978956343423286,0.2562404521029242,0.030504254780099938,0.00274272728706153,2.129232364112904e-06,3.502257368699185e-05,0.9997387622263678,0.9989097004551089,0.9957033800448278,0.9998802688582361,0.9997989958179246,0.9992190404413266,0.9997991008671756,0.9998567156684932,0.9996188668859072
62,0.9998990441248524,0.002784964883783654,0.9994567864987975,0.999853384378687,3.312512318220057e-05,2.5209457048551385e-05,0.003213783312305249,0.7250302745869996,0.1577158885133827,0.002669926995843932,2.128442938912418e-06,3.5035791369360565e-05,0.9997397601952255,0.9989104417284317,0.9957052799285496,0.9998808081112258,0.9997984874042855,0.9992202401372621,0.9997997814638977,0.9998566089340674,0.9996192750197292
63,0.9999095638400983,0.6236773875190403,0.9995315638325394,0.9998697381116677,3.3133249666333976e-05,2.521196939804886e-05,0.6028413543164923,0.9008358402369304,0.9079821982341831,0.7051798651992652,2.1277367971303553e-06,3.504630607796198e-05,0.9997730331026732,0.9990764400940269,0.996392706146948,0.9998942776808012,0.9998224275254715,0.9993340054160708,0.9998247202838711,0.999872849084138,0.9996702915966165
64,0.9999114462577136,0.8586120605875418,0.9995503887827231,0.9998733411402838,3.3161754916400527e-05,2.52313356606567e-05,0.8217345018327825,0.9102476995390913,0.9175151571973132,0.889818812715573,2.133936679810868e-06,3.506595914742726e-05,0.9997808181721809,0.9991173099813504,0.9965746854163017,0.9998972104796062,0.9998277470729277,0.9993619103721207,0.999830303201628,0.999876003210244,0.9996830830336032
65,0.999911682679339,0.8861529164732815,0.9995546316868463,0.9998745033014854,3.317028919555277e-05,2.5244634203031384e-05,0.8615486920631413,0.9115713635001322,0.9219769969091746,0.8992467101108292,2.134428246826163e-06,3.5070868565223855e-05,0.9997820379452474,0.999125330176055,0.9966130585527202,0.9998976020299677,0.9998285413382443,0.9993672358563674,0.9998311073088599,0.9998762643765295,0.9996856689976357
66,0.9999115624021597,0.8844532394339852,0.9995552157009779,0.9998747866255341,3.318680466912951e-05,2.526999112767704e-05,0.8588128466503274,0.9134279961570874,0.938235986356815,0.8964483621610237,2.1330973786398584e-06,3.506113590671115e-05,0.9997816173283466,0.9991254188835086,0.996616548749873,0.9998971389245034,0.9998281252608011,0.9993670676477163,0.9998306861864121,0.9998757621657235,0.9996852425227412
67,0.9999114617533154,0.8514962816989226,0.9995542010917586,0.9998749557367895,3.316975584757094e-05,2.528815467896856e-05,0.8150535814869251,0.9161607517307513,0.9539732636593778,0.8728441979849755,2.1301716570710342e-06,3.5021250227128123e-05,0.9997811843994481,0.999123630779641,0.9966093048579605,0.9998968591149814,0.9998279247298871,0.9993657471437375,0.9998304755989831,0.9998756529893824,0.9996845504380758
68,0.9999108632509143,0.7970914709580693,0.9995482348864787,0.9998737781463722,3.321213009601941e-05,2.5343027913405343e-05,0.7715428804783622,0.9156823833217237,0.949582639074791,0.8262196017958277,2.1341959739594727e-06,3.5002844261790044e-05,0.9997790160516402,0.9991121044425928,0.9965599858530664,0.9998960928652321,0.9998267381508688,0.9993580501812919,0.999828969770842,0.9998748260033281,0.9996811276550223
69,0.9999078231806791,0.6722542807060449,0.9995241515144422,0.9998693681640877,3.32303838064117e-05,2.5378895387478357e-05,0.649810879741242,0.9126361297538533,0.9288126624409917,0.6962805893533772,2.1308545147064866e-06,3.498636579910343e-05,0.999769533775197,0.9990612722669072,0.9963492210225768,0.9998927269239626,0.9998201998235791,0.9993230322878222,0.9998221499229242,0.9998704495364926,0.9996662187634693
70,0.9998946197186177,0.528440666006244,0.9994259117013498,0.9998485830034016,3.325963878321918e-05,2.541458048364007e-05,0.47078665673667836,0.9077741120522009,0.8345782373400602,0.5581361717801931,2.124778764927225e-06,3.4964641288143295e-05,0.9997285631961078,0.9988466412263085,0.9954666624123298,0.9998773626888583,0.9997908362529379,0.9991729561741106,0.999791834790945,0.9998505676131741,0.9996009298724302
71,0.9996775729724862,0.0008280050532769092,0.9978606768692441,0.9995039270874896,3.323666049758677e-05,2.541878525189551e-05,0.0008837674548623797,0.9065469329211581,0.8173023638604906,0.0007988712187376837,2.1153034096079552e-06,3.4900693553690574e-05,0.9990525196164731,0.9954192783571444,0.9830349207527628,0.9996227716128535,0.9993145304028326,0.9968347608142577,0.9992841344351863,0.9995225573077641,0.9985768519984957
72,0.002610205486224876,0.0007665287568702338,0.01746601059051414,0.004145153738634059,3.325895213890026e-05,2.5454489025132753e-05,0.0008309251226372336,0.8952657204596857,0.5302745271329921,0.000741652273749141,2.1119218449262035e-06,3.4871374858861995e-05,0.007771354987429858,0.04169751326501002,0.13139222295753167,0.0030484494773440523,0.005559438493717603,0.027028582829176816,0.006070716862158428,0.004010863937880579,0.01132598071320294
73,0.002256748723695082,0.0007775019288627702,0.014445784564966816,0.003555752691927652,3.327762385956194e-05,2.5479423978519317e-05,0.0008387629947899521,0.8557116384344957,0.2811059283065913,0.0007463436318059739,2.110748193258704e-06,3.4852569593481706e-05,0.0066329435942836315,0.03496297031987076,0.11289439063765908,0.00262408716677656,0.004775683667839382,0.02242434062952589,0.005200699911111649,0.003438281726486998,0.009499576064974723
74,0.0019584946964924235,0.0007420802563463339,0.01216503927614322,0.0030663985134455458,3.331746384611632e-05,2.5517134486831485e-05,0.0008020082128396574,0.7068700282093646,0.1902777577347437,0.0007093431815655884,2.1133039864458354e-06,3.4857069580484016e-05,0.00571557784759176,0.02924084216456965,0.09811369811673101,0.002273900583886189,0.004122898730846151,0.018780376345257394,0.004491158200305699,0.0029685453517068923,0.008105775511967634
75,0.0019311949185647583,0.0007396645062155865,0.011907042227178234,0.0030118467651102272,3.329938253080138e-05,2.5514861985287042e-05,0.0008043045914519739,0.0021812346580807906,0.00026803197570890084,0.0007056160928366716,2.109332653466639e-06,3.4848395162675615e-05,0.005631178776940606,0.028443760844808333,0.09673983809340148,0.0022358279762416276,0.004055948762938524,0.01824726413702992,0.004416761428637931,0.002912757153347429,0.007943903731258318
76,0.001931426074600181,0.0007397246462688978,0.011888365518621123,0.003008118610613413,3.332335972331436e-05,2.5531633259970846e-05,0.0008070220959523639,0.0018130930725347738,0.00022259332026423867,0.0007046833960930778,2.1149777295907425e-06,3.486575028610134e-05,0.00563860315120117,0.028372177090565616,0.09669813263090203,0.0022337417278865228,0.0040575520908944715,0.0181947928739096,0.004417446839057636,0.0029104652043424346,0.007941331761506364
77,0.0019441541302746056,0.0007411832395361215,0.011961584920091705,0.0030298501956296867,3.330889472203515e-05,2.5511783929395384e-05,0.0008092390693767936,0.0017865827099321557,0.00021109493436657515,0.0007058737384963666,2.118252160538236e-06,3.488896063816691e-05,0.005677741165083877,0.02858418348665801,0.09723998934138078,0.002250289714552789,0.00408571038443256,0.018331976965151788,0.004450028408588351,0.0029328256454870423,0.007997427774958227
78,0.002030857265280211,0.0007568463938059347,0.012555835046822141,0.003175980682461007,3.328506639871584e-05,2.5479060775641597e-05,0.0008236674433990082,0.0018242284921670853,0.0002133099212898722,0.0007205237199979351,2.1212598377962934e-06,3.490986230487922e-05,0.0059232926431241496,0.03015803519230177,0.10141926584606234,0.0023579780312914436,0.004275459977876676,0.01935328627362115,0.004657795836153344,0.003075581657684086,0.00838056924798159
79,0.0022207834159488444,0.0007837974402537999,0.01413899097777526,0.0035054563624779883,3.326700756004992e-05,2.5453055290275947e-05,0.0008482162793264679,0.0019055420355108795,0.0002221630305167156,0.0007459725971517355,2.122391354724494e-06,3.493246999812246e-05,0.006534747141454501,0.034426777975612874,0.1117726385753872,0.0025935041796144366,0.004717869041936977,0.02203075411396954,0.005140871544518992,0.0033945067908646397,0.009335730558150842
80,0.002254126142530915,0.0007840175798049978,0.014354409659427591,0.003556441556633658,3.323333495543246e-05,2.5419400568230815e-05,0.0008480202147250944,0.0019169733535890554,0.00022447975150965185,0.0007468475146124005,2.120817960610726e-06,3.493224204134592e-05,0.006598529063058211,0.03501234534076147,0.11277702102792711,0.0026315834255365243,0.004769055803242951,0.02239343700634889,0.00519946175268159,0.003441323589151107,0.009454067151123298
81,0.0022248370791605873,0.0007813726882285974,0.014217990959140048,0.003511472526649911,3.3262035922022844e-05,2.543135256465318e-05,0.000848460261442738,0.0019022824491677164,0.0002223686315105539,0.0007425402230806907,2.123967618131209e-06,3.4951998372457796e-05,0.006574754462286609,0.034553997156596135,0.1131889158096274,0.0026005830557264045,0.004734591341963657,0.022138022398725313,0.005161037321030332,0.003399751940540408,0.009390833801934546
82,0.00207157882836736,0.0007442951073124214,0.013099083019225057,0.0032358554516962327,3.324614678995526e-05,2.542047867308311e-05,0.0008190476435102419,0.0017975247487559995,0.00021103080876707056,0.0007053384120602749,2.1185664113334957e-06,3.493977185911944e-05,0.006159830545108638,0.03127668934316909,0.10861770963626854,0.0024071727580956275,0.004403750983346924,0.02003967145876432,0.004792377568703177,0.0031319413037864522,0.0087410156284659
83,0.0009061257982712853,0.0004492283080109364,0.004603176872520589,0.0013240852578623825,3.320680906422839e-05,2.5399751237911483e-05,0.0005041196728169247,0.0010442877326387666,0.00012801329195302017,0.0004264362568863208,2.1139404037657008e-06,3.487880147746323e-05,0.00238741821556779,0.009946275667779253,0.04594390301699783,0.001025393704067055,0.0017524769706498675,0.006693213149708759,0.0018983323198173605,0.001286976748445784,0.0032637834101729053
84,0.0008718162418861112,0.00043206757483821057,0.004342951547386656,0.0012522303624042642,3.3208748811986496e-05,2.540869900025214e-05,0.0004916590399833117,0.0010115709515796322,0.00012324347224690782,0.0004095698597026674,2.1132366495645824e-06,3.4868008202148886e-05,0.002269483304594693,0.009194139140431826,0.04231133919412679,0.0009846458446509559,0.0016544685006491004,0.006259306734817664,0.0017861107278914733,0.0012185809377531576,0.0031126319034806395
85,0.0008728788724142013,0.00042844978239267546,0.004336496056785579,0.0012457319634564808,3.320756983204504e-05,2.541299293013247e-05,0.0004903484353816626,0.0010114935191339316,0.00012150092779915895,0.0004059571113038022,2.114148422191696e-06,3.4862498752646556e-05,0.002258776651482019,0.009115847268507437,0.04171793868908323,0.0009849801121021287,0.0016425373568478832,0.00621786831523743,0.0017706627356803544,0.0012127569321434646,0.0031097803525858463
86,0.0008730142923329246,0.00042709382685753743,0.004336833887029356,0.0012462775927844188,3.323903165223759e-05,2.5441729911578657e-05,0.0004893635069679024,0.0010116089323089549,0.00012067664456700365,0.00040462610181543276,2.1185611548989906e-06,3.48815594826441e-05,0.0022596514914806094,0.009116716743341486,0.041676750061777,0.0009857940255733084,0.001643089665173543,0.006218426148805784,0.0017705217304687395,0.0012133288804353384,0.0031139728644349
87,0.0008715587130930099,0.000426341582683803,0.004338365014602571,0.001247729990938599,3.321306966921714e-05,2.5431173636727857e-05,0.0004880617299753725,0.0010113200882401006,0.00012080706116108535,0.0004041342457190594,2.1143713475593416e-06,3.487484267162246e-05,0.0022611218385231876,0.009133891721317323,0.0418853604599365,0.0009833263471367127,0.0016437442786096327,0.006225058405823427,0.0017721724901200954,0.0012128653437056582,0.003113568979191232
88,0.0008814224596373167,0.00043301568258033056,0.004428658530031187,0.001271199623419722,3.323699316822263e-05,2.5447554877077522e-05,0.0004941753652294419,0.0010223984522600435,0.0001228349600753718,0.00041054156734980987,2.1189424863782874e-06,3.4882001059880986e-05,0.0023105160692026045,0.00941561021314197,0.043249015472201155,0.0009972424866390708,0.0016803993795032404,0.006388817146132662,0.0018125239845972326,0.0012350641996380473,0.00317685313147618
89,0.0008833142972043593,0.00043296792641229435,0.004438218104388741,0.0012759150559532553,3.324461765496506e-05,2.5453631672652453e-05,0.0004942988099543792,0.0010233967236754637,0.00012316392004441644,0.00041056402676302206,2.1173144398209147e-06,3.488505370659924e-05,0.0023171828682950167,0.009455832743002697,0.04346645029460064,0.0009997188457442862,0.0016865715639070482,0.006413177913885785,0.0018190848386873105,0.0012392336834998704,0.0031849184334777746
90,0.0008846056112006399,0.00043044295501854185,0.004446812954682923,0.0012765626633624435,3.3227118775063094e-05,2.544755764824652e-05,0.0004923399566664413,0.0010234937954769709,0.00012330258300277956,0.0004082996251700518,2.1127008692354076e-06,3.4860130967661556e-05,0.0023164793912669136,0.009450566450254293,0.043426636501168306,0.0009998026276956873,0.0016840766360619887,0.006413253305851514,0.0018154330026901558,0.0012390331307584462,0.003187020278879348
91,0.0008910563824442409,0.00042683497317489555,0.004481074308360245,0.0012799354084062132,3.3226921663841015e-05,2.5454758556613858e-05,0.0004901956260704298,0.001027913191296963,0.00012413990318161272,0.000404830277483752,2.112633618470212e-06,3.483263356258233e-05,0.0023162313724605955,0.009442285216129805,0.04304941628150638,0.001003946973882964,0.001680756390900951,0.006417570665844405,0.0018102626607358005,0.0012429041615597551,0.00319966984112872
92,0.0009190192164386849,0.00042376858317771525,0.004539640677564496,0.0012977043419945206,3.32566422424373e-05,2.5478866851328154e-05,0.0004910231647471283,0.0010456271996266203,0.00012415264907374694,0.00040092300371543017,2.1160774551821858e-06,3.482590867581018e-05,0.0023074978839198396,0.009352876254400674,0.04109346996103046,0.0010277199273523584,0.0016827069905924626,0.006393430699697815,0.0018063252274112527,0.0012627302354330727,0.003210768294017892
93,0.0008636949499056132,0.00037398024601723403,0.0040842906145388625,0.0011880226046063322,3.3218866545657176e-05,2.5457131665462184e-05,0.0004385113587655182,0.0009938720442316806,0.00010934336652703104,0.00035297483615424473,2.1111776632659118e-06,3.4788634834149373e-05,0.0020480374597297937,0.008182206467193132,0.03407843852918952,0.0009521352439513266,0.001511816408231582,0.005694616691231712,0.0016211175202622695,0.0011567213295586068,0.0028721561039354087
94,0.0008660416168463675,0.0003590474591059305,0.003989612918478618,0.0011742378250133281,3.3237401156613e-05,2.5469151574804645e-05,0.00042381248086617536,0.0009937513522254283,0.00010439425977019463,0.0003382888764175699,2.1137372508852185e-06,3.4766585075392125e-05,0.001991265074581542,0.007906014785363461,0.03199136125115938,0.0009563087344848916,0.0014897889787509424,0.005563727708430926,0.00159248800976697,0.0011472573714067288,0.0027849050114443054
95,0.000720587313485051,0.0002889530067664858,0.003137437682753406,0.0009693390342300763,3.320503673792372e-05,2.544991435671684e-05,0.0003428894893013343,0.0008526827611521598,8.513169927252568e-05,0.0002725677823997146,2.1079431596009887e-06,3.471678179459516e-05,0.0015880248880674797,0.0060855634559182775,0.023753754583114246,0.0008042439651359186,0.0012102648521716448,0.004363506975966855,0.0012957123595656347,0.0009470179713433844,0.0021940332303886203
96,0.0007437857088526615,0.00028426892729964317,0.003114010656881442,0.0009851119294751066,3.3218743720896845e-05,2.5465319676999872e-05,0.00033790913033130787,0.0008729347013804024,8.262280108686971e-05,0.00026795933117244083,2.1034505748202683e-06,3.470845407769288e-05,0.0015878914255617349,0.006028163283616668,0.022935087114776,0.0008168870397949957,0.0012192131816664352,0.004333387914823843,0.0013032109658149085,0.0009631647960756049,0.0021733415081050117
97,0.0007552067922424151,0.00028198920219954645,0.003112153181290988,0.0009916075071695627,3.3235973740749914e-05,2.54788070586366e-05,0.00033459271840177284,0.0008754098609592782,8.123039604010003e-05,0.00026590880668587676,2.0997866913753507e-06,3.470590358146581e-05,0.001592239709437867,0.006037446121164211,0.022819633796704257,0.0008196939598496438,0.0012224461618115753,0.004339166688198115,0.0013063424884366332,0.0009699324136246599,0.002172688100981295
98,0.0007612192181600192,0.000281035829780484,0.0031102505802879828,0.0009946602671692742,3.325759658236975e-05,2.5495371170436345e-05,0.00033262630528615,0.0008760695172958142,8.051612326714775e-05,0.00026495889486140403,2.096174758457173e-06,3.471356366096338e-05,0.0015936364996976425,0.0060436990581191246,0.022805688265978744,0.000820714565807946,0.0012234768668187616,0.004343075252457347,0.001305879628117706,0.0009733771850480067,0.0021721620154655907
99,0.0007644442673592762,0.0002802260626283286,0.0031077193975275596,0.0009960808014240102,3.325008139024598e-05,2.5491550319226455e-05,0.00033061008641098347,0.0008769438220492744,7.992278175887401e-05,0.00026420553657352454,2.0914781003786694e-06,3.4703444500742254e-05,0.0015953254393437865,0.006044193459677995,0.022799097941217022,0.0008223895206751736,0.0012237227342111788,0.004343124342385481,0.001306341399777161,0.0009760888842606696,0.002171959813879065
100,0.0007661429021255934,0.0002799081040046935,0.003106694802643831,0.0009961764717296212,3.3246906375304596e-05,2.549168947027954e-05,0.0003297257859168895,0.0008781267554336164,7.956833194052518e-05,0.00026384279711257015,2.090742809885815e-06,3.469422760601703e-05,0.001595373018717144,0.006041700541539427,0.022789722736640247,0.0008226951756343086,0.0012232792219816642,0.004340308932837272,0.0013055948996693418,0.0009768196064330163,0.0021701123008517724
101,0.0007665775962881303,0.0002803795375044676,0.0031063377948900663,0.0009962620225338593,3.325820010507711e-05,2.5496133441914448e-05,0.0003301698217911043,0.0008786966796863022,7.94635983812454e-05,0.00026399498864927614,2.0962308880817736e-06,3.4705710816973526e-05,0.0015969875965388416,0.006044855084724696,0.022796434025829808,0.0008236318479932255,0.0012246702162418694,0.004342629968950184,0.0013074869596426159,0.0009775840608622253,0.0021726255690245827
102,0.000765517375395147,0.00028066513971094137,0.0031071538954487226,0.0009955662269397327,3.3237640151317236e-05,2.547938934110114e-05,0.00033048249326764336,0.000878246585184597,7.957160029297478e-05,0.00026423770956060587,2.097824537160523e-06,3.4713853225891433e-05,0.0015967771629210755,0.006044162140765899,0.02280584026412162,0.0008232330741183127,0.001224788813667357,0.004343675169556447,0.0013078727412009971,0.0009764114208491925,0.0021743662713194995
103,0.0007640178653354445,0.00028061870498189193,0.0031103194167155157,0.0009942430679058234,3.318493842843013e-05,2.5440326779749548e-05,0.00033031720947041714,0.0008779381863825259,7.95740386809743e-05,0.0002644624832707664,2.0969633701302282e-06,3.470185270247084e-05,0.0015961621718208149,0.006041130269995799,0.022824278679817706,0.0008220296573899692,0.001223867378152086,0.004342869666031853,0.0013071190639064492,0.0009743520683072051,0.002174288394502656
104,0.0007629094703342312,0.0002811577662125036,0.003112757706730476,0.0009930459744616467,3.3200542654344874e-05,2.544296452174959e-05,0.00033120531112539834,0.0008766554102110804,7.961614330942863e-05,0.00026491172974843567,2.102469226625043e-06,3.47204046416204e-05,0.001596674106175673,0.00604595989434086,0.02285359790068291,0.0008216504259297267,0.0012246252627976127,0.0043490095565481045,0.001308168131960677,0.0009731292474118616,0.002178207581089205
105,0.0007646984051747922,0.00028092961628473914,0.0031118311557177328,0.000994929951454737,3.316706872697848e-05,2.5410286388590735e-05,0.00033055089264560076,0.0008768213197160241,7.992484209121883e-05,0.00026490646971303716,2.098411992630446e-06,3.471961439134507e-05,0.0015969035508765304,0.006043464029017589,0.022851170482081552,0.0008228565018076836,0.0012248642576993885,0.004346675572953928,0.001308465019589916,0.0009743060859915725,0.002177438730335915
106,0.0007671335631343676,0.0002802014980778932,0.0031088146256835645,0.0009961983402806609,3.316765056942255e-05,2.5402646968020242e-05,0.00032969378837117644,0.0008766358798805193,8.034738562654344e-05,0.00026462765151254403,2.096575368345215e-06,3.471457131998048e-05,0.0015971053353314893,0.0060415241451933395,0.022833053346613497,0.000824232060607292,0.001224973317891202,0.004344034709004442,0.0013083554661383516,0.0009760570573009331,0.002176227343329017
107,0.0007704729565959738,0.00027852363625235677,0.0031080120473876527,0.0009992332797258644,3.3171723286481257e-05,2.540598544304915e-05,0.0003284887976553791,0.0008768826914199118,8.06307926889428e-05,0.0002641354818278685,2.0953994482077924e-06,3.4712012413570574e-05,0.0015985495379519058,0.0060449440269616074,0.022829496111587397,0.0008266534360674188,0.0012262863993732671,0.00434476465893332,0.0013091233050809763,0.0009797371993914689,0.0021761461273814265
108,0.000773165815112673,0.00027689241385790817,0.0031069016173770683,0.0010019426305999033,3.3181055460150144e-05,2.541608570994084e-05,0.00032733676696116034,0.0008768724058625295,8.073161010561709e-05,0.00026372511813836555,2.0953020480107208e-06,3.471128815550585e-05,0.001599016134561574,0.006045573761080152,0.022821307074251763,0.0008285728472539149,0.0012266950061196337,0.004343999237637729,0.0013090288974209636,0.0009830682419869207,0.0021750871652644072
109,0.0007756971955437213,0.0002753161365563461,0.003105925778633452,0.0010055896043142908,3.318801594627518e-05,2.542517735777855e-05,0.0003262949292225036,0.0008761314289210888,8.118800950343985e-05,0.00026315243588953346,2.096087970003923e-06,3.47112704653179e-05,0.001599864176731928,0.0060424340781286695,0.022800662866733833,0.0008313812116027814,0.001227641845647829,0.004341901769246379,0.0013093327532507299,0.0009874881362937943,0.0021736276149132705
110,0.0007750608516878558,0.0002743053518774779,0.0031039157548676663,0.0010052076108263079,3.318076694272109e-05,2.5426271575509195e-05,0.000325366220714298,0.0008750397718546727,8.213849116541551e-05,0.00026268084521412053,2.0976765692364944e-06,3.471154198234199e-05,0.0015983295929528738,0.006041424937761041,0.022791898566951505,0.0008313168703940809,0.0012260047702207979,0.0043392602413163,0.001307568169504821,0.0009884382361460414,0.0021697788412893635
111,0.0007744953116522257,0.0002750340696826023,0.003104709898188367,0.0010043654403581014,3.3204734261278e-05,2.5446915998826574e-05,0.00032589533030975224,0.000875094129997494,8.334522713496624e-05,0.0002631515577890249,2.103568547132772e-06,3.472690177494676e-05,0.0015983733913925615,0.0060450897399803236,0.02279915225747238,0.0008311001343925025,0.0012262153869469303,0.0043409543369548305,0.0013076182027096333,0.0009884827084781288,0.002170054275113616
112,0.0007733683225756299,0.00027622230708813466,0.0031084654872979046,0.0010043086570354729,3.3202546029473005e-05,2.544611738866283e-05,0.00032650970763594116,0.0008807260815997169,8.666572794091741e-05,0.00026414149053389656,2.1043355682501947e-06,3.4730117678335624e-05,0.0016001123961047288,0.006055777638725043,0.022837681627492914,0.0008313891738348458,0.001227573493276173,0.00434842242141876,0.0013090700146472694,0.0009883549219211164,0.002173593295949778
113,0.0007733934744390654,0.0002751220939265912,0.003108631601292321,0.0010052770350036482,3.317194032137531e-05,2.5429251600030093e-05,0.00032561104751748675,0.0009119236484734622,9.804410913310854e-05,0.0002635739725525245,2.1011759014723357e-06,3.470745585649634e-05,0.001599780251560344,0.006051254696497479,0.022823847985348828,0.0008318046951786703,0.0012266793399144259,0.0043444550683800764,0.0013083325867466764,0.0009887152804217065,0.002170936762964608
114,0.0007740377958879389,0.00027456458309667645,0.0031077891892504956,0.0010066827762833816,3.3195549684794586e-05,2.5445538555118515e-05,0.00032543759350905704,0.0016862537609900047,0.0002103341037940536,0.000263090968043774,2.1058393753781536e-06,3.470267973253097e-05,0.0016013910369051271,0.006055084078653513,0.02282400177636988,0.000833926986705437,0.0012281791289679277,0.004346460700013241,0.0013098667732320576,0.0009910112089792406,0.0021722090697021846
115,0.0007744815899806455,0.0002731003247211803,0.003104880519972851,0.0010094590432180345,3.3202885960865365e-05,2.5451052140499808e-05,0.00032442166728196506,0.001805224144298938,0.00023639617474905154,0.0002618710180402004,2.1048651397292173e-06,3.4699932960588926e-05,0.001601871933885687,0.006052611625180723,0.022803940920515266,0.0008359632427977486,0.0012285521890242827,0.004344203403644073,0.0013102888143303923,0.0009933282176108808,0.0021710195546156942
116,0.0007735088896280733,0.000271327407744734,0.003097510696156391,0.0010104162168708551,3.3218872987337414e-05,2.546533991669441e-05,0.00032306258026466113,0.0018233974390745801,0.00023964642008693273,0.0002603270431951651,2.101491874718655e-06,3.469693864006188e-05,0.001600162197462609,0.006044727866625354,0.022755187799182407,0.0008371137003836448,0.0012275773463453368,0.0043383529514082,0.0013091314449420115,0.0009942000699748104,0.0021679512597310023
117,0.0007631787121808939,0.0002662096858237591,0.003054880612670425,0.000999253256793814,3.320355966712405e-05,2.545955887855669e-05,0.0003179229650155659,0.0018244564421790808,0.00023872927215391285,0.00025573348842655263,2.0943953997083797e-06,3.4675664750133156e-05,0.0015789280822780796,0.0059547427127344095,0.022400432985513766,0.0008266876388895127,0.0012104573368563777,0.0042752391589584585,0.0012909374095155571,0.0009815200202567857,0.002137043387571547
118,0.0007621515082876437,0.0002649390530397884,0.0030487462042466168,0.0009988558920491126,3.3207069117096875e-05,2.5464746937961473e-05,0.00031699743951794744,0.0018133552594290616,0.00024124535267844256,0.00025451797044552006,2.0906501871071115e-06,3.4657685140181104e-05,0.0015761099058043027,0.005938173627861058,0.02230910828393836,0.0008264566528692243,0.0012084614236756832,0.0042626194318011535,0.0012888353528262124,0.0009803745786097023,0.002131719768039494
119,0.000763863263785879,0.0002646759127732655,0.0030499930697241613,0.001003328481702195,3.3244915534764085e-05,2.5489781548310267e-05,0.0003169573363844398,0.0017850083894433457,0.0002540294347893133,0.000254064881192713,2.0889522786550916e-06,3.467292104082436e-05,0.0015779842085672877,0.005943657652999685,0.022288676655217148,0.0008298416703762848,0.001211343873026398,0.00426530251765626,0.001291962110106195,0.0009822939606648005,0.0021341577897181145
120,0.0007649407330714473,0.0002640569929275073,0.0030508019805984797,0.0010068358858849069,3.3261055594071886e-05,2.550244253163448e-05,0.00031652679580992807,0.001817606039841644,0.00024285480878477746,0.00025335516931655993,2.0794197219319605e-06,3.469665361635293e-05,0.0015794588759324563,0.005946203234835694,0.022280566279556407,0.0008320611052573847,0.0012128101429457999,0.0042662686979758075,0.0012936297599187951,0.0009829908416015582,0.002134688342622179
121,0.0007647339999799704,0.0002635733903450411,0.0030509901322226477,0.0010075981142805264,3.3277220008230635e-05,2.5514018287425366e-05,0.0003160827453310083,0.001821071009903448,0.00023742076128243202,0.0002528740426458575,2.073056180027703e-06,3.4714071277045904e-05,0.0015793493739878761,0.00594759301941071,0.022273637733689317,0.0008325655737219278,0.001213399940980156,0.004266963166813902,0.0012938146372350797,0.000983222694731717,0.0021343915154095018
122,0.0007647739379925002,0.00026331252154714773,0.003050710595709465,0.0010080515446602796,3.329032812711231e-05,2.552218639329039e-05,0.0003159209333290065,0.0017580870751107806,0.0002263870184203811,0.0002526382818151318,2.069263047196006e-06,3.472852743328234e-05,0.001580117383555062,0.005950170424249504,0.0222739298717977,0.000833519932307932,0.001214154087324826,0.004268784864747088,0.0012946926838948037,0.0009839719160608547,0.002134945500197742
123,0.0007649573203935981,0.00026325636954172243,0.003049808912393197,0.001008271142453208,3.329778092664538e-05,2.552684442952536e-05,0.00031593744755331696,0.0013086483992948827,0.00016054217557791837,0.00025256759030111933,2.0663136812551805e-06,3.473838446913569e-05,0.001580554520062187,0.00595115829454646,0.022273858556921752,0.0008339973307047319,0.0012144307776878792,0.004269541854954759,0.001294958310016759,0.0009843241129573045,0.002134997198995466
124,0.0007649737769546256,0.0002634274498112823,0.0030493060801722437,0.0010081541366728183,3.330195568197991e-05,2.5529610417168952e-05,0.00031599830080706183,0.001300174982092981,0.0001516807331686149,0.0002527174891104999,2.06396661411937e-06,3.4743470894364215e-05,0.0015810629311843365,0.005951565664140627,0.022275218246807407,0.0008340944898998974,0.001214694400397399,0.0042700297992021375,0.001295252990005539,0.0009844926600985288,0.0021354926512875544
125,0.0007649833538566843,0.00026398833640116197,0.003049035602211954,0.0010076278851677055,3.330388371414569e-05,2.5531011293909272e-05,0.00031628723206007835,0.0012568200301975821,0.00014002957587343727,0.00025324508675836707,2.0625147152446852e-06,3.474289661475691e-05,0.0015814889667748306,0.005951334602301793,0.022280610849404872,0.0008339595785224708,0.001214960128747899,0.004270370066221377,0.0012957153883035228,0.0009846682495609391,0.0021368318779147826
126,0.0007647493889528054,0.0002650647622841488,0.003048844632337304,0.0010061277443504115,3.330570562574923e-05,2.553414881913709e-05,0.00031688258642824873,0.0008842645645507586,8.626542044503303e-05,0.0002543138545899534,2.0616068847782487e-06,3.4738161630833546e-05,0.0015807810253942987,0.005950411865450917,0.02229402503498714,0.0008324836928291929,0.0012142617933180192,0.004271066686867506,0.0012949607829868988,0.0009841800493699568,0.002138265943970255
127,0.000764715242397027,0.00026610580616260373,0.003054194407569866,0.0010042221543301217,3.327778535351421e-05,2.551762566290516e-05,0.0003175819047565897,0.0008831912839255538,8.542897503306341e-05,0.0002555476628101601,2.0588543952644765e-06,3.471201987303302e-05,0.0015794339432980272,0.005943648248112779,0.022296396663038325,0.0008306690155797244,0.0012140625773328943,0.004268023576418455,0.0012948749403708954,0.0009843524159982857,0.0021412577418372675
128,0.0007741827022231635,0.00027065811698773483,0.003098681507882753,0.0010140666847222946,3.32725064669532e-05,2.5516138208204217e-05,0.00032229647547269796,0.0010594714605866298,0.00011263196030070384,0.0002599173380451134,2.0595002944505973e-06,3.469309412028995e-05,0.0015769879434919406,0.005938222073694275,0.022322108150814556,0.0008396064182562635,0.0012292344816339077,0.0042652132775693324,0.0013112888949390563,0.0009950953976034583,0.0021717714241340684
129,0.0007747596907208597,0.0002719602536888977,0.0031035078077633,0.0010134319664502976,3.3269065033176174e-05,2.551169581168749e-05,0.0003232298744805377,0.0012290817122865244,0.00014735269972306623,0.00026104668297223673,2.0593383053629547e-06,3.4682917720257065e-05,0.0015767496917680841,0.005945097602871997,0.022381315643025916,0.0008392834738692222,0.0012301552369539744,0.004270173301303534,0.0013124879095579153,0.0009942689702726062,0.002175126949981088
130,0.0007745118027009112,0.00027281288655740875,0.003103757171458107,0.0010118319681834986,3.326665854752317e-05,2.550162334793638e-05,0.00032371132998621226,0.001304950095411918,0.000163176873361463,0.00026173660805931746,2.059218496333333e-06,3.4675060538604575e-05,0.001599354867451636,0.006036495364857261,0.022748674385960888,0.0008383366536279176,0.0012297335256408835,0.004334666833501576,0.0013120800577170137,0.0009929524515376953,0.002175267916420496
131,0.0007739490394970778,0.0002735346284040678,0.0031040344222664747,0.0010098481843902308,3.326585675365523e-05,2.5497194259579512e-05,0.0003241914348279699,0.0017471130617125411,0.00022825889328443477,0.00026237395639798093,2.0598724653769364e-06,3.467029967960063e-05,0.001601062290219956,0.0060465699413458605,0.022804960786151254,0.0008368870212886462,0.0012288409866128853,0.0043423430348926385,0.0013111204850446586,0.0009912116131690135,0.002174849296910377
132,0.00077336454440867,0.0002741944994559409,0.003105482247709006,0.0010082352679522267,3.32597082480121e-05,2.549204735215839e-05,0.00032450934810410636,0.0018070506751554079,0.0002422520190287266,0.0002628740632181141,2.061041223410885e-06,3.466444992930801e-05,0.0016008178382290398,0.006047661119124923,0.022819892920499373,0.0008356077858744436,0.0012282251927578742,0.004343320882057472,0.001310509080432374,0.0009897549025285426,0.0021749691455690595
133,0.000773056423884956,0.0002743016993494024,0.0031046900729996747,0.0010076218448891077,3.324715008167735e-05,2.5483280670002532e-05,0.00032435306973053866,0.001930670417804042,0.00026409004400419414,0.0002629082676301659,2.0628919849644943e-06,3.46593173254748e-05,0.0015996780291890824,0.006044591413561975,0.02280835679339264,0.0008348782079118356,0.0012272937153434277,0.004340344878352313,0.001309448797475608,0.0009892254632161152,0.002172608415775846
134,0.000772969576251835,0.00027518395698348966,0.0031046593556899142,0.001007689805534437,3.32615601432931e-05,2.549404231544974e-05,0.00032501280002190285,0.0019507352396139813,0.0002685702656173014,0.0002635925831978755,2.067600638238386e-06,3.467567436912494e-05,0.0015997392437057524,0.006047794495846099,0.022809368841862236,0.0008349059353124067,0.001227753956056524,0.004342987110756912,0.001309729538913337,0.0009896372080930786,0.0021735886040036576
135,0.0007724143651608639,0.00027539297340260164,0.0031073949841555386,0.0010067707493184928,3.3220037741313706e-05,2.5471062060238862e-05,0.0003249983223946077,0.002235397676219693,0.0002950737125000407,0.0002646576303055422,2.066059874587765e-06,3.466272110878636e-05,0.0015986142109097744,0.006044138754876863,0.02280893883829846,0.0008335064811448079,0.0012265360596297541,0.004340114427962233,0.001308629681055602,0.0009886487636096579,0.0021716959128160024
136,0.0007716941171904474,0.0002763113993357864,0.0031072225857850687,0.0010059330143896788,3.322370545370743e-05,2.5471138876529465e-05,0.00032578489940774356,0.7348377928284471,0.23271332761810196,0.0002709886095715837,2.071850739895672e-06,3.4662329989914776e-05,0.0015991448482412548,0.00604757568108134,0.022812795051347333,0.0008335178076152755,0.0012272335874590036,0.004342521747900363,0.0013092716162329714,0.00098863449038134,0.002172914808361371
137,0.0007715619922811366,0.00027659336719262743,0.0031073446338956315,0.0010063874192882077,3.321279959995376e-05,2.546109113122278e-05,0.00032608817376792755,0.8813875231393511,0.4199195656707084,0.0002658717489555978,2.0720139322039494e-06,3.466479950519136e-05,0.0015990857310209225,0.006048079230175744,0.0228135478847444,0.0008334975280872754,0.0012273431591510058,0.00434343652439511,0.0013094284288680171,0.0009885198351897867,0.0021734625776374233
138,0.0007713738244538937,0.0002757573525836679,0.0031078774560308166,0.0010059978741006914,3.31759358955508e-05,2.543577555496386e-05,0.0003254588901344276,0.9036779886841824,0.7117760374460246,0.0002647859492639524,2.069086361069798e-06,3.464602294163392e-05,0.001598198993603595,0.006042891914813038,0.02280387781206376,0.0008326518832876618,0.0012260641181025009,0.004339348143102795,0.001308148325772362,0.0009877793341061243,0.0021709672769908233
139,0.0007720932771297388,0.0002762296896851295,0.0031088921475838404,0.0010066193306606697,3.319643934980063e-05,2.5447358167055082e-05,0.00032605870957454333,0.9113862306355355,0.8671059361628409,0.00026503143798161543,2.071930447029997e-06,3.465350983163933e-05,0.0015994732438461279,0.006049176231485449,0.022816870687264994,0.0008337192070693692,0.0012275174715573275,0.004343434423747024,0.00130948574317953,0.0009892383336981688,0.002172940194728831
140,0.0007727290402863877,0.0002765877525326066,0.0031099156673705664,0.001007940251713976,3.320097814057997e-05,2.5448199123582946e-05,0.0003262648820386,0.9134619303680155,0.8759603138630965,0.0002652119236278843,2.068861998451151e-06,3.466646985587534e-05,0.001599765800725733,0.006053254109903913,0.022826793125065428,0.0008345757450452233,0.0012283837815396802,0.004346694792923877,0.0013103229765782836,0.0009903836861362395,0.002174539697290896
141,0.000773009191078885,0.0002760971862180939,0.003110285018491205,0.0010083731181999727,3.317149633570868e-05,2.5428983431174356e-05,0.00032568801296331085,0.9134847092089736,0.8706781163302876,0.000264902392874359,2.062894371680645e-06,3.465738830483546e-05,0.0015990979156687733,0.006049963188686637,0.02282199989410619,0.0008344002374297157,0.001227327365156253,0.004344248937599427,0.0013090062679352913,0.0009905527359110613,0.002172325304700442
142,0.0007734222272521233,0.00027596207155415766,0.0031096849878096875,0.0010083448917925402,3.315756936169645e-05,2.541779622944866e-05,0.0003254943765642905,0.912852822034787,0.8662383339815058,0.0002648263551051379,2.0609782426033868e-06,3.464704034696513e-05,0.0015987169394019946,0.006048583884844826,0.02281484784297593,0.0008347364250981357,0.0012268583136254628,0.004342199614660673,0.0013084068360511014,0.0009914626830966238,0.00217043510376362
143,0.0007736960747657729,0.00027585494890969953,0.0031059560431274495,0.0010093402321689274,3.3168791663685336e-05,2.5422206128167413e-05,0.00032550763381606414,0.9126442280362882,0.8759113779286856,0.00026447746224832083,2.063046195320261e-06,3.466296207051149e-05,0.00159915928489444,0.006049023531916208,0.02279837517779016,0.0008358833161899095,0.0012273376019635066,0.004342448411015369,0.0013087809428285377,0.000993443291632278,0.0021700171095233142
144,0.0007739192579495452,0.0002751050257476829,0.003104159166945646,0.001009864412134602,3.313778667924879e-05,2.5398112967458138e-05,0.0003247857665910444,0.9078327987182391,0.7857497798503833,0.0002639105336911423,2.0607534558197492e-06,3.465471896895418e-05,0.0015980565357874691,0.006042753935130301,0.022776347823978443,0.0008354936560467141,0.001226015590374175,0.004337330167851276,0.0013075130165413021,0.0009936332654581275,0.0021663175714208677
145,0.0007741272935720134,0.0002756722908270144,0.0031032316704921493,0.0010099007650819802,3.316991978512079e-05,2.5421101194407095e-05,0.00032516940891552247,0.9000211035498409,0.631440766330124,0.00026427306906736054,2.0642360549148775e-06,3.466565977297741e-05,0.0015991162203240635,0.00604692632023977,0.022779679981999503,0.0008361531113414286,0.0012269615495435955,0.004339884488114488,0.0013085178240323518,0.0009945867279655832,0.0021674716845679794
146,0.0007741139210418961,0.00027564007553690254,0.0031022931069606473,0.001010273904843437,3.319273192014961e-05,2.54403736028473e-05,0.00032522703987257224,0.8795182253027025,0.478029628078236,0.0002640988065446548,2.063410172179123e-06,3.468110295950887e-05,0.0015993492775709067,0.006046952553199675,0.022777396084342094,0.000836109579752921,0.0012270557507963221,0.004339696802045659,0.0013088020461092533,0.0009945519025064422,0.002167528597432035
147,0.0007739163815030027,0.00027532336531724104,0.0031013883395808427,0.0010099983258167705,3.3219750453135684e-05,2.5464341654245834e-05,0.00032526813276369476,0.6820250190017211,0.1508669466500458,0.0002635974527202249,2.062386816350913e-06,3.4694028818196524e-05,0.0015996496195985906,0.006046815374443385,0.022776236646993395,0.0008361476099830458,0.0012273836341210008,0.0043397635860971,0.0013093353556525716,0.0009943433373079613,0.0021682737264138176
148,0.00077348283842359,0.0002753761472056259,0.0031011649898426003,0.0010091385559570683,3.324005372741399e-05,2.5482522670278407e-05,0.0003253701630441217,0.0009566686716416975,0.00010089829767314255,0.00026339459349094,2.0612263262057607e-06,3.470524322593628e-05,0.001598759995094672,0.006044380711362083,0.022772081818754127,0.0008351765574825848,0.0012268841012286003,0.004338181550605049,0.001308751104839565,0.0009927186195209403,0.002168138471172366
149,0.0007726540945859563,0.000275898191313235,0.003102978944634219,0.0010074482756586142,3.3251462502982206e-05,2.5491302885611808e-05,0.0003259008874857576,0.0008839892346689279,8.492524795199809e-05,0.00026376222269173144,2.0609560390870438e-06,3.471406300379199e-05,0.0015986151187495764,0.006043880258870935,0.02277906192738032,0.0008340766410725686,0.0012268780372143425,0.0043389801438190895,0.0013087966425866882,0.0009906524515353465,0.00216964733081635
150,0.0007710072520040016,0.0002771778060667583,0.003108796473542884,0.001004659057972232,3.325009577699279e-05,2.5490133727657154e-05,0.000327156530060443,0.0008765914436691609,8.03764520860822e-05,0.00026503701993477375,2.0611945457613647e-06,3.4716989659945355e-05,0.0015996020770640692,0.006049003299509195,0.02282326521684482,0.0008328293228520071,0.0012278873946646811,0.004345653405529896,0.001310040409640837,0.0009875683145084669,0.0021745357309691394
151,0.0007643641272851484,0.0002775778955195901,0.003107044783976329,0.0009958823215647993,3.319725961512421e-05,2.5453526867985395e-05,0.00032747646719359007,0.0008776685716261525,7.90406401907283e-05,0.0002653494941606116,2.0607626043463773e-06,3.469383698644673e-05,0.0015929581390492545,0.006026395254803389,0.022817047804983955,0.0008256616247060807,0.0012219045365908818,0.0043332212601052186,0.0013041229698722285,0.000977477996086533,0.0021691535387635547
152,0.0007545460004412186,0.0002796238618549793,0.0030989441043263845,0.000984308723738498,3.3191543248686915e-05,2.5441316713603053e-05,0.0003295072416532112,0.0008726677462139313,7.91668034926155e-05,0.0002652850173280437,2.068790161957602e-06,3.469350574780909e-05,0.001583836386806529,0.0059990198579981426,0.022808232868764804,0.0008162722349269822,0.0012139990953990271,0.00431777434271327,0.001296553260495715,0.0009653957932549699,0.002162895866264872
153,0.0007528815406738657,0.00028055116867134185,0.003104086271298494,0.0009834357213462557,3.3161654705522445e-05,2.5406214601666943e-05,0.00033048687260923255,0.0008724683849227423,8.067215718204742e-05,0.00026574294586489993,2.0727275667855463e-06,3.469729664471479e-05,0.0015835248807317388,0.005999295239042337,0.02283561866033492,0.0008146612878206527,0.0012146091756637348,0.004319652661432907,0.0012967631970544442,0.0009636919856373658,0.0021650625906874913
154,0.0007588106906939549,0.000280233841162993,0.0031131575054053435,0.0009901138104494059,3.31443510093202e-05,2.5385985837190814e-05,0.00033017290328974844,0.0008718713331244993,8.174368674596628e-05,0.0002665226217736552,2.075627449510484e-06,3.470282936772563e-05,0.0015896756002835009,0.006020260464913601,0.022868956505073278,0.0008206445904051815,0.001221222355329869,0.004333439199080709,0.001302937941344521,0.0009704478571303249,0.0021721062272106097
155,0.0007601190651525345,0.00027978134798338565,0.0031146058608168925,0.0009912772938335452,3.314324951221997e-05,2.5381299233478958e-05,0.0003301525186624976,0.0008715754354530331,8.246666145923867e-05,0.0002664138923611292,2.0778541733387485e-06,3.471769241665334e-05,0.0015909121903558132,0.006027362772337547,0.022885467317001557,0.0008218541641590408,0.0012227195243450584,0.00433867184318764,0.001304493050897924,0.0009716174137784279,0.0021751262746202826
156,0.0007594544037332647,0.0002783394741951373,0.0031136473967700107,0.0009897722356391706,3.311883211265949e-05,2.5362756397675125e-05,0.0003295508119953082,0.0008712019156169033,8.296142166543183e-05,0.00026532205915245937,2.0781625827514096e-06,3.4721945569431404e-05,0.0015891722340251966,0.006024046709596731,0.022886316069872195,0.00081998066558422,0.0012204530781553037,0.004335593015138427,0.001301921940825815,0.000969773576922727,0.002172701810253607
157,0.0007638669037000419,0.0002772522203933599,0.0031099043127711373,0.0009940085964063594,3.3113828968257366e-05,2.535626750786032e-05,0.00032811916596913056,0.0008709698142914477,8.331004125569247e-05,0.0002651241477099706,2.081107746643332e-06,3.4738623693813804e-05,0.0015906712837421419,0.006026311469935699,0.02284999687894964,0.0008240050343381289,0.001221887674844896,0.0043351436845956584,0.0013032828107621464,0.0009745100143504799,0.0021714099238119506
158,0.0007658115314165494,0.0002765657282338099,0.003108942791125567,0.00099632903862451,3.309229348071439e-05,2.5336628638036154e-05,0.00032734112141159864,0.0008713737370424348,8.338688818939382e-05,0.0002648890072120389,2.0836361543701143e-06,3.476883284654248e-05,0.0015925112048358354,0.006031381334221786,0.022832187803037113,0.0008264405457504931,0.0012229090519680777,0.004337927991388283,0.0013047824299335835,0.0009776589263482563,0.002171777629652311
159,0.0007658662401926907,0.0002763312461004591,0.003108095662153321,0.0009961150490950185,3.3064446042938696e-05,2.5308022799924013e-05,0.0003269540656655992,0.000871323220096614,8.271749602123064e-05,0.0002647188528411081,2.085739694485835e-06,3.480582336085155e-05,0.0015921152041023317,0.006028959179188893,0.022813439457693718,0.0008260867594235529,0.0012216913471125846,0.00433448619379042,0.0013038409503099788,0.000977652625244744,0.002169033227831258
160,0.0007658211013833536,0.0002769351809635803,0.00310654608517638,0.0009967726151361171,3.3063068587811244e-05,2.529199676065201e-05,0.0003272233846395051,0.0008711937305229825,8.29050771481128e-05,0.0002651993171332767,2.092908995155731e-06,3.490000208024505e-05,0.0015939128652013202,0.006035189713398619,0.02281321629330914,0.0008271813165842937,0.001222933345462052,0.004337451764787965,0.001305313040066668,0.0009791187792294403,0.0021700694735709287
161,0.0007671274264145565,0.0002769164087514674,0.003106675888509337,0.0009990637833805801,3.3060195109914125e-05,2.528407897004712e-05,0.00032713203224800467,0.0008706097484032494,8.354084991583636e-05,0.00026525705054833,2.0929495702278035e-06,3.518573190719998e-05,0.0015955121308091325,0.006041338115329575,0.022817209514770332,0.0008288652454428013,0.0012245858631915166,0.004341380982836967,0.0013070777148270819,0.0009813856214489296,0.002171866702796074
162,0.0007678997085175086,0.0002759617635016864,0.0031063215074678906,0.0010001604297801767,3.304939058227032e-05,2.5284741555306958e-05,0.00032612154192841975,0.0008695747743771789,8.512466143724275e-05,0.00026398011023377944,2.0884848435342493e-06,3.6158604104086e-05,0.0015954081084588881,0.006039702634728208,0.022798458057081424,0.0008291324658996369,0.0012240528112722718,0.004339335376345294,0.001307007364503242,0.0009823355504659794,0.002170019125627018
163,0.0007693775108455836,0.00027571642946817957,0.0031059657353430248,0.0010016605082454,3.3057809040910335e-05,2.5306977655112992e-05,0.0003253662255046337,0.0008644105122185435,8.686241483363487e-05,0.00025961230053834556,2.085846851503466e-06,3.819865824831843e-05,0.0015959089666121918,0.00604274377683609,0.022778823532519494,0.0008311575637854622,0.001224572218662294,0.004339680335477132,0.0013106804584936409,0.0009846514576513181,0.0021688845056832724
164,0.0007710982000727505,0.0002769997910934731,0.0031038604167533635,0.0010046562811125278,3.308350245283397e-05,2.533625795461449e-05,0.0003251362807249926,0.000861737783933933,8.77958327069307e-05,0.00025775723476109447,2.087963444243168e-06,3.8474224035980697e-05,0.0015979949409838186,0.006048899740231796,0.022754990024528847,0.000831846599974543,0.001226135685353392,0.004345452278790032,0.0013239129734531584,0.0009887594603286848,0.0021696957479786236
165,0.0007706913971248829,0.0002737021072486262,0.0030883997245218253,0.0010078932762776212,3.283761467911154e-05,2.524067820901893e-05,0.00032321597469964377,0.0008605180445148139,8.928390900280012e-05,0.0002590790333189635,2.084260838111899e-06,3.8245994783646256e-05,0.0015925761902878279,0.005981726416539964,0.022639169571351273,0.0008324824246436413,0.0012212509905645719,0.004321758919863551,0.0013212350552005243,0.0009912009469975184,0.00215676007982129
166,0.00075384556730072,0.00026177494940777775,0.002983926381209187,0.0009890339769412382,3.1257419903597755e-05,2.444946258205077e-05,0.00031021899667757957,0.0008647484542207354,8.712351955692834e-05,0.000250114967185415,2.0247702987787237e-06,3.650671830855473e-05,0.0015599018940085669,0.005838318219505478,0.0219012902609099,0.0008213012100876304,0.0011925355340147137,0.004177718707534985,0.001290219917291327,0.0009767655655307152,0.0021019188573003955
167,0.0006006593286397207,0.00019432173108690985,0.0022746620881763458,0.0008168994753044367,2.1868506758661863e-05,1.818687448901808e-05,0.0002333292518228055,0.0008022932970803961,8.181779328349554e-05,0.0001845402823642867,1.5743117287398355e-06,2.555496351815066e-05,0.0012514683544163825,0.004472391444232163,0.015660458979262725,0.0006765794024457398,0.0009754691696750638,0.0031969986031609317,0.0010538131370391784,0.0008038288275373459,0.0016526136082636346
