,0 battery,0 pumped_hydro,1 battery,1 pumped_hydro,10 battery,11 battery,11 pumped_hydro,12 battery,12 pumped_hydro,13 battery,13 pumped_hydro,14 battery,14 pumped_hydro,2 battery,2 pumped_hydro,3 battery,3 pumped_hydro,4 battery,5 battery,5 pumped_hydro,6 battery,6 pumped_hydro,7 battery,9 battery,9 pumped_hydro
0,7.984951175126016,1.7746441235340435,10.829592930056904,2.992605503065236,1524.6096115874275,1651.0299735195556,1403.5963008833046,933.5872006790852,132.81800308213792,14.141764873333795,3.032151226519445,22.791853209027188,2.7697047691161636,7.381518210028273,3.8717779243972963,7.504770685230664,2.224338319597157,673.3689784926784,20.443365883787074,3.1472361525529626,0.10616030100604196,0.10898767223996869,8.093953808382755,283.6761390220358,527.5736669203048
1,13.637486005780577,1.9489344074053578,10.995648341240688,3.004083331942565,888.1480891043805,1276.796397543262,999.9963269806534,755.7620878607481,96.94031437812808,23.96870753838348,3.7815327257294786,34.963618930703575,3.3976562922522566,12.472568341407893,4.715262871518487,13.052681775682334,2.7008723240118435,462.0195675886098,20.214272996779833,3.2236209539369858,0.14051064865001392,0.15517513028475055,13.807603048904888,188.3478667685546,358.5137554041298
2,453.7883953287205,86.50784502781622,10.96956606027527,2.9960028783433525,760.0052280329619,1905.03829230859,1616.6544654410575,733.1202126874053,80.09050992697485,739.5104184379546,244.37989914076556,1089.8581194430049,178.14250876447593,402.30103533851053,286.3789356423398,382.93079714587134,103.7448533401943,486.44390175472324,19.52848749632711,3.180391111328437,0.40602446952108884,0.4226899269294961,838.2265868683253,212.35086558546683,877.1848785343143
3,575.6372845292235,98.56598816963428,10.971314762407467,3.0069569685252255,795.0916259262414,2514.5070352196703,2245.9459845453266,724.9409641946806,70.85833648433456,1869.3494390279216,568.3066213764315,1986.3123355456064,327.46484492400845,478.63612492278395,673.179333128063,376.12904889088975,148.56707684259345,545.7739934337977,18.399621797545624,3.1753542789673492,2.083188800274588,1.9586147043555395,1519.5748127131292,455.71435594979135,1213.4544768588244
4,645.8976280886301,98.69991302261715,11.367484785930625,3.0046399433508877,1096.9556800737353,2982.5259693928306,2552.142422244613,764.5813358835914,66.40006021638716,3841.3324582984774,877.5847114914651,2492.122357724695,414.4963381476263,514.280980268169,1215.1882107164643,373.450904021472,167.4222396535286,629.2090645997454,15.885988636161223,3.1509273048237985,1043.0535288010403,905.5054919443666,1675.4216547915325,605.4623402033671,1302.056221502519
5,759.1537648874182,98.84738614866359,11.93371228473805,3.0460709118757983,1069.9326442119539,3193.7143869941733,2679.0574475275316,777.9782484568864,64.17934488483662,4799.029641120321,1156.1960142908656,2808.176254116244,481.2612545021273,554.6847694154512,2110.748156133112,417.76846219054664,182.68521673505376,685.5364960557189,14.768136312033123,3.1862576795032047,3147.1824824836335,2309.204435137687,1752.7621626281907,481.72360794566094,1229.6131294628615
6,569.077846368643,94.25556644970334,10.972089653543591,3.079866119072137,604.3542701605478,2522.976991152753,2293.324441443451,654.7132010614647,57.46031739050855,4213.201611526371,994.7712618737598,2479.559301950131,443.2942580407446,478.06952893355015,1680.7018557856986,359.37320902184933,178.9712914062346,510.73768263038954,16.03043530210102,3.2174701094302787,4855.275749309817,3900.6159003976813,1715.5660165519619,149.79404831854637,418.7136226503161
7,431.1650694486689,90.62551663589684,11.22402249687341,3.177852840489785,486.75956849291566,1784.8818383063726,1374.3896170839205,639.8124512225259,54.17146805536106,3000.7651421570686,810.1564563534145,2083.231292297541,399.42757332362805,398.3425609493441,1215.1586037218365,326.56952637247366,176.76340250999291,371.99334854406214,17.20384986169534,3.326587220598668,4840.8444206898475,3883.002971640106,1649.4734842195412,116.39724693500965,252.84030925114382
8,149.27749522185238,64.21940508929832,12.176664190492065,3.3703496889721123,426.9252824050966,847.1108147862604,534.8461047228354,567.3888583366787,50.17449103728604,355.7663319950785,206.0980433227052,491.47130743174245,157.25918050449988,136.62236677668963,256.68596900457624,130.0980324641146,101.95419305986485,229.81889895453742,21.07174250882263,3.5456356434388807,4037.1575378572943,3177.5133021109586,408.22098903136845,97.23158239152383,188.84472412383278
9,234.0021109864405,81.08043868540389,12.384472922002573,3.4464028529747885,403.07355325119744,769.4390176190263,493.0632690373847,531.1172627717483,48.564988861521016,614.5435602878703,344.63734212649985,720.8746093510962,243.07084327883624,206.22530132328168,450.00989153900196,465.8723870041838,200.58248121847058,222.76937444412897,21.141435089015907,3.6068100778047056,402.1397917179444,428.0799876992769,581.8201635242324,101.92170194075631,190.96333180315256
10,759.1146727681847,107.87213297048467,12.101377194950675,3.4826442803367046,403.52238909133297,878.5250109796852,573.5188236576765,559.9608290814052,48.805041420851055,3226.7045779578057,943.2313959338136,1894.4697004651875,476.8359831398799,442.95662183309025,1842.8247812616303,827.5627508548606,293.88763048029114,252.2224793408863,19.770848595368477,3.616325940601026,1.1029212266942547,0.25038780131975436,10.629723060262304,116.19164441338985,217.52905005127036
11,1311.79738226607,130.7235481925853,11.904601719567959,3.5108914144596484,398.0853955897626,1002.5952044442384,681.7445149687793,609.1601708690838,49.49580648602188,4035.6562736932146,1084.2313717623833,2139.073676360384,538.69913205871,513.4461683925705,2329.745492715921,1117.6067768576702,496.64309480675274,288.60403978096826,18.760020837628566,3.639092340712586,1.0233894220002682,0.24286030648066068,9.577880320808177,131.43065779779786,249.101758431098
12,1442.0593994024086,153.8690577419333,14.188172962922545,3.6262924573581747,399.76714554157604,919.8865857375307,613.1756485264618,573.0839055188051,48.58326332481641,1530.1232778861024,770.0022403720541,1267.2349741600176,468.20968501618,404.64530688718366,1337.080414954779,1091.173712705631,475.29043624524996,283.153055265219,19.952000260085914,3.749575263644304,1.0443922556403344,0.24322685536124605,468.19786970887856,130.69856842992715,235.30645004121442
13,1354.388306442243,159.0767166648086,29.9375118796649,3.467332693479373,400.0865557587884,1036.297148716702,693.7693739340191,604.8429047260216,49.5768209159098,3739.6007101537994,1145.39177999913,2027.6666582221844,600.5074102418932,576.8322103803661,2344.0009542482,934.7734472043584,373.9790691957714,316.8964763679407,61.801676397881074,3.562381136171292,1.04822409910974,0.24476659965779385,1698.924360986708,136.41381857391022,242.33993247436183
14,1407.526522921034,182.27766920741144,11.394996348278063,3.4011665086614644,400.58025984424705,1427.2955913509793,1080.8020900069182,755.9608591958356,52.62938345767089,5538.073151719237,1768.1406754100813,3147.7285532331557,840.4519468991299,780.7532704897741,3537.1407728289014,961.4351863042571,400.62058373782753,421.29554516079884,54.18551845213676,3.48923151636162,1.0334528037927344,0.24628843242737647,1851.1496205888163,159.24069353256786,287.63776858386836
15,866.0626294645351,211.00394871383565,17.263029660945733,3.838955156186666,372.9721844222384,880.7835408269489,527.0213503156368,527.6531597148054,48.44661435365255,2190.738237807051,1322.747010222572,1775.485209977285,784.9787149629707,639.0987270762329,2065.393649460567,545.7947760072262,439.23831443002297,316.0923790524863,24.83890330751891,3.956979352351664,1.2068936495562816,0.2515443134015922,1766.4444094803623,144.69253627589913,215.32200977435838
16,8.896183354852297,1.867885309468153,12.764378362897393,3.9547666946014077,360.04207277845467,629.4256745083869,390.9179069463301,387.4599438952078,46.44947416803911,14.646819999742359,3.027418804350213,21.727138221900695,2.73644923499111,7.649953375564511,3.6857378154760783,7.975924186221041,2.3157188450647967,304.1953688184688,21.496499413361107,4.093892603914597,1.1364243334226745,0.24964628995713023,8.782717037089753,146.40329040513984,180.3562181638156
17,10.132837958567405,1.9179293227854148,12.248468288388672,4.061584779273099,366.2954824513777,561.7957843653722,272.12484794647094,356.7763132224115,43.87715796579073,17.79285094992956,3.23995657688163,25.26951044144711,2.8591753721253186,8.91993017075729,4.077434544491714,9.013064721752542,2.3471937590957355,291.55370547273895,22.311412035665775,4.219906712799111,1.1658313117566816,0.2506184124164789,10.297994453203202,152.61308512646974,141.746364014911
18,8.447472712543167,1.8296963938924997,8.494773721135765,3.808775309908386,379.8982862183548,113.45291628973226,59.45227608295428,117.63998079235378,23.981062267841935,15.283396500857986,3.2875937651257736,18.86300703842098,2.7949272576085082,7.339418012776683,4.242268227200808,7.8022063199893275,2.2891114627206237,50.053185997857376,15.528815953663464,4.004108365792455,1.1812810385470651,0.25173193093686363,8.820923321949515,43.787292599901086,40.48097655674182
19,8.30408290185337,1.8581568218134192,8.051218110343411,3.822811461654239,423.2378396323552,31.93092468223726,18.381625544833952,33.632872439829185,9.675605266129423,15.084249348250689,3.3541244470548772,17.879195730013762,2.8324065331093884,7.237903068651907,4.3388799832918155,7.720530529692963,2.334154307766121,12.868478817125668,14.743834137202015,4.0154388117311655,1.075278102204304,0.24876173284003072,8.687072030017006,11.659194453488897,12.930805636506848
20,7.592183256829371,1.9099482296911388,7.340018938461696,3.6974728199146636,473.3582792073699,31.009017352527344,17.754457265287094,33.2925491377207,9.317368438523221,13.38061020279375,3.303257235667923,15.637480942221696,2.820858903136985,6.789312422439387,4.16177359780267,7.193562495491793,2.3560756147190727,12.093208505744338,14.050645410880751,3.873106256599497,1.2118896364424423,0.2535005252628022,7.888875514147465,10.794468264233078,12.298070147310078
21,12.948933092442438,2.2069888442701195,13.017647590091912,4.462644114638752,557.9439970911365,161.42868596456844,59.77509675888335,167.6840360991812,26.855733462644093,22.531971107160793,3.6061872605220815,30.128927618743433,3.17895249442836,11.705950938621537,4.425879723431814,11.570818699863004,2.65694207313284,67.30416840767202,25.47025135584363,4.605714002172974,1.2521863436064842,0.2554305143326556,13.449134337976302,61.575322018458785,42.526667942314965
22,13.12858870447679,2.2741102605579835,12.9781437131694,4.5306883814559065,668.8153136641515,170.72576916753212,64.1346836394906,175.52301617251015,28.193292663635766,22.64851029262232,3.619677227324088,31.446070981187212,3.2195780626774133,11.849349985780806,4.425870238319508,11.728613043269197,2.717132389208265,70.7555887296362,25.02227453792529,4.6332263848749395,1.2014268926736356,0.2541546205674172,13.560297259252327,68.19062958590084,44.684281778959445
23,13.500497600609739,2.360949024496562,13.465046648072477,4.452975095715903,794.692466309389,167.2162756753195,58.55091545519768,166.66044942803262,31.11156740807102,20.14522296356678,3.4147506375191266,32.02148294323907,3.189030907346984,12.447137809353645,4.029009317741114,12.13047625208996,2.775084295669823,79.78462160833759,22.369688626601274,4.491787638261895,0.8325454988323331,0.23575501125484435,13.732269397294411,78.67732019038976,49.45935687798041
24,13.717773578183257,2.4422357807773603,13.746358038460905,4.474907332143604,207.88861952931606,181.33083257444383,64.34059381476698,171.0839646723539,36.25377727365103,19.092547915989808,3.367499274222266,32.630037532113946,3.226753517785336,12.730247214996947,3.8956835307569952,12.327215403379192,2.8321086084699525,99.12489105385947,21.304707303631126,4.497869157877616,0.843657766517627,0.23591484965627488,13.892156890507895,82.65118468659946,55.2561286892668
25,13.869265717793706,2.5682517113241756,14.299563391223387,4.510382813705335,210.85599641090568,448.2922089702202,122.27700094889235,341.2728181302382,48.63910646865882,19.79272465442167,3.3876721433320367,36.22125630146789,3.3290448575479274,12.808593718059713,3.739619142708351,12.272080717810205,2.9480681691179633,232.24400526972724,20.58177780666919,4.506540232482157,0.9204624034845742,0.2402560741791221,14.677453191282567,155.92541553802414,96.25318347481893
26,13.241264254244571,2.723323605613611,13.387150822467731,4.531929551258233,479.34538385998883,549.3846376396241,151.82558202211843,411.4434938216829,56.03526998870405,18.652687891294406,3.445399605158686,29.780334874211896,3.4709531038727706,12.244916237606182,3.7417577382349085,12.53101136702886,3.091912159566787,276.46782710050445,19.450409855643144,4.502390765109171,0.8869855206725881,0.2410983268581633,15.21065814596818,178.67191641560345,118.7145359199108
27,298.83982398449217,3.2171389963094215,896.6749303598418,5.911794662376779,799.5915443090288,576.3316220310629,178.23401107253272,461.5028090536907,65.24550917508881,565.3034292753425,3.507503768706171,621.7815171784257,3.818734541448291,257.0149564663287,3.7142545777420795,176.65675679526132,3.5371030018205145,301.3322977062374,1697.2537790326323,5.717314221769801,1.107163845036263,0.2572846724543658,328.6678574480068,197.64361918699555,141.7040671288969
28,390.7950592840236,3.377961085372391,894.7904670248776,5.975849179024375,786.1283161523595,442.1382262461995,209.458596695665,438.93134945891154,76.37433666538921,633.6799718630009,3.327400706334178,657.7408752909657,3.761635565698323,323.4305034615758,3.743249439743985,233.8231354728477,3.5820143996481675,260.5998532316311,1760.1818652264712,5.800352411338831,0.7008687328227091,0.28262598045790155,389.6242347078654,194.60514834155327,159.6947211891533
29,184.60990447300938,3.484794222951889,24.676134696760077,5.122990715501915,30.744912874390216,339.899970771943,222.49234227683837,323.6393989105672,72.87505505247586,274.254976666048,3.4060533019462635,290.92546323174463,3.6343334083163086,161.639482326565,3.9869145170122935,148.894971861239,3.5834948667980018,170.63781604600734,68.34354409457386,4.992772512281674,2896.8747095712206,0.5394039554853565,96.43589069326814,130.78443068694023,147.86441400149008
30,24.266387019866926,3.2309218678046214,22.11207551044712,5.445858782771165,8.84530155124059,18.81903617942168,2.308157666690713,22.32727810046913,1.20664587870546,46.56435697326046,4.056904121510252,51.935724473334226,4.026787492187904,20.865314371523105,4.8121682212058,20.88005736764236,3.5143340596219996,8.437291434822649,97.41814792176122,5.321982962932237,4948.723682512226,1597.0810261090735,26.406623753374088,7.970637982438909,1.6449146165951336
31,10.827981358090508,2.9976757771820406,9.30457560620496,5.787135152293191,9.831071951649953,19.671021062301556,3.130383682702047,22.212241731289403,1.4002853182079802,16.19635770957592,6.5044330716691885,23.957401769516906,5.050590769733391,9.611512008643015,8.618303709946677,10.036425635592575,3.729506376974209,8.525024502154176,14.516111254117227,6.37275969424101,4948.712164844415,1172.7487564410428,11.194668095829257,7.9621494151124566,2.083674200153002
32,9.52875178909094,2.798077524615697,8.232162296987896,5.704765713638894,9.681102931833172,20.432775440522683,3.951349268757951,21.394943244560125,1.544710236116168,14.663270015333778,6.680220007296888,19.840820845957005,5.103869379491911,7.999713809742062,8.516477177117102,8.56547151566149,3.6551023225727954,8.211385150140961,12.498625944222116,6.314086623948939,3955.42344272639,0.5476141482998267,10.01279990793692,7.141169810340848,2.6023002471303185
33,9.253027941241335,2.872937390175247,8.116257358818379,5.70696027516721,9.55147457103324,19.636527945860983,4.204510973207741,20.658876460124212,1.6639990527281157,14.703762462482679,6.764120901608974,16.94848114420286,5.111539423075683,7.786915900721938,8.563635394547024,8.378938961309911,3.7069527615474156,8.051785157663385,12.987183451491173,6.3365388293948275,1.055855106263304,0.2963125775791172,9.812854846571954,6.9687192442751345,2.7244314750942262
34,76.28661510841357,4.578800395806375,67.72513052202773,12.523946606887279,78.33034386629328,171.3130271732586,5.903126110039446,168.89596895263335,2.409652407474532,130.18946018875178,10.435123438034221,143.99920295582294,7.7777891369463665,62.85567210941068,13.336392921123116,68.15990424059368,5.710442228326369,62.611984994382546,112.23429562159126,13.959417444491699,0.9058702265073599,0.29650076079718446,82.04395643934096,51.06440882982605,3.771172863476478
35,312.4676608941774,5.242786246537895,239.24896202590745,10.342151737610347,263.5321896627598,664.200050906662,5.6113395587315855,433.3350880761147,2.527671350439875,463.86130860222005,12.433758512693128,516.4729489158399,9.275463823170945,213.3893472964365,16.16103613732143,277.16438148197915,6.6688815104013806,260.24786354092936,312.76145135950946,11.641433057763809,0.6806755813296568,0.3045043672804012,334.63057643843695,151.67708642152564,3.484061057287767
36,262.0246698220431,5.9132516075026675,206.15060125682467,11.134084179320894,243.47794490421296,549.454967314102,6.374359850883609,392.6619630980184,2.9474382934783003,494.9872680544833,13.180578071386968,413.31013232163224,10.079699269073554,192.1947644259952,17.67291269210053,236.12762259374028,7.326190437673887,227.794984722733,417.9946816921074,12.256010219528054,1372.1051306398106,0.4375077881789129,278.412034499085,145.27533943837082,3.9066541810006274
37,465.2424747710092,7.373883541310056,402.9590323459512,12.832195664574007,370.2274830286143,845.9600095817005,7.2455510024032925,502.7349238719494,3.802106465629241,868.2209227563474,15.13398214797481,743.9428950895076,12.176498322234874,325.2557207587708,19.923646956707145,388.7727738670933,8.813543285795832,357.47382342747926,798.7688551209877,13.546697193169784,787.533391152128,0.37966432856126703,530.1382191581635,199.9408249490349,4.843408966001584
38,1007.7903268530874,7.449588493139112,808.0345274874733,15.410853821500652,835.8538979612381,1479.4636237849747,11.885252778342565,685.6282180760519,6.532506795947947,2150.1871930389684,22.568492900587724,2024.5053778363304,17.95133485351687,625.791048350412,25.957097074132115,731.9349375087842,12.34233507185882,677.5225034244818,2658.085039782662,16.78552750100515,1.0746953789981528,0.28668855336732235,1194.8921667301092,323.62132441370943,9.374715151980173
39,204.3760866769484,26.794877488971622,187.53606564373652,79.6087389231588,203.96335366026824,287.07302907105344,35.50145586281782,273.2926580340945,15.694016905582266,347.57034236123,61.50625167685262,484.0284300709538,54.256770065957284,201.8271294650129,69.32474351140692,186.6885082429985,38.85209730698317,197.61882823480317,318.0760626526697,77.72331499432667,1.1718445017376369,0.2794694742359874,209.45725082658936,168.9713525318208,27.67592504530746
40,0.8650912181258001,0.16119128682371442,0.7839028018829861,0.27014378273641937,0.9595079662113568,1.8388689895664592,0.3575973863114553,1.9686380757180606,0.13583137537017184,1.8398967916411024,0.31278904371123417,1.828496133654006,0.27831100065805636,0.7861317535395669,0.3592632005463138,0.7909134895579002,0.23262434878630323,0.7960338019556374,1.6651276543563678,0.2831692845659962,0.9567933886728036,0.2461292059973831,0.9041815270366983,0.6445050444297011,0.27343915902074767
41,1.0199907166552786,0.18718323750972654,0.9151819182921055,0.2853615933054423,1.1107761969337626,2.181731089929379,0.37895758194865437,2.2290270378585495,0.1586739616435714,2.1048529637036326,0.3300288600013318,2.11726003350439,0.29520413004668866,0.8843584922506618,0.380648981576377,0.9231290267205763,0.2529813938837277,0.8918950366176528,1.9543858458930266,0.3005948682621613,1.0590870602902207,0.24848951092998608,1.072257818835008,0.7506950256603646,0.29057168474684947
42,1.102634479568755,0.19756964907735003,0.9852620713018639,0.2998501014588663,1.2295373160875975,2.1945960693905255,0.4015411008201677,2.228738165324097,0.1690884676996008,2.1979666714533854,0.34848765216495337,2.166105086246234,0.30858011309165123,0.9431478791950074,0.4003778504025399,0.9951043745195794,0.26393322864065927,0.9600936326237957,2.0276964767540413,0.3160941445897174,1.0649079531718642,0.2468419284913213,1.173401967529596,0.8110236968692818,0.30596405609844946
43,1.1838479850829833,0.20682591359699837,1.060809243047433,0.3210936279918618,1.3425025773479,2.2819112108989765,0.4314091885425047,2.2779530599882376,0.17791019402945923,2.3099305741394067,0.3751591362896476,2.309974216067756,0.32902722777811366,1.0001143514392523,0.42889386851452943,1.0638989138826473,0.2785617240923899,1.0251580756419587,2.197804281700436,0.340703274158043,0.9725535075449169,0.24182636233003268,1.27570139176335,0.854119383363252,0.32665791667488464
44,1.2865969318475798,0.21623107032116243,1.140685322985102,0.3449201570499487,1.485475893547204,2.4135933044429745,0.4622823891342649,2.4068403982820197,0.1859217940470223,2.4101475944496746,0.40137094846511917,2.5377677302695023,0.3517870059940177,1.0731160456746798,0.46232267818483974,1.1480407835053732,0.2943355329074654,1.1007517701124296,2.381062943015139,0.3650578026378668,1.0477294842960683,0.2437476834181038,1.385677825656504,0.912799314135172,0.3510488186688519
45,1.3377371869645769,0.22501497385926086,1.18138528206819,0.37160180206293436,1.5275185242116747,2.8154598914967846,0.5014842907900833,2.801143382680481,0.19417368300453194,2.7767294278504395,0.43286051285376603,3.046320039574146,0.3786071760075514,1.1107515210986192,0.5044987634346357,1.1880794388326792,0.3101476065721979,1.133946486519392,2.5553966225409575,0.3930462924418429,1.1061785872879042,0.24668954463189607,1.4398094067702853,0.9439963490228572,0.3784293040529396
46,1.423542792943185,0.23645558943269662,1.2482483679587455,0.400304349012679,1.5829565656840499,2.9668629004041662,0.5421615129684877,2.981742687192532,0.20462093376403084,2.944899357856521,0.46547068131790026,3.3671849525190742,0.40714787501851324,1.1727669350351,0.5487058397495352,1.2536592308171826,0.3264023697748738,1.1814415683617563,2.722937537902303,0.4221973422777854,1.1922456232946725,0.25003836196392726,1.527261582182589,0.9927113201564604,0.4072354217227436
47,1.2634155623912573,0.2438091284841568,1.1285144470686224,0.42224756905470506,1.370026277109341,2.7999382826995998,0.5856398747971842,3.0127076599258755,0.21315293258561765,2.763698357591464,0.49718706440768956,3.141070532813978,0.43012785513543567,1.065933419137159,0.5917216888435359,1.1290761948770287,0.33485753847990285,1.0699784620715054,2.5092375699918064,0.4521353865249744,1.0202986270491914,0.24312745841494496,1.3552362938564495,0.929223882376345,0.43109736067079535
48,1.4603290723857463,0.26259971666125637,1.3026555866609715,0.4601454744713437,1.5922691152318769,3.2433435311495913,0.6460966503817198,3.377942982037465,0.23140564902678418,3.22037498785965,0.5477963203009174,3.4911091534644023,0.4670204325827829,1.220946850149164,0.65048802518223,1.3027856106731384,0.3603745940347448,1.2319073024952498,2.990596778342315,0.498332290763452,1.1122773634503962,0.2474925342314137,1.5805082820876835,1.0525683385500362,0.4692439842300231
49,1.4175930359525193,0.2790664617262032,1.271855771621569,0.4873601302876338,1.4604272872879682,2.9875872154856635,0.7022454022269617,3.2877727305125557,0.24739362698817163,2.8584293247572803,0.5935832046152939,3.2785147312395444,0.490940646043445,1.2122150650860402,0.7116011876384776,1.277518879420874,0.3777304196333364,1.2129607111537812,2.698873453399619,0.5294458488027947,1.1468415905624747,0.24877897891994222,1.4948548409690545,1.0675598363092194,0.4953889188772881
50,2.2172407215483956,0.32111422369178255,2.002366913371353,0.5563045663543302,2.240293948449411,4.605339582072388,0.8152243378341615,5.143976989828264,0.2865917689001537,4.231630891415707,0.6928050964282398,5.111036549075022,0.555386788770649,1.9275974044383914,0.8272170931408298,2.016904254150533,0.4276231799132199,1.9430142822252643,3.8347545117685327,0.6054139374730352,1.0926690673860944,0.247347116678757,2.3137772629530313,1.7202643852233148,0.5616058066747149
51,2.4710025798361177,0.346084369566292,2.220431830849207,0.5929620390836186,2.3772770494193427,4.832851546133661,0.8805946093779495,5.309977725727995,0.31167049917530903,4.597447097586426,0.7397003793859969,5.460052006369406,0.5882468801466902,2.1278016431750757,0.8930827611972596,2.2369302486166447,0.45423412068080776,2.1743015737495828,4.23423147172763,0.6453290510761724,1.1889694769407206,0.2504263529110882,2.5965481138683044,1.8536701994510745,0.5942242437424223
52,3.284049604455691,0.4271548370499329,2.8733418021070087,0.7142890593792284,3.3240492140414055,5.855704179693614,1.0538629239828792,6.002414716130664,0.3863322530864508,6.0056939606089035,0.8707622733444534,6.717555753992347,0.7071757600449116,2.7145746778894555,1.070031893009382,2.9143063251683436,0.551996584261395,2.7988688566778164,5.496626427359352,0.763362877974316,1.325904638931195,0.25209652405734423,3.4250460922701267,2.263169458506689,0.710513446650149
53,9.873130630253124,0.6148687087686753,9.076649985521193,0.9747940604003219,11.161129410940555,11.884008076794558,1.3724990330889377,12.41985410521453,0.5592286946212218,12.419437233857664,1.1412485963620427,14.836379169312686,0.9782028810692451,8.742996520789731,1.392318113966084,8.904155851182887,0.7818302950799692,9.49127685235503,13.849211474026514,1.0140679272246187,1.372123189872796,0.26915589732503126,10.393972848991517,7.254507661497444,0.9673465046152878
54,0.8360708979074528,0.1411699969579399,0.7463625675506671,0.20642283913068027,0.9275080476383646,1.5605366272707113,0.2689771308565625,1.5780382898538363,0.12107488858665146,1.5176023003465569,0.23789210782273798,1.6328102940615699,0.21423794915905062,0.6875066034845634,0.2679436678032051,0.7435413383457627,0.18580061120824112,0.7160303780137499,1.4105696934296226,0.21436925346392965,1.8883119935289963,0.29335397983836914,0.8978696583833345,0.5574189938048852,0.21089938280071407
55,0.7336641795723735,0.1396310995767792,0.6614649294705522,0.1959090585342852,0.735824102743213,1.1382940930983076,0.2528553065144811,1.1390555871085921,0.11999869739888647,1.1097520228178912,0.22285793107368945,1.1881627996662827,0.20227700562447237,0.6188357060793852,0.2519807812971602,0.6590609473579987,0.17671143315934768,0.5917556048465411,1.1611380351672331,0.20407659943927858,1.2198456138486042,0.26265967103577464,0.7874531678805957,0.5192664492408123,0.19909356976030557
56,0.736421222994091,0.1393545258981685,0.6569478844391878,0.19457435986219815,0.778555633884445,1.0741413824008388,0.2513330702067281,1.0788855828293775,0.12023043481707767,1.0509956259025057,0.22130639223225562,1.123612666993509,0.20164029184100166,0.6162104750803286,0.2498384044198214,0.6583026949181188,0.17573707058317173,0.6121318919378519,1.155895798786102,0.2021381248751315,1.1978613430928817,0.2587815870493255,0.7869060328537257,0.5156784930752254,0.19755014479827332
57,0.7447642937190975,0.13867092885092996,0.6626791472828127,0.1970105011268543,0.8263263999742277,1.0929867982575467,0.2526938660488791,1.0892518240505082,0.11932039664924896,1.0739850122929515,0.22349218405383614,1.1103742943676225,0.2040240954063216,0.6163071716102391,0.2505551816816348,0.6647320265427605,0.177787289253877,0.6410390042443314,1.1853599302918272,0.20447320067886726,1.1070641725854462,0.24949137389170303,0.8021311516870289,0.5107612920783642,0.20027268653909971
58,0.743538215135355,0.1378690497611246,0.6695415786336891,0.20143124914825014,0.8740486366888669,1.1684154713115764,0.2550023071768926,1.15511417009788,0.11841243652313636,1.1603621096407681,0.22638772124899031,1.1167999115450855,0.20720442202527975,0.6083666625976258,0.2511655150947871,0.6630020719256347,0.18042519354179445,0.6557563863674853,1.2407352340250082,0.20851402477358033,1.139408098573805,0.25010453626248974,0.8229791264778399,0.5015804645953381,0.20438899614667247
59,0.6660250625233267,0.13490518082046954,0.6149915882230077,0.2030390516231227,0.9239164768033055,1.1969312408182708,0.25656181985995186,1.1856889533705215,0.11619037296574178,1.1766988080165592,0.2285661885448748,0.9664926981201634,0.20710803382914167,0.5494660613151486,0.24993260935001715,0.6008529066353772,0.18058180712494237,0.6653071403151349,1.1685454848401664,0.20947092526966282,1.0971782206756293,0.2520010296077126,0.7584191426540088,0.45992375002088914,0.20607147735292008
60,0.7078278544917883,0.13599478679008964,0.6513887411209669,0.20490429221539386,0.9172162266794697,1.2308544933005874,0.25673783514444065,1.2263216268303236,0.116879523602877,1.2142289393544816,0.22919720529677629,1.0117697444813771,0.20820208069445906,0.5787793768053693,0.24988454169561744,0.6365150497195542,0.18170193015434177,0.656949435580934,1.2304061713129655,0.21142030398768386,1.123005315246036,0.24670782469556596,0.8101027059369771,0.48164230177346734,0.2075250317745397
61,377.32511067003264,0.15066744913243713,235.64564486263296,0.23516517668278358,0.9330875357195643,578.6198443114326,0.2956936615595086,437.5215724281696,0.12957690464079571,563.6034285212784,0.26424685292177574,396.08087853008226,0.23863642490083997,271.0282785055557,0.287406990714858,318.6237842897865,0.20738967317749152,0.665061644373261,532.329093520747,0.2424787953230962,0.7096101852874345,0.24291359407812663,276.14965702709185,202.48704735767208,0.23847466417516028
62,231.1368821666465,0.15147920912297522,148.00289917367618,0.23498454036935681,0.9298996011531183,359.9931661599366,0.2942475146797658,311.555174660649,0.12950462752233777,342.54729850649386,0.26319537164861584,287.5253440746937,0.23958220970490357,182.16607895255206,0.28843049544459204,204.089437052839,0.20808723575833526,0.6448774714256369,340.9384069834602,0.24183650266904466,0.968020727173942,0.2497120869215636,174.58913679619565,145.71585557772732,0.23876632224210492
63,0.7472152322376138,0.13684919728390244,0.6689386542322426,0.204383376177192,0.937869084884786,1.1509426795206599,0.2538542946896686,1.1394304920732055,0.11668817995358616,1.129517590097857,0.2270477025155098,1.082282536326586,0.2093368835138476,0.599906331893381,0.2501303224102928,0.661328792496805,0.18183474777920466,0.6716965452499641,1.2507996705736524,0.21054355691758903,1.2130221966253194,0.24956805408266117,0.8378513647664336,0.4931388829235903,0.2075642763481286
64,0.7853064578614402,0.13918911105390186,0.6764635721261301,0.20042386890273858,0.8936878577520722,1.0568043626120553,0.25140128020183483,1.0406417288942622,0.11788170279024617,1.0357317306783012,0.22402908730818602,1.1031093488948216,0.20891022608060938,0.6266344253445234,0.25081274729790803,0.6838986331231844,0.18106786060943844,0.621835523067477,1.1974323550754375,0.20751846689587183,1.1622593108881372,0.24935360999725728,0.833478776622024,0.5054257345337092,0.20437900138341858
65,0.7844616392451642,0.13924090760625132,0.6729406903698747,0.19959316092895027,0.8622364238367298,1.0516124599832795,0.25113606154224943,1.0300969679767327,0.11824907247201082,1.0212900269670124,0.22346898798231782,1.1045529247530723,0.20849942815750327,0.6263331021100487,0.25084683210314035,0.6842022712001967,0.18054367876188065,0.6231698223688489,1.174133870146142,0.20502124344376482,1.139294681764675,0.24695689566585882,0.8350585048410871,0.5069095987942025,0.20374496767387112
66,0.77419663289062,0.13913291359534735,0.6704227568528707,0.19856197662234243,0.8360831574744565,1.0458492003674889,0.25131717982873975,1.0333487056173192,0.11860686678886465,1.0147804801385378,0.22333560553681397,1.0999231418903002,0.2074697722167113,0.6219905923474833,0.2506526414878764,0.6785856319369554,0.1797541633104672,0.6178750540717803,1.1728512257099681,0.20476732760984245,1.1247476747329463,0.24579593574237923,0.8270562635946241,0.507168627679822,0.20273356398856932
67,0.7588367705963504,0.1384883219467584,0.6595193444684009,0.19809898166091205,1.0435743379547209,1.0667056659500185,0.2518195405377449,1.051353316369267,0.11815065454751787,1.04294158322912,0.22376263786309272,1.110255002878396,0.20654732137830414,0.6131553216001885,0.25144159360950896,0.6673692386440311,0.1791313580369458,0.7599588258852135,1.16897396188859,0.20480957736796612,0.996295963815151,0.24151281502312155,0.809029359257883,0.5025937665515157,0.2024461640500896
68,0.7456167974285486,0.13846596132552405,0.6615138867235367,0.19861669903741824,0.9709672712654684,1.0948026453913893,0.2525470700958523,1.0800090443562933,0.11856005237671902,1.0689751883389813,0.2242191974275009,1.131310143216992,0.20562266500002485,0.6075389912218672,0.25162544583610746,0.659739864753603,0.17857922954571925,0.7141501629754091,1.198628210057648,0.20646406256739377,1.0431474082021,0.24284921038462867,0.807608292767795,0.5020757549952565,0.20192873369541597
69,0.7340041012583045,0.13844052325876505,0.651425185576959,0.19788627244514972,0.8565321076806318,1.1314670588993516,0.25257724698443546,1.1200775689337528,0.1185822251497196,1.0915219867829644,0.22387039612922563,1.1768201836452055,0.2047007535156183,0.6023848581649507,0.25209722060521145,0.6512247858387632,0.17789026290418392,0.677164839348654,1.1703833538864634,0.205243139905809,1.0853715834091755,0.24376095833104522,0.7955196102141808,0.5007011227749723,0.2016462065380909
70,0.7262686484059029,0.13865782774177807,0.643658150825744,0.1971329501043438,0.7876596178001044,1.164501886818893,0.2532174084551219,1.1737666106873847,0.11904088838545301,1.1139640606557726,0.22423045256940122,1.2012576629219232,0.20412338101821548,0.5998502944495195,0.25275394102282606,0.6461190269080147,0.17725769615222353,0.6221044006749531,1.1316663545777064,0.20456178209002276,1.1208568966322265,0.24617999130585383,0.7823370989399743,0.5022401682593259,0.20134991016138193
71,5.427297963927041,0.6754889219107851,4.104379836228231,0.9482353753954853,5.9068376336092046,8.525238796910644,1.4470607370368225,8.894221621271459,0.6013255462631948,8.202344840382437,1.2852256039220955,8.629050365707688,1.1329448729984346,4.757641490199266,1.4723906448717794,4.944488014105769,0.8976259141082444,5.029292667983304,7.649323540764065,1.147453016269179,0.9925425077417596,0.23867458657912238,4.701482263051042,4.071351294119454,1.0985826033234853
72,1.2775605171354598,0.3699181245551263,1.5096920014872979,0.6416831325930115,1.3688559715547863,2.5061306589220833,0.8860679112575341,2.3946400624146067,0.334035954022137,2.413880481157805,0.7400144917702199,2.4422548046119013,0.6247135596436046,1.0555093091286176,0.9097919318079204,1.130306381420335,0.480723195320803,1.0798054953344114,2.108359770708824,0.6582164942289012,1.0912979967714878,0.24602093846178535,1.8441355656049492,0.90652080305787,0.618356172098208
73,1.0468242622462358,0.30001704862259115,0.9759512509828552,0.5425021618240199,1.1269638099087853,2.2926486019047365,0.7777840000527371,2.2263577709926907,0.2677221562704728,2.2415153090535025,0.6654072534482268,2.2812649007102728,0.5289999531603704,0.8481325929968488,0.8159095002605613,0.9202762084863092,0.39859133923302503,0.8499720014047665,2.0956269480673244,0.5840262219159418,1.1287896110791074,0.2554561565854037,1.1900225426753805,0.7020777728536425,0.5314465019360755
74,39.98804707884926,0.38661100395911435,35.80058415749721,0.6985048864182433,44.26299849110832,59.33182748597106,1.0204380312562984,61.834147035824245,0.34578330650339106,56.15961194565678,0.8664179377493768,63.528618869138896,0.6792108398910982,33.975403666933595,1.0711459162616366,35.222072286110546,0.5136058479197256,35.105848119421694,63.34994342302999,0.7651659749620712,1.1163013243886875,0.25102742123844546,42.20136366341048,28.943208738385923,0.6847006227783565
75,614.9684515631084,0.3243306748300191,532.2288194173574,0.5816225113612743,1885.4240146716652,885.6463648006376,0.8588374417599692,729.874524411868,0.2887906194564449,779.6601120970273,0.7242607869742916,970.4155134758682,0.5711210175289272,496.43013924314926,0.8934201555415291,547.0212662914687,0.4344164980516534,526.5934367918611,884.7741207968936,0.6455415783919215,691.8320697375036,1.6441509064574338,613.8211178275604,364.63299740481403,0.5792911340567771
76,1003.1622350719878,0.28964706524539613,768.6837157697865,0.5235979636538711,2062.1996775243706,1978.4763789488927,0.76370403771358,900.8205583476635,0.25674220793087144,2632.2331709440223,0.6420236502280392,1910.7191730677728,0.5159055484530655,615.9262457147607,0.7862499716939759,770.4875427294451,0.39266116592847355,711.5762779211781,4053.506140959156,0.5850233262984943,1080.7542704931516,1.059678818592614,1120.8748786392557,401.3721002816261,0.5225823507467697
77,913.4154138705189,0.26535795258435557,686.1019865202862,0.4813730232532468,1037.6356364694914,2033.6352557318723,0.6852142507502083,821.5547667905479,0.23257915034576654,2524.4284057398663,0.5770970309782462,1824.1290867500452,0.4770328646842418,553.1354099361073,0.7064983319103353,694.5962405110104,0.36256831509486276,706.873049134402,4628.716972768644,0.5265103908544282,782.2045080626847,0.8613840088785478,1063.0453593703062,375.6814871538027,0.4825715647957243
78,1.9888374477977357,0.23163012472805483,1.773697282969496,0.4179991006744693,2.5473662927567524,4.220897123281827,0.5786336892193915,4.677793618063324,0.20288098034241192,3.5695950600152386,0.49180967492920935,4.389994926411572,0.4191209656265288,1.6779549102745355,0.5869634740862841,1.796272153061784,0.32119015413816787,1.712397114221934,3.4984764366583594,0.4458476273582238,2.8532461018075743,0.6957481022609957,2.1118986607028067,1.5466398414042093,0.424927856235069
79,0.9667851149042543,0.19820319051034085,0.8323318755287804,0.34377391365486887,1.1238006612673654,1.6742803579457672,0.4614471330179063,1.6702764038535578,0.17146821452070135,1.5979762305974998,0.4037437463261243,1.6296961532188479,0.3475614236922091,0.748908929261621,0.4622865758063489,0.8339519372869835,0.2810359053819519,0.7796417677681187,1.726696040607391,0.3651439346255243,1.6181454225458862,0.5182013707624753,1.0592235111872412,0.6108036803328154,0.3490385346094198
80,0.9714694971050067,0.1889853036263899,0.8405409686294611,0.3190189199555226,1.1187201806377387,1.5309811931157093,0.4231435617202958,1.545162365866919,0.1631441081849851,1.477104784504343,0.37053018943130356,1.490830499246711,0.3247032626724453,0.7620840933761559,0.42110770345988724,0.8441374306205429,0.2671168039467715,0.7955310663749258,1.6120708339245637,0.3367237919307694,1.5371203412809828,0.45564066695382044,1.0574419891683373,0.6204203922155389,0.32446468539575324
81,0.9633077224323386,0.17904028147690304,0.8407659327220334,0.2986892016136883,1.1194081639996067,1.6155790739282905,0.39969264133727883,1.643850996759856,0.15480037672725322,1.5431192997456704,0.3506672851884396,1.533477973791709,0.3040888698393587,0.7602883373861506,0.39537887093992025,0.8420206639993271,0.2539462398118803,0.8021897574600427,1.6404551138339913,0.3167381812339829,1.4321781877530513,0.40779104084639095,1.0569748839250697,0.6209196216452711,0.30431563677307527
82,0.9303638930818116,0.16326005668640842,0.8064835965774747,0.27474862015014245,1.110780454133474,1.7187416604687331,0.37375345096485546,1.75863986774048,0.1414196976379645,1.6239842487953051,0.32721294070456,1.616554752657587,0.2783922682498907,0.7225531794614688,0.3688381056772012,0.8098454577287211,0.23296362015251226,0.7621729566182567,1.6748865350486681,0.29190911361744754,1.4132337814662053,0.3656222733252068,1.0252642129220773,0.597380783690366,0.28091827969669425
83,263.1093973635356,2.440065315293052,229.4591507241543,4.611086285522207,268.123433013854,328.1380953870608,5.765133896732884,329.98054526681096,2.193964393619787,310.4011947436011,5.3401259571528295,321.6572370323569,4.494410592430568,214.72687153844134,6.039960572447637,230.8427622951883,3.4193725782305857,222.3707634253626,388.1530420797373,4.861443834404325,336.63096131253536,6.013719223326984,273.4761666169759,165.67214278605104,4.40671631448914
84,622.4847747136834,0.9046697900075518,512.8371989094776,1.4943989042463421,436.1797044021213,775.4405808462569,2.2177948361483955,632.5012182288255,0.8323226696167518,825.4135517050089,1.803552405442459,755.1100416995548,1.4879568693205014,460.5176963485961,2.1727713444733237,515.6304717599596,1.17450928542302,438.29141924699087,1072.5682019714425,1.5941069566137034,811.2983580489702,2.0714285868241675,617.6553071551881,307.20496646823517,1.5058918880786218
85,1359.3708004996456,0.6594621311301356,998.9396230288024,1.0749562150658984,615.2137693958713,2577.3698414554515,1.636892540548264,967.6955196163601,0.6024463268286318,4755.835269136654,1.3213739509343174,2545.6800940890707,1.070353962296321,760.0024104243448,1.62572654314318,988.1083438048857,0.8493689331794788,823.6246175410555,9240.644146863595,1.1602280690736626,4036.5663053162502,1.577243774666223,1568.7335241058472,415.44178081448166,1.0900661901082322
86,1301.9155427977676,0.5724744994175645,952.1198147057862,0.9504715432811297,549.0004034242526,2426.9788116550367,1.4180497188689003,894.7839582486237,0.5174497611406823,4661.304275865666,1.1823957568509016,2443.192763761393,0.9482325900905777,716.6650100298838,1.4070577662995882,927.819030117108,0.7513013127555626,756.1603601211606,9118.313356276554,1.0353267208548766,3949.4250849686673,1.386083941007639,1512.0913957180076,379.4792829137685,0.9645800612834622
87,731.1046583023353,0.5232897259419262,577.2119755095141,0.8761311235458246,304.46116853275385,1039.2490754435428,1.279527400145529,626.0240836432514,0.46817923411592344,1641.434620078815,1.077191725980255,1179.9422266599745,0.8805210092203621,466.35441241341243,1.2689710302682775,506.23921862852126,0.6979289694640127,401.7555636464651,2474.144603869564,0.951196723730313,1319.4194776519687,1.2789742821712478,754.7487816023125,253.32910941644218,0.8975977612573052
88,1.6239194876432923,0.39322829730029807,1.426287225827406,0.663951295183818,1.8204031265036456,2.949019049261068,0.907498052052396,2.966753927601393,0.3435914303540807,2.9798479802784996,0.7749221843118157,3.0448156382471394,0.6758990532706548,1.3144508015067078,0.9099278637864483,1.42617255958921,0.5364055639624077,1.3625510736735134,3.0743818898107405,0.7055426729255632,2.6317286788637664,0.9030289354602524,1.7584945538905026,1.0984490936002198,0.6770506883302121
89,1.627384969531311,0.3737827420710607,1.4234702159988877,0.6156044314534699,1.7338411730257433,2.8903125838663,0.8357815958675453,2.8630148907314603,0.32390142424299184,2.9356333273775137,0.716613408860111,3.110850266578397,0.6287879087941854,1.3257826302741897,0.8433328673816748,1.4256265845485672,0.508320729513527,1.3510427935432041,2.989349687948833,0.6502300368960862,2.5792889415799447,0.829197748842896,1.744319291940709,1.099113971881484,0.6266794242967676
90,1.611486060326139,0.35478767932657923,1.4171118809517347,0.5706897875021125,1.702485409661723,2.9734299879604853,0.7755595159303743,2.9346593398633294,0.3058452394676702,3.036218393911091,0.6656819234379197,3.1474524746683565,0.58334894463321,1.3287319204863741,0.7830478588161849,1.4201840806059676,0.48051256241736834,1.3473893719107304,2.9261038129312027,0.6032394291539114,2.4524272973527568,0.7611104996714608,1.7205456376664399,1.1071814768074022,0.5817958595508679
91,1.597288870190913,0.33521767402322544,1.41779605024238,0.5359132998949995,1.6850418481974105,3.123363058508911,0.7294424963871935,3.1808254280957486,0.2870757507287365,3.210744783213152,0.6287704949894586,3.307698879130549,0.5466714544831769,1.3302593100440543,0.7384380515293196,1.4108475101718287,0.4563237366272582,1.3372701698816893,2.962296216759132,0.5701401884108438,2.0017216545826786,0.6807826142022841,1.7040899202205517,1.1068647955875262,0.5444029739654273
92,1.356003611519693,0.27571011303299786,1.2275932936466685,0.4620355667119993,1.4295486984673977,2.592992615707079,0.643558669084046,2.7445346830333843,0.23857267327437165,2.7879559472561635,0.5426627359674484,2.872199510082959,0.46794513548623495,1.1526625752939248,0.6498621119659271,1.219005203137459,0.3779642334888954,1.1782430879325676,2.4666835096457893,0.4925129288778798,1.6351891288614195,0.6004132143801555,1.4480906787475765,0.9709252548618285,0.46704995533374793
93,6.541416306752291,0.6666635340866984,6.091259077805565,1.0405166433761024,6.9667730526611535,12.384232266269631,1.463825488103385,12.686146560085046,0.5939050497307274,11.347783751479275,1.235580937158469,13.64342676515781,1.0440842929994525,5.937512979348112,1.5006758471422268,6.076858371476441,0.8615581837482758,6.046336774489296,10.592617491639858,1.117745118320836,8.272659036768662,1.4119753296925022,6.823691985881534,5.288477064777579,1.048393261722469
94,1.7297365312324666,0.2850910063479526,1.5356173249735037,0.5062051551078369,1.9132229965773906,3.6844753367523544,0.7828654629241987,4.227248831815144,0.2580083116970202,3.610976181784545,0.6499298937253439,4.093712120021545,0.5058220112051948,1.4398497030076847,0.7941410271072219,1.5450977646280246,0.3838296094571563,1.4647742482293884,3.162353370522542,0.5632420377243608,2.673347438343874,0.7716962847669904,1.842101227470494,1.2561743022257872,0.519348582947112
95,31.208059813011545,14.108288238351527,28.99230412525673,21.542717650775028,32.02978704543736,57.34607164279472,27.232681814632716,61.07484182001029,12.246192723387304,50.49881002843529,24.569708767803657,70.46559891788698,21.482344406907238,28.318368346837634,29.101851436980223,28.96403262894411,17.8249817979181,28.88094686862514,47.07750660435412,22.18330968176593,38.24258992809594,30.319159121757565,32.17882037425779,25.318169761856275,20.737277756271745
96,58.90743155579074,8.625769159919223,54.03437708983617,12.725873844888287,69.41297998302176,91.3515292527687,15.933321390291221,119.11563889531702,8.459502818867138,76.71557769394795,14.816089072206381,105.99491103237688,12.763702256391246,53.93817117697799,17.336537997590796,54.4051360396411,9.893141775423064,57.67174477210089,79.31990299252907,13.106485690894427,127.28206591865646,119.80864722142944,62.85164967801837,50.883933992177106,12.043510697564516
97,64.76680129511439,6.9904564551741775,53.894701876351604,7.624943402586808,57.85554951712138,105.91835214309512,9.063689672062146,52.860667076152275,6.754499621333205,118.15888832845994,8.351539402895515,133.91059249002697,7.857996054305759,47.78340290096884,9.6862958113818,51.21914432129111,7.033682674628855,44.44656944020359,146.65298341935812,7.736778228674471,178.38826933540335,161.41166295485584,63.05153121364555,23.612992715463037,7.425831030596093
98,58.04721783503065,5.631358735138922,55.4710901997359,6.028317729126034,55.26665078833254,111.31529270275871,7.493732121138076,138.32710040827516,5.6626344520928305,79.45179100780169,6.7551695941082714,116.22738667718592,6.218067504163274,55.32397477362166,7.811262412029828,57.7611854366603,5.6599255945100015,56.62305308565869,63.29367556935073,6.199075372459221,3449.839964228622,3519.7575490487598,58.84603838765107,50.537272584941825,5.877997554836872
99,566.6570075018963,5.052326620123482,472.1445880846278,5.534396340696061,1018.6984424499627,1066.73546484587,6.765029699866137,789.0095905797211,5.048366296437189,1014.3299404075465,6.183162323622191,1147.4615990511056,5.639645667547407,417.3664559394218,7.382793850947003,519.730209510625,5.100116545391903,517.1985768244914,974.5451256206917,5.775854983572497,4866.02662312766,3931.8530662584712,637.2450021714153,304.4869614257783,5.425231732625942
100,778.5456503924696,4.308295654633724,592.3945044870978,4.7696109035306655,1410.8782007818952,1758.8043214147372,5.7181723093276835,800.8207479509357,4.290491648306355,2316.653125305679,5.281666682039622,1650.4692118599762,4.896037723037806,472.3797875325916,5.659116393949382,623.591625927785,4.428986892192628,585.3520306326978,2683.368990555422,4.908940995348407,4884.280056363069,3945.074861363481,940.2968165298795,312.62578595660483,4.69524363552667
101,624.9400085354063,3.7952969049227097,492.325541745472,4.292056140196246,865.3233176362812,1566.3906791612205,5.194104607853817,654.0759944812625,3.7647046274020806,1960.221500333147,4.784073689371422,1344.3478003189432,4.418391764415099,387.47828197192933,5.853359977542302,448.3804092265276,4.008927583025946,493.5825605340299,2200.1913632727196,4.437366923372856,4887.304901405521,3948.3406217675883,809.4474373181197,249.14258339112737,4.226712334826739
102,147.69937192467097,3.419100521097363,137.63269099918824,4.184470925234476,133.26958434491155,292.7764311854636,6.133810958343004,272.5666006137691,3.3389383022381596,234.83127533415794,5.007324118573933,299.7893221087475,4.269792427115991,127.60974001451132,6.283964889751476,109.12956187944619,3.7918809804656033,128.25809279840624,199.88237437673718,4.5179210135001,4894.171328759176,3955.1084931356127,155.3931205226142,85.79689530226834,4.604496744327623
103,10.275433825762047,2.4416479334104193,9.434005140120522,3.203605393511697,10.97930732499698,19.85775369792377,4.940036933848015,23.627361932493947,2.354046454815834,17.212446777742738,3.925452951242999,19.52273566977665,3.2525635160338586,9.141877249371941,5.03151386944958,9.657378612090081,2.8004692959433073,9.323339793820121,16.044142983464084,3.4902070780089867,17.590294802841797,19.430076294151114,10.701311031821977,8.870720047098988,3.716609800634187
104,9.057703551547341,2.2126461949473466,8.114108455493518,3.0963858812154808,9.981857653606113,16.87034117136835,4.882494065900367,18.18459013997388,2.101600067172859,15.678018805911908,3.875449687758151,16.393361024727795,3.122925770379366,7.640782464912071,4.952425143826215,8.106225361036046,2.5744860826699014,7.778414552817566,15.758873171313965,3.412291795333693,16.10621740226822,16.24163597177901,9.57480332443628,6.910879013417004,3.3737718801312404
105,8.708472801366405,2.0930061668152935,7.96676573061729,2.8868321832516566,9.712793139064853,16.852323555737712,4.545656143088086,19.073904774775617,2.0005554111355277,15.31039518809979,3.584133061599461,15.496987830596636,2.9105371390727663,7.5767640535653005,4.492301841636527,7.9453124485333895,2.4207620385988684,7.807287395883932,14.033832245108584,3.1476024509032126,12.708297579318131,13.46053089184061,9.25681198570737,7.028606085124817,2.9371139354827154
106,17.866210606888284,2.3479775587008516,16.578374669298455,3.159751988590993,19.211683444060185,36.54425180320461,4.927686341015198,41.412182793379834,2.2582406932153005,32.62376132645459,3.8922609388764506,31.52125469200365,3.1758506880073067,15.82366658314109,4.763646685020072,16.63662064151975,2.679233148552851,16.128533833664047,27.07903792074425,3.4126201602470827,41.21345638361255,46.61591054492805,18.94694985788221,15.493152299532326,3.1843228929968745
107,14.23345247785129,2.1466920748017904,13.677527213143943,2.679835155570073,14.403126897299472,28.668320714013202,4.06165909202533,36.45575248198895,2.084778029318409,21.410366604795808,3.223029120248725,25.68097190334206,2.7058028120846225,13.454445756838528,3.8269406669973205,14.330245452859145,2.35570631994127,13.407022194718575,17.370956444929934,2.8485153823241465,49.94633901149861,51.581307368117535,14.666547328149168,15.866682517617305,2.4989062648017133
108,16.362643417099385,2.099188929014309,15.841828050892783,2.491178899592863,15.86642958499078,33.923153299338345,3.792531949192181,43.039176413315786,2.0448167741750334,22.986270991380607,2.99852860905214,29.05168017573086,2.502503189770688,15.580308755389158,3.638274273678576,16.55946628320036,2.2564888586950334,15.368903241612875,14.794993632912217,2.669658233635537,144.58678806249088,112.62539278963209,16.507825586909895,19.575412378882447,2.211436326290067
109,1133.179106781929,2.2526051604047743,850.0979726376462,2.5565581589261663,798.4849137393765,2303.135237898372,3.81618451158786,1049.7267935950322,2.190974390186993,3106.3847185253044,2.91890008022829,1889.2053239707861,2.6616231497044245,678.2765132126508,4.421710849613536,938.0006613122341,2.4254870070321974,719.9302243461655,4193.923591018609,2.627109683996407,3023.157678519294,3004.0710508921366,1239.7778142111438,497.5973028898198,2.4855691719922275
110,1145.6236917036442,2.114755211952372,858.0455803574225,2.5932522458293428,932.395471639065,2415.1651812567643,3.993828011730367,1005.0669819059677,2.0590320407113833,3931.2869970606052,3.0401036707813347,2180.6887476188026,2.6329976226630767,652.7457369719355,4.590576127726933,907.1151947847355,2.3235703915700237,719.2488980303207,7088.098242066741,2.7629841333471514,1657.4055926741346,2343.890905465481,1341.5451377649524,481.45938108858235,2.4514527645086828
111,308.20912946764116,2.057099006085035,277.6796583501236,2.4757775012286665,279.05287117821825,605.5127664514972,3.5964637086178692,484.12296455212845,1.9806116518499963,566.2209004921681,2.857914925987796,614.5567820172696,2.5459223402209563,245.08727597900844,3.641408113231909,129.4895222525828,2.2807206559306428,236.99613400861261,473.1754847433383,2.5881309957698275,2138.0808853220187,2426.123080565508,323.5266683776157,45.6458080794184,3.564536835065849
112,8.030622700747475,1.5854384399614316,7.312967844411949,2.0903534180785948,8.607297035014641,16.34841011954532,3.180083079997379,16.735010493714032,1.503650969501356,13.48987777270412,2.52375210589231,16.945522608627,2.1203404009395554,7.066426659764301,3.268687000553148,7.475233889134469,1.8353961577131068,7.2101300671689685,13.207065053885032,2.2652940939201143,24.261939291921294,24.331865963952772,8.324911597491486,6.918600083503658,2.614644181047478
113,8.22323989558777,1.5235055001496058,7.575784470664605,1.972791897253865,8.343780228024324,16.63665579531318,2.9207858420670325,17.214383260039234,1.4446010077622837,13.182954424219506,2.3608701957017013,17.656197676653,2.0126819070087008,7.3871097470629605,3.03554429466182,7.68304422445428,1.7423703343498733,7.425331993746845,12.049490857605633,2.123808576714247,133.8597129219481,118.9848959430595,8.454581405730039,7.358450411059952,2.3733978887446163
114,8.318856627545426,1.463564154874258,7.699879207724727,1.9126130893365803,8.474895739219924,17.451926328187092,2.8369271598890164,17.933805857210185,1.384822078245655,13.42533391278753,2.2941302742416534,18.359221057689574,1.9511491368943594,7.457017994236485,2.9501517703906153,7.798112447356906,1.6797313514260055,7.552477289554718,12.337979978588566,2.0671509478947843,1.32661030206209,0.3384056772883221,8.600260703458368,7.350390959335115,2.179830806877664
115,10.924773779982285,1.4710089304682126,10.28970886636137,1.9192798230212933,10.798086894211153,24.55328992937004,2.7949915332261166,25.933680477399832,1.3834684375240056,17.053875914331133,2.292385587691832,26.6733194906291,1.963544365368806,9.931728525576794,3.007912882543284,10.32408863633404,1.6903937517792218,10.040114411084817,18.414595248810855,2.0703013884793227,0.9424970694222177,0.289719390405597,11.349824113217135,9.47348631693104,2.1028761856045266
116,9.844990181811404,1.3480401810402882,9.221986955961338,1.901330405789117,8.810565999738456,22.087323199502812,2.7594451482925404,22.85387064014958,1.254409567588604,17.364474394546225,2.341607730982108,23.294276346992458,1.9130331300274568,8.827956459946968,3.015186963154042,9.133560561549098,1.5817989924081524,8.782687810354396,14.805795186458703,2.106854727187663,1.0315217787666744,0.2985142294670281,10.19701845313568,7.812205046879271,1.8253578978253255
117,95.94219123280138,48.69691850818226,89.01310161487363,75.25645328489271,28.990770905146952,193.1988571892599,97.13943372925809,184.5677235867232,45.18286557992468,172.37098030438804,85.68377036940883,180.05620370107238,72.08116422207358,81.53186332733516,104.76202361903695,85.35797954603179,57.69964720083688,86.61042783298495,157.11911433032827,76.87236491363693,1.2123062622741618,0.3159676710327912,130.57736160316372,63.031248588624614,68.59634060534985
118,194.04519199803266,128.07245263448294,182.2574765702014,191.24589225484425,115.53298792122537,105.09665410159381,67.84433278348004,112.59018610405315,65.41474722905413,354.1601936686363,206.81442378919445,389.35956787367843,182.6384858354861,168.50856924173235,253.72197091696668,171.75333825144273,152.23163158563523,54.389761528845725,329.9663582566381,191.9359526147616,1.3041860628081838,0.3215499635461915,224.90881606854012,72.9225663908712,82.05840889177031
119,690.2403678260438,192.3661856840927,637.6179618653562,860.9929753323705,694.1331486782635,1729.224433697999,1334.9089552611888,1001.5974846514332,148.75908972459044,1410.1861849795691,1142.1410779560879,1418.5121526568541,706.6978848129673,506.11587212470823,1580.7517329094649,559.1219182790048,421.0092065295972,653.7079039497677,1103.409045902839,1043.9508356526187,1.159014091517471,0.28754885858763823,750.800287970216,98.99377779633497,109.9095799955691
120,1034.209082580014,195.5684226748062,774.9639954012462,1006.916734739819,1305.5042463580144,2615.6026125809703,2238.0675967671095,1155.8711874525925,144.3502580552218,3957.5114842872986,1629.1428830456966,2496.460669728747,854.4865630603344,588.0972120586016,3226.548887188282,769.3589046267198,473.7956796161128,714.8498307250392,6885.595336907598,1332.5679430924502,1.1399055721972755,0.31027303907456383,1245.781562786069,366.4937274546419,837.4143411878312
121,1093.461714933823,191.78707207150268,794.7673132781445,1030.9593789955004,962.5017153142516,3170.125137485827,2606.6449336187957,1290.718592770198,144.8330513038951,4981.798561657759,1726.2115027168793,2948.706331335395,885.4575103460529,599.9138511091969,3410.012219888962,801.6651233584215,474.8501510587725,780.0479930019368,8825.961270170517,1381.4124799730134,1.3292118695533484,0.3332541423254596,1299.04410553811,349.38139109767656,894.1090886995727
122,1453.8426558410247,208.10257711421855,1071.0268389944613,1182.3522727677582,854.0379816537842,3363.6710324370742,2717.623666540945,1323.5651190140075,145.7628448313731,5886.89960018897,1914.1443481817573,3695.5529455960445,1003.4898089703698,796.6054056067793,3698.456180504002,1063.2095061760856,539.2302919564077,822.4535852647591,9983.887076770648,1571.8435122725446,1.2777128885636124,0.3385658984683406,1710.466532795634,352.9240947848217,958.5777693041827
123,1666.4577094205642,246.27502462407395,1257.602073109711,1312.4569549235102,798.5635092020528,3446.637888421052,2754.8105992703586,1336.0503878024506,147.5618276178198,6262.114185457753,2064.750952728312,4065.3224791757266,1120.6150756045188,959.878563339821,3883.948504983042,1244.7128997205398,622.2138517654572,847.7881890621605,10302.8371092338,1714.9124316439932,1347.080502110658,28.751721758631604,1929.643780600948,362.34466422979585,998.7400288666631
124,1686.6949310032792,254.94375957389215,1275.7949812353106,1326.946626877079,791.6040336652461,3574.5121042758124,2810.5282846097257,1342.6575236414537,150.58553725366298,6296.0570492945435,2081.480391270633,4100.6546375142225,1134.644769414135,977.4652984341415,3902.314365115857,1263.1341551353162,633.8139831131903,894.6887079513644,10328.433646973328,1730.0799935296673,4916.6712980273005,199.41552114712192,1949.0028374638318,393.31669330325235,1058.5441945304322
125,1576.3868596155185,230.0454477968957,1153.704501581122,1236.183270701095,731.9750702415015,3496.5210828112554,2796.622572650568,1345.7000725068528,154.23944342499098,6088.903273131649,1992.6236272111385,3881.5099139036643,1066.1281978780748,889.5990412250403,3795.714382689206,1168.5835092922944,584.8038976219277,894.7278589969535,10132.101608926261,1632.0404983116682,4922.914217429236,2944.9576274249184,1807.8091122607113,399.16030035862553,1070.365456492438
126,1081.8705354205526,207.53729385818488,800.6222760406281,1021.7437523473517,624.8462693254941,3160.8089632109354,2656.0742910188487,1256.5348071719384,154.28122909952626,3698.6988904616423,1663.0243663917686,2570.0942108428844,887.8118744805456,630.7251999335277,3206.1417331516345,838.9604990056041,492.64933941988943,851.6742666286151,5245.78265312848,1367.426520317622,4948.8685707221675,4003.863528967592,1097.6379495674669,372.15216549634886,1011.4685704380142
127,421.65748640040476,197.65266830368768,387.45320380971185,449.731869786078,573.2405196018304,1825.7456571421935,1960.3928113790205,976.0495021112247,156.07184280368543,649.7528201788516,494.16214466781884,685.7741200809373,429.73091449827524,361.82160824084144,616.9767942045397,379.76457035173837,337.67119619833613,769.4399247525477,816.3769564834204,459.6407546468756,4948.867925305986,4003.8631681493193,430.0915769030324,310.88451061640353,819.5032872278196
128,8.946986889394216,1.211368344276537,8.374374060447039,1.7009850594752187,532.5137462837097,152.29620678225183,93.18489029114515,168.6182773494183,72.07511914690676,15.438715831421344,2.0228781561700444,23.471496558906985,1.6869031390029932,8.220554210440174,2.594226799965094,8.211001030072138,1.3500300039537012,75.0107170705577,9.73038436109638,1.8356493782685566,4948.7000647738505,4003.690147818613,9.49239031499885,38.354871806868076,39.030543926578574
129,10.560248186094995,1.260736025553594,9.851870221665235,1.8849455103006743,515.1561452533266,100.9800047198372,52.65294120017784,115.74046136324105,21.076225369316056,18.192256907571668,2.1947919454092335,26.60106671529922,1.8059255885092802,9.649541531294226,2.801742985185869,9.705357877601628,1.4342316818819534,45.722897937372814,13.759775238507505,2.0441194882983145,2863.371181324093,41.33032328735683,9.985465066664919,39.92498125437636,40.686641800421484
130,10.724101960393682,1.263802670605596,9.943612524536103,1.9617974261080737,469.37010996899613,21.390207943467534,2.6673023571195604,23.779095022500634,1.1932833009556485,17.438374637199843,2.24194944988197,25.794670662610294,1.8145494397875253,9.795279051298198,2.852390525133589,10.035946186725226,1.4746390163231584,8.390328166431917,13.86351402420967,2.1139933901812666,1418.122641290777,86.628919452477,9.16690653455917,210.06892367692396,319.81308752115325
131,11.991492116782684,1.278011738852443,11.066827511116596,2.024787994393384,493.57022685101055,25.58908362498589,2.815909577238986,29.212024485117286,1.2314361187986997,20.045853739794396,2.264346976551627,26.944719698609546,1.830672144867248,10.83533387084554,2.9010233487456407,11.303963824192083,1.5100484086363952,10.191108662297129,16.6504975545037,2.1951102028915876,1.5176570720884905,0.4207532474860914,8.672973693337578,266.4217186287069,468.51284572999657
132,9.253487582733165,1.241634710447285,8.689751923572818,1.9941412566183327,523.8611240952359,20.56069714400364,2.780001506661488,23.16782143214261,1.1967517080872452,17.20351424465626,2.257305734435174,19.898472403524178,1.8044578546648016,8.254390675324064,2.807871238054877,8.744268621456342,1.4965358169807994,8.33772896974643,13.054618234378548,2.1416743331192922,2.632570426350036,0.5155477012137132,9.11579153805503,186.03895209479975,236.93559676731522
133,11.369001962054634,1.2883648525737987,10.396489312485244,2.029374477038356,529.9224963018287,25.17928382962029,2.767269153525751,29.211148631577544,1.215851185188423,19.196327396615775,2.2713661532498635,25.015079848108165,1.841343028585225,10.353682770084637,2.833794454730096,10.784221519854515,1.534612668463223,10.252509052183935,14.608246621512835,2.1750027823201847,1.3219378677259823,0.4947666473046343,9.792072054192499,63.4626744765368,62.96364247657136
134,16.572417305009893,1.351674973018737,14.818984220379955,2.109891622285205,517.4090510693115,37.407708157426526,2.849081647009833,42.227212252151936,1.2592665907286684,28.53209014493129,2.3503821670843466,36.76894021822068,1.9120571372721384,15.225530556340189,2.914174024230574,15.807933148372483,1.6012627916489204,14.888438083569543,20.812729262434864,2.2638437886149734,1.473486231279543,0.6149075451018479,8.357049262288426,122.39664160398605,138.82267962150965
135,9.154084066147005,1.2828727623629135,8.564041067421984,2.0075024061528777,431.4011518667473,19.908454692671715,2.7999378289159518,23.007204813774777,1.2008139391056263,17.195150468640314,2.279802888849427,18.46538624317038,1.8254188280564894,8.303176904367074,2.8310294928690194,8.758765776699246,1.5299205346581863,8.441095444630049,12.338196021073646,2.1404638969579928,491.76580224207856,1.5559948363716671,8.004346338987418,6.556533153028866,1.5690092576485293
136,10.191159004382147,1.3241217641379035,11.08191241309656,2.0810708717302906,346.6330429194476,21.0407149488294,2.888291401246078,23.34504999707361,1.232465382482654,18.82948126673753,2.353733577318869,20.42634630582471,1.8894409068526667,9.102479708280553,2.9736863707598675,9.60054152555227,1.574793158469472,9.248108130920425,17.547732871159234,2.2662573032648554,1.1833597340547224,0.25380686909191796,0.08026507074380063,6.1814718539287075,1.829802711084548
137,11.095659167455446,1.3618494115909743,10.022618236983726,2.034017396925655,330.0812626759807,22.669006740075133,2.932414792631627,24.968888666630836,1.2691772076270964,20.158234272075937,2.392843702677171,22.601256391520124,1.9351361510028529,9.927018930267897,3.046858782268024,10.430074341335025,1.6120002304737107,10.065971730966986,17.375662549938767,2.2712492831467204,1.129895806616889,0.24741921775080483,8.047324928770518,6.561083120568913,1.9030318390459913
138,10.385830377106464,1.3731294489490067,11.143913798528164,2.023155423322885,280.2096848725115,21.38456911046362,2.905136772390917,23.494694077017527,1.2817543618056617,18.754184916499625,2.3719711327177797,21.15537816017546,1.9289450847763425,9.329723869526795,3.0157122872914863,9.799102305626047,1.613626451980617,9.501898459713741,19.622446031718024,2.309652760278749,0.940932741667766,0.2380021349640939,5.541325531548882,6.205192743844606,1.9167111686205378
139,8.410711707501026,1.3662118508656873,7.5772910254990755,1.8782165208684174,429.04627251062624,17.306603374959657,2.771378709660236,19.767128293039136,1.2816756650297072,14.599924558922112,2.278928571481721,17.33044282678304,1.8803375844708385,7.6994707367808,2.883300763959213,8.00204792808037,1.5840513971430317,7.838841112093412,12.23985915573748,2.14788539020688,0.8488668588132118,0.2317625256234846,6.958416951797993,5.232648994788111,1.8334945201784345
140,7.794949949941812,1.3728195061642736,6.961459315722716,1.8770239578263277,628.8715777340268,16.170701057437384,2.720704192536147,18.680548384200446,1.2932778581713205,13.552879006371803,2.2422478578190814,16.1624322865577,1.8637830171122305,7.153949401213914,2.8402333379164393,7.390769353043186,1.578075027837778,7.2723672408587685,11.414151791756307,2.1141221793159986,0.9058438707159482,0.2331082703450238,6.611895649392176,4.912399651848903,1.7590243158047956
141,7.667342708900627,1.3954834292679317,6.879721088295071,1.8935220467526146,1011.1426297385366,15.911625160358874,2.628419105587758,19.30194263078728,1.3169935740885683,12.362985149918732,2.188130359507616,16.581532233030167,1.8566263332136121,7.110675681294893,2.787260725987042,7.275850824571233,1.5812307814661957,7.169245583674641,10.893573994397729,2.0953070985491618,0.9512592013016224,0.23498544701653004,6.4463582984353165,4.771848772095889,1.6235556273403988
142,7.564950770300831,1.4268463997706065,6.93254222430666,1.9373863242115195,745.4695387639636,15.389051021372358,2.5309574510313886,19.05377069640523,1.3524169692603756,10.39890299231687,2.128251957732461,16.41920429559428,1.8415381035463316,7.116131836098559,2.7154262917170886,7.232299882909768,1.58255346871243,7.07500534480401,9.87819916264762,2.0633021480459686,0.9883338924639005,0.23626086321790837,6.76403356989985,5.026235510318974,1.5345718333620333
143,43.529546147316324,1.8112077808528586,70.61289287702215,2.453058783299941,1613.5457011811272,103.96358714476364,3.1495494174478758,59.68710744461489,1.7206333687147861,65.48017287877555,2.59335159594504,107.29893206587039,2.2930040718604143,36.88092507880669,4.001639222950761,41.123734074658955,1.9643041371190066,39.07997687766347,47.04036776316224,2.4688856301291704,0.8217462761172598,0.2301687613772102,107.37525807209619,411.7862782028556,2.5305598430435534
144,605.350870037963,1.9261083447391218,88.01560891228054,2.67290211383032,8.314747652082122,1644.5936744364453,2.803204043481776,664.4886457719948,1.855975408818804,2213.354733257073,2.6038029684668924,1493.329956048337,2.32982644247599,353.4409654073743,3.4863555240833604,461.96932842739153,1.9919236153215474,428.1248387178806,1369.9403454280878,2.573028281785984,0.9807188729799543,0.23714668451244053,695.8027865535405,8.781584770735659,1.9245288841768322
145,712.1497494172429,2.0006347993962446,8.048182413604737,2.216448570340837,7.886013104475149,1970.9476164938185,2.6980507555504376,720.0351897308939,1.9445144721879375,2720.1693859952907,2.535161636130846,1749.0984854684496,2.3273760517938253,407.94251960455216,3.208806787644748,548.6005759583857,1.999375603701003,510.3628843047148,2734.361650147145,2.5557833694489585,1.0329685634086,0.24022993527870123,6.932958830108784,14.689841930024047,1.7102452017775933
146,705.9858215312594,2.07123859315824,7.684145840472453,2.221697124032185,21.107532298748964,1734.9952093188026,2.714081138549719,714.488590905954,2.0150242465396264,2335.5095593681804,2.5162933671922296,1635.3938801814115,2.3487464623644696,421.0269409231271,3.2201303321824284,548.785161834212,2.033760037511988,500.3830876551,3125.181672412476,2.5786880221674022,1.0057174126900217,0.2390821601838231,6.408697100125237,485.5293685508018,10.04968791770444
147,741.6753040078404,2.13971567898782,40.49402918677272,2.817691619453112,111.81852473780154,1527.7097166654332,2.786314974555653,727.2119118372617,2.0860131933068677,2068.4596531534917,2.486568223273194,1554.0279591460846,2.358052479476247,456.65710898079726,3.239125296922352,559.8418604514437,2.0657445470688796,502.6750504445925,2945.6627538218067,2.6326061494989412,1.1601886144963036,0.2545904144820821,58.760704364428555,594.379566970596,7.499087776417067
148,680.1833992022957,2.207349348317078,232.82584839962058,2.7662497651781317,641.7101349995045,1370.641316668044,2.8306509548411203,746.1598954072521,2.1624378057903395,1528.6983775689475,2.4810870367690008,1304.201422051341,2.3950776065084893,448.45237013468505,3.412539028047256,543.179257258073,2.115907599447902,514.8471170957312,1257.8154960451543,2.752644789554515,161.48193536939246,161.14936843792273,1262.0379873712561,622.5742534105394,33.16050103806333
149,329.32053317940915,2.1990987138641973,524.9931518167048,2.509527724101436,233.5911451128279,631.6182532167387,2.644185495056891,470.884541751253,2.1643375090146897,520.1083252868491,2.3503251126676687,650.6025660048791,2.3389964341974188,244.1111621709561,3.11287030284002,277.5222753621222,2.098464457961492,263.79162766594294,250.9226231964898,2.716584899323367,1676.693155624556,1681.6898195084707,1469.4777364177423,622.6136905891273,405.6889927072784
150,12.219692419273226,1.7707186520462757,8.047415463078202,1.9281657406234913,8.006837165798771,20.224718822200742,2.261999488791541,20.137568509182103,1.7443433641102999,17.9181598917407,1.9993019886458785,17.87676376109429,1.9453386423801666,10.97744030145143,2.5421333255078484,11.356238644944849,1.7534072603454924,11.458858522296492,7.78829963092889,2.0838349461944694,4793.3838300253665,3847.236736750192,13.092610767211829,622.6073094165789,537.6251474865468
151,8.633818189341984,1.4588479224477702,8.120133594973755,2.4471727004109063,8.681692389062963,17.131362565476536,3.0911817302936124,20.032390745334418,1.3681084603225382,14.91049212530562,2.5801652140098623,17.595001679311668,2.095045010837744,7.728402768276689,3.394551118906074,7.976156025050228,1.7212431525610958,7.734583772710785,15.200477074277435,2.7508954248795554,4845.290060792347,3898.9472168821403,10.370167761828725,622.3397550139553,145.48346688280458
152,12.801150135218435,1.65527808189926,8.973981697167952,2.750606000969353,9.927826434049578,24.369734099067415,4.7309032093855565,26.550766966518886,1.5233197192172432,25.09034195429865,3.74338102225541,24.220757271726594,2.7950741944439654,10.02783836918223,4.773004634673137,11.111039880178543,2.161254470916469,10.479663906879674,15.146329334859272,2.917077954317195,1621.274786860825,1688.0907477963744,14.72090074722606,9.98705699526116,2.187795940657633
153,9.875066021089669,1.4938104656271765,10.644791884640515,3.0305668972256417,10.799890507738066,18.48976156964851,4.5348174605332074,19.48634922518237,1.3922909988871124,19.15734439600907,3.6243161379512383,17.378746451615044,2.606258107846652,7.599465337078574,4.401850288299232,8.550704286118677,1.990995192837358,8.268670005958594,19.030874633666414,3.152909443980798,15.369827709097969,12.468084007684286,11.729864898559862,6.208567937965149,2.1287539500795325
154,8.294933225713903,1.2285068141402689,9.368734064379213,2.817981494192391,8.052938450384646,17.580913508162606,3.4069523500699455,19.563348190454455,1.194250084235079,18.45134777239573,2.698336552556828,14.841416933225961,1.9370333840086582,6.830244087549488,3.1899126295609284,7.560674428025571,1.5529955772748787,7.602497410268177,16.442446284608373,2.9677444843975787,1595.0658131409405,1495.5973710292178,10.95012171075276,5.407724370956257,2.0071409323158043
155,7.830751836256352,1.2154728668054395,19.151001543685947,3.330066562137292,8.53783939093551,17.608201315776803,3.356706112814189,19.505421890165145,1.1922828192326134,18.161564989651435,2.6596476523415657,14.07567691631251,1.9048830851235494,6.650672606894164,3.094889460997628,7.418212800635482,1.5441819523899927,7.462306351153645,30.33441880764818,3.3823890975697446,1476.9167573211685,1408.671832081243,10.685949478591223,5.247594046943992,1.9634067161488247
156,8.403094871494263,1.230388190876258,16.415809899639235,3.2740743862367716,10.08197382603075,20.15586952155022,3.641690004258777,21.61845168945449,1.205721499071966,20.736591290845684,2.8609220327221596,15.233356538887822,2.0127219488920343,7.177628247685421,3.260450581506662,8.161997095129818,1.6177535894331454,8.161546190491508,20.49418056149276,3.119137649093263,549.0905735063723,551.2560919025889,12.012353922088401,5.484445417893573,2.120646987472666
157,8.348775348048896,1.453931057672759,16.041901001319083,2.835354093170255,8.791029883017679,19.371615781642852,3.3066446024105423,21.46203192624449,1.3245290613733878,18.770060569684382,2.7778710475369754,15.51487020161105,2.1448928129441205,7.59178375416484,3.3392835025971856,8.059537036372292,1.7745261966345138,7.909355432957082,17.75804966231606,3.032749164882983,1473.9419062356337,1416.7584081027755,10.884568294159116,5.963309759269531,1.877300456211239
158,8.219550929609994,1.6055104026027096,13.434936458764327,2.6794380975701255,6.845367848447802,16.872945743531723,2.9916277204216035,9.913829799052198,1.3927790552852886,13.26187983554638,2.633970645995603,14.396115246530158,2.2293176214732964,7.225868716644084,3.4036397275450847,7.770790460502678,1.8679289548603444,7.815463362602727,16.131242788019424,3.0118687312091557,1141.9142597029845,1134.4068002131885,8.543496760769024,7.1379056276037876,1.7139166426058838
159,10.689339323133442,1.641001150063072,13.103516511624864,2.7975602449563306,8.822223288933543,18.355004678763727,3.031810346358066,25.736912182733548,1.378637536180595,14.961645388699111,2.6822035372889435,21.21176587027498,2.307368722441737,10.098347688881708,3.5750128298032715,10.295362729351794,1.9250333198053904,10.267136393450748,17.985174270197742,3.118483710537794,3055.818105542794,2421.741784679809,12.738056424753527,8.360179503612047,1.8620629235268737
160,11.624966479046913,1.7113725831398199,10.883499380170171,2.91476559424183,9.44619298249327,18.191156509534828,3.0694894831650275,25.483212332204072,1.3699235996051384,15.836683146025297,2.8086555662746644,24.768266541082312,2.4477177291567322,10.653589196858979,3.8568111792524995,10.984166864398974,2.030883725390581,10.860564675046598,19.970019443500547,3.2490497644206577,2468.5372119019244,2052.03894522195,13.245268970774998,8.484166489895733,2.0786877466942055
161,9.583059430416649,1.8387834984463132,9.621123581012707,2.8342328144198303,7.772054527591123,17.45145745377291,3.0867076256275134,15.875026273919099,1.3871273900840395,17.879819391054966,3.0302758835128545,19.665408082283577,2.654325325692152,8.369018540470543,4.0805928942940355,8.737920795317683,2.185335173918719,7.830890036129576,17.11914740254649,3.1821664062461563,2462.747398493963,1960.0801837669133,10.786257714321412,6.772719091284284,2.0724667458822927
162,10.527082242125395,1.8703968454037299,11.096617177844522,2.8899084749189674,8.799607907987017,19.586517016813797,3.022225542090278,20.847588735311504,1.3559888179292843,18.79322772681062,3.002262390345713,22.689817634251106,2.653798970827658,9.376866082999356,3.945746377760141,9.762249168603395,2.215295611352915,9.327395924657578,19.796338960504666,3.1829042359790183,1226.5876247290053,977.7317685898536,11.840305611943839,7.7851014079724505,2.175748280839018
163,9.771476006490463,1.868272393282019,10.554433930150584,2.7024265132712593,9.548535556125444,19.270209014596887,2.7221958227604843,22.21090445978141,1.302579052283182,14.623344735978517,2.600980203398173,22.184056666552838,2.4497326503624146,9.375379747466022,3.3020227546533008,9.524682901255463,2.1497861947376773,9.947381660301753,17.07646908026107,2.927932870159446,10.038801974041721,13.95657223405859,10.553770730932836,7.637755395501704,2.1323803717982157
164,8.56525509828275,1.8332753138539344,10.49210897405444,2.6914828721778106,8.054200476588322,16.529956507678392,2.618683038999656,22.16312933463673,1.2464613518822456,12.606658335804926,2.464174584101441,17.18101808939904,2.3671156741072004,8.259596823436523,2.9783106991035693,8.628786333300242,2.108812044488608,8.556303645620904,14.52173477110723,2.8879547839378517,10.667789370109842,13.833385995042157,9.137939973438701,7.612173265800331,1.9545137960658248
165,8.387984095818766,1.8666904615908826,11.801865056454679,2.7973210546037786,8.303352851655527,19.770934438702128,2.658936149546064,24.96702549996852,1.2479152123632777,13.27915603420084,2.479262523321009,16.33108944467922,2.4311886854919313,8.165752238006315,2.9946142563483216,8.704834933497976,2.173602941061762,8.725064706310222,15.852310155201858,2.969807830353367,1513.7799014221291,972.1781818627464,8.817948597525175,7.899106875122081,1.776920963958195
166,8.18387522044628,2.04703789401556,24.35588979693324,2.859980661381277,8.719997102742315,23.46809871635169,2.75879197212042,26.309172115614103,1.2612726025057728,13.306303256529693,2.6549053744262054,17.0366092740264,2.637164506632983,8.155377341786563,3.1548618369361607,8.787514404828068,2.3625471338558137,8.54619906854465,40.90263121196237,3.000468441959441,3080.3141511920403,2086.497877764904,7.987160826527764,7.713579397794948,1.782043388123563
167,537.0996760706386,2.1437966018498713,1323.3137064570108,2.2065824940971686,8.576571404416677,25.942122073450573,2.5041955902633695,28.667656070968345,1.1995558822673975,1317.8183275180968,2.4917403774145024,998.4373862255376,3.078860304526849,383.667467092161,2.271368433141496,412.61807942141314,2.832815327928418,8.69047763039306,10382.619165066597,2.245209062233181,2.0997087935398957,0.7961788506073476,639.6128122650507,8.284324205359884,1.7807958001170592
