,0 battery,0 pumped_hydro,1 battery,1 pumped_hydro,10 battery,11 battery,11 pumped_hydro,12 battery,12 pumped_hydro,13 battery,13 pumped_hydro,2 battery,2 pumped_hydro,3 battery,3 pumped_hydro,4 battery,5 battery,5 pumped_hydro,6 battery,6 pumped_hydro,7 battery,9 battery,9 pumped_hydro
0,19.218164656948762,1.4781811068745339,21.009353282536342,9.018015668200475,22.186683814764407,57.87326737553417,2.4196659548064687,45.46998480397812,1.6063458341607475,42.99192319464591,2.2891602673683344,17.84032821132922,2.4618505863263107,18.7315973069084,1.6585756142395558,11.789710265424649,54.177768314342096,10.534585051214279,4948.891275031921,4003.8691435975534,21.244875422649372,11.114763143015667,1.9611366832890154
1,12.99296669868105,1.7559365987513718,16.435371882041814,6.306203675422642,22.962000629284216,44.03197877202049,2.316931533979379,44.591796104334406,1.6080436189231162,42.960416576775906,2.4510732694956747,11.804195669121171,2.3994571273754475,12.078966710791294,1.6993024830626025,12.633696726176677,37.14260008381943,6.9748587662922965,4948.866743239889,4003.8210441887572,13.092798432110433,11.525522668474299,2.003939741907526
2,12.205432172903842,1.651637997010641,15.84572584026887,5.338682622747141,23.11332390189695,41.763186222083974,2.2221348618921097,43.02431962869715,1.614675094883923,42.47366643752812,2.4717349501599313,11.506565614982422,2.3183016437831165,12.107179412129325,1.6813934500386036,12.669705785343792,24.51557297302201,5.860395618064685,4948.601941592923,2942.6803939486,14.984803774026995,11.51971073341211,2.0225692442732957
3,12.836713660411428,1.627430933910927,15.25929654495135,4.634017272575397,22.848114838830423,41.13235960089785,2.2615467943008496,41.93328228840063,1.6177548803147352,41.21892755839309,2.4737013511381614,11.883668854463961,2.361228589343708,12.57532064976963,1.6772881473981816,12.57047200668302,18.901000285658807,5.024261266315012,2726.33831945869,0.3639113563886699,17.306810944175954,11.881826569676134,2.0758174978543167
4,12.933836188231675,1.6198477081267817,12.409967184466195,3.920195178756139,22.168699976725872,40.3233106517741,2.2931380903970022,40.399488623282586,1.616941712219403,39.69544138099468,2.451729181925587,11.92369902156871,2.3937311795966747,12.638079445251417,1.6817333309017353,12.43909108912349,14.268912671321727,4.212764948454522,1.450217596113019,0.30720793967665244,17.79013099247452,8.266431220696422,2.1628476194691597
5,12.517947613597922,1.6088081278507862,9.785775221117657,3.3550677391509462,22.158201705573358,37.98134013866463,2.3198718993402214,39.82531528344701,1.6176792600904117,39.31639541500336,2.4615392641282456,11.647395975111179,2.427126886505248,12.330885691140368,1.6849158969614433,12.384936232342051,11.211625708420113,3.5921750404837445,1.252487206754434,0.29440610780913945,16.98155622881854,11.833941191518958,2.0578089222291602
6,12.809725708419096,1.6128576578749563,14.516521298060452,3.472339524379819,22.594378108505815,39.704935059756465,2.3176873108997937,40.59539050433316,1.6191232617471807,40.555924246023466,2.4692784991979835,11.846746600970313,2.4319874969877118,12.704316357794264,1.688585748394287,12.416332215929497,17.42820523867408,3.724013657405095,1.5324955864890655,0.296667083440697,18.512872215679018,11.41633704290602,1.9844651771345228
7,12.843850713979887,1.610513672940854,14.070543541309354,3.240569688050871,22.64509179728967,39.045211348351415,2.2847433276291054,40.88678747315977,1.6195552611899335,40.38487535481104,2.4629368473606803,11.85296052298089,2.4026422053873935,12.750884977080148,1.6781007503242948,12.436370494486985,18.39147938838483,3.476198939149738,1.5008505541257742,0.2975020740289336,19.39858995745247,11.203733052008468,2.0130865395701876
8,13.36276401802859,1.5851338511062933,31.412225110287835,3.469340272912374,23.413089413301687,41.994304551101884,2.15624075222994,41.67845406208431,1.6164242160061602,41.115450851730486,2.367745442292218,11.633206019301369,2.2862389532246468,12.966031751632045,1.6333215066708846,12.264760381444368,60.091068470849606,3.730594697922904,1.1322779366823645,0.2780586893137828,18.671905807455246,11.290258602226666,1.9845608726264394
9,11.898076055849513,1.5894458625752999,24.211484133899305,3.166200142749506,23.70606454970725,38.47201420592866,2.1820010037947246,40.89153481086242,1.6012203906739704,40.26998724715462,2.2843897089060814,11.141112055570035,2.342045066586338,11.641642465620619,1.6358305634484498,11.85121171420731,42.64962528998879,3.3993944593578043,1.4106644862757804,0.3210044157817045,16.91422926214527,11.05473773980855,1.964159174022293
10,13.1506102871729,1.6059265376129832,15.650548590575134,2.828940393116235,23.355634067052474,43.01198002238052,2.2872001952285546,41.664143896850156,1.5964762590152672,39.5515950451666,2.3469091181268538,12.180065909791846,2.4436435678603736,12.435350621682291,1.6647423792238758,11.80924583771439,25.893223451558693,3.008807488954576,891.8302235487141,759.9542819800841,1816.6894729888338,11.232105937720657,1.957529187187939
11,12.857840806804342,1.592380527997772,14.946455216354783,2.6624504897242196,23.44071224162079,43.08567722359938,2.308502837702015,42.11317556910956,1.5930713826231855,39.848171765722164,2.4324846408558765,12.20036046118307,2.463853880642005,11.764601664796954,1.6436134574136438,11.953965119234494,22.842362019618353,2.831823762053938,1340.974100079631,916.1196732422699,1583.4324926178442,11.296032782638354,1.963716003695386
12,11.903699612150087,1.5611126700043416,12.619694036332,2.472427076123762,23.310453014025292,37.56350673913376,2.2185163165712947,41.86029879973911,1.5800482579865902,39.58665513254403,2.373590605511046,11.588826719299798,2.372066815707734,11.313909008787006,1.608930341662244,11.63915836497023,17.03736045608429,2.623678149863955,1146.4320925726806,708.6748362122579,12.017180529112817,11.193259186177324,1.9456496802840912
13,12.133173592271625,1.565251618046546,7.536602506022394,2.069740131816289,23.1517673813771,36.98113483346618,2.2555657572049794,41.65703498378699,1.5719613742303684,39.10145472890965,2.406786083964679,11.354408006235746,2.392538324332704,11.731911288465653,1.6223401080024924,11.588182288867115,8.811451207158626,2.1889317846340286,1099.938528111471,627.5518105872363,19.15973435924624,10.934196333583795,1.91937150421995
14,11.895529423180209,1.5633740648244858,7.554317815421206,2.0084545595276073,22.755755810012957,34.477583021909936,2.271049884522523,42.0351549903953,1.5913775281546174,41.37706810264582,2.530625879237209,10.798945904670925,2.389205326856927,11.614275708716416,1.6202753504974687,11.87375159458143,9.112202872831816,2.1289645974937015,1326.0731628510055,642.1235289273878,17.378175910531095,10.628522463067686,1.9336742570403016
15,12.135451019064888,1.6599638233744924,15.431665490390143,2.27146978668905,24.240013622056562,38.58500313047577,2.1329970218774132,45.349458578745185,1.6916812809778603,43.61145221712793,2.281393049152882,10.659714022753185,2.2455260768299325,11.800175529089643,1.5763817791359285,12.744806865212812,18.921240558495192,2.420780876578587,383.88746739141845,279.0869619751077,17.477466002876014,11.397813786880228,1.8009449605271526
16,58.6407422538855,11.641920913517593,13.783723874537202,2.087539689445352,25.48584626812901,94.49966627924238,20.339336183375124,138.97382341817718,14.800138370052288,157.4080541781066,25.799826947473942,47.12215691692185,20.328939240580095,50.6237024042018,11.786534763721606,64.3256734154467,19.04963438413678,2.220553039986274,776.4476930751343,434.2356899255946,55.79485246609812,55.89639349093399,16.957430063060766
17,15.498299614837789,3.8438508554754294,8.961195320582977,1.867716556892141,25.47014697785011,34.21405632923371,7.633258780637607,34.643076869667446,3.968985642752089,39.26860681435815,7.494500899680339,13.863236331306554,7.681191939345215,12.995200078040064,4.438762376292195,9.62696723109349,14.917161406096618,2.0085471266739625,616.5879772886603,367.72342439598606,16.794424458034786,10.008058078910867,5.522678916246052
18,297.2931473003338,5.4652527221465,112.59129221926806,2.153772330199542,26.019917057039162,676.0151945023632,10.23340067462492,560.5797980596537,4.9458970274224825,616.3593234419062,8.7947830090146,268.82753504585304,10.195827551500084,265.1906855461946,6.431860987742031,250.26407037937804,249.5997535241102,2.336991168836613,552.7096372248982,335.80763562970094,305.95846468715933,218.07093106057206,6.770049365369552
19,773.0384975327736,4.273401848223228,235.09524705626887,1.960025237745684,25.346740066084358,1230.9219025546174,6.552699180589458,1299.3272157051467,4.035202163239286,1387.523966479209,6.146965438756627,561.1360591070319,6.702350819258678,619.0719987700979,4.871325500020866,608.9786476021847,776.2800380222502,2.074471411204632,1026.641691075202,448.9280117454656,858.7993604378075,364.15387678629827,5.154073332152247
20,790.4651133559064,3.6520801835712553,272.8332582718791,1.9454540964876668,24.009657613675255,2244.1323782066984,5.6261100379518005,1498.3979030586886,3.5622237837037685,1629.8856073589775,4.990775396428706,555.4534091321652,5.7420425236940495,613.059446603227,4.073056218031596,624.7045095453877,646.0996467505897,2.0525866548748017,499.46499135613857,303.4806296912087,838.4110765787173,342.9353493559818,4.20494841983111
21,13.762011147481857,2.601546013834875,13.83404652042981,1.750001904367004,23.278560393008874,41.13681778989875,4.043659701446743,48.07083331818867,2.5490246236640948,57.91952867365411,3.802009346611394,12.953548894559336,4.170776496893923,13.135126570655638,2.841701768647318,13.414904785129984,17.11169779581773,1.8629451173224776,419.34176659933763,267.25642264906475,15.00580404914083,11.192125041554636,2.9781405448159677
22,13.613055504150005,2.372564788536147,13.84937645040934,1.6967782718164477,22.563228981079213,40.946019419019166,3.645835817057756,47.93000927583182,2.335433074378512,56.71618755508715,3.4877327223193317,12.728557557046141,3.7668143627301096,13.05961931784531,2.5743279849749556,13.207254827138566,16.863625006896463,1.809466320890832,532.5902116189013,305.68615767047976,14.704825448898454,11.120081485577428,2.729691485261655
23,12.69359079859164,2.1734706766019243,13.045092730747152,1.6601661126394451,22.325824579936864,38.500191560953716,3.3606358163978527,46.424273373953724,2.1503042088102227,53.62323673458012,3.279350235219595,11.903179542070585,3.4849847805238325,12.216277003421723,2.3429755203109703,11.952811200222879,17.028682535871237,1.7713749902553588,3349.685584843489,694.2191512442475,13.802232845775006,9.90860711671449,2.521394394228425
24,12.8782806102421,2.031774241602961,13.038205915892858,1.634520244785021,30.984381169034666,39.7000870746854,3.1651721151187835,48.750009673895164,2.0138693397080103,54.423760852970425,3.131807124421052,12.050632735559098,3.2953870487878643,12.500913547002023,2.192860868793491,12.256117185454192,17.88511806157503,1.738252358098248,3199.0467529866714,644.0903081935024,13.997509725529982,10.931682395230087,2.382204421720275
25,12.531631964390293,1.9041908651675912,12.550708331423946,1.6145700806756085,28.33016580417546,41.72454057234155,2.9960582486458094,48.85583757693707,1.8862456373885599,52.79984541296638,2.9905843476488303,11.655533224281875,3.1253324656396786,12.046184014814484,2.0597302223971656,11.594100253415107,19.05550440522575,1.7120429925977363,2310.7057139752687,499.9516705825697,13.52967286412367,10.415859617993393,2.255311378304003
26,7.050904093196192,1.6032381622779652,6.970362977814845,1.4550342256904663,22.064939573064205,23.472920164577786,2.4790210526310306,26.716715196535574,1.5884005757280912,28.267204105325003,2.494331062087392,6.535473816862072,2.5894673341178387,6.741252182088953,1.729220254570676,6.4670608894815995,10.459347338552062,1.5362207933771115,2138.640942675804,453.68488338514385,7.639771651228645,6.002134387670675,1.8991043951726478
27,7.136250075472385,1.5400116467549894,7.016208533193659,1.4411863793944322,22.780945774742683,24.007877496757345,2.3811264458933734,25.850818451201633,1.5310670624153135,28.03810154784965,2.413837468664817,6.53900933796494,2.486348557693777,6.764871120155418,1.6663028666228026,6.548469334211466,10.921770705237966,1.5170615688219509,868.6596406470459,320.50735700224664,7.616614024799556,5.855106520016011,1.8409258957126584
28,6.787228778332706,1.461073246486923,6.7067780805423025,1.3947732919038773,23.305158712309684,23.164378889414692,2.225293388289076,25.838956515900158,1.456228935082946,27.23779353381748,2.2680078541789737,6.294180645077944,2.3235509710405027,6.516338896162231,1.5726775281373597,6.3356940014284895,9.296307138478355,1.4666006180724456,38.585456227101865,28.165125904790226,7.265748613808391,5.801579976877571,1.736055661488053
29,6.753878330100198,1.4077917135663556,6.687632847167327,1.3628060181226331,19.759854799911995,22.115756009641306,2.101211568289495,26.200845768659747,1.406120461424442,26.633864859571855,2.1475135383087514,6.366666273703871,2.1907691051516363,6.524065123517554,1.504520036133546,6.425844299756854,8.161587490474613,1.4356694019513234,0.5997572045811231,0.5176656525633141,7.18716042057235,5.88717582258224,1.6488182870481198
30,15.829299109553176,1.5282311205783892,15.728084455508668,1.4170047476218688,48.54719499031768,52.82100151803782,2.1951800536170607,65.40668035865016,1.5201977313309896,63.93373168024897,2.2443614425758738,15.012367602106751,2.311262548862308,15.4530695698439,1.5901237056155206,15.155871905537337,21.577479344067953,1.496805502672393,0.1963565443069151,0.15626674371807342,16.78900338829563,14.018927064712715,1.714637491286545
31,24.219477277612096,1.580619055853987,23.963883323011792,1.3971438629892996,32.97634360044421,70.64103443078324,2.147982830761689,87.41069069166855,1.56568298212174,89.66561300672652,2.2310364105552063,23.401954704697086,2.29943376643512,23.287364862112227,1.596332933169699,23.120038501885546,37.371417668782364,1.483942878357314,0.20499827469415235,0.15909943347701114,25.226012969820562,21.83626837473277,1.7112097981240078
32,1114.822680112457,1.72827908616339,892.7658392867535,1.4823890018812975,888.7560569783413,2843.731165272964,2.113358634977638,1854.1119516602391,1.7142336475025874,2202.237872724519,2.2743583214693737,740.2705133519231,2.26868515335378,879.5599070264486,1.7793198783741013,806.5585116632988,2149.1377583412527,1.5230834382903828,0.8765398126916294,0.704674809908828,1280.2438566081626,457.37875653268725,1.914218253243403
33,968.1582563310391,1.6134790979326334,796.6754896478311,1.4716666447076456,966.5172103281797,2688.6252176678586,2.1814688674407,1774.3273040380222,1.596932130679596,2090.294992837166,2.2914582693210943,669.3416916264576,2.346750491225441,769.2751430583656,1.6364556836344593,713.6036900602902,1807.991895202472,1.5569947783707252,305.12401175390613,160.26670643352477,1116.6215160073434,419.6014869294989,1.776293230945921
34,8.413731480447415,1.2233504326439568,7.9612912674132295,1.20379949450379,9.031889154284281,24.522240140662543,1.756136389148236,27.982541729323874,1.2128176396841295,31.222761881483002,1.834666330260447,7.731372092566874,1.8828330109656581,8.078724550492097,1.237037452814786,7.792820211332575,10.98454121077186,1.2979769049904568,136.36202571036458,82.8429153083848,8.931303593581273,6.484136089058664,1.3680011184659464
35,6.665042722783642,1.2240405573693882,6.626330647077726,1.224947741657101,6.7186789658667445,21.22824215278978,1.82105143151732,28.375855592912654,1.2168081225089904,27.621052484720998,1.9046991859444138,6.5748948279140595,1.952527145561612,6.531847422390819,1.2394373299969395,6.403828551380521,9.742597336472603,1.3315228749420338,22.99008352535076,16.135632393252788,7.09065368985895,6.150504599173464,1.4030508676583944
36,6.422416788180962,1.1843923681674453,6.443890857441592,1.168270074627591,6.510622927748221,20.614602977877322,1.7163336507106752,28.590769582314916,1.1786078725170264,28.29521307396717,1.7887407734543637,6.462841278797035,1.8408062989796892,6.3896275496491475,1.1792887052979761,6.286984201710205,8.91086787013095,1.2621644038962916,0.6422677830645492,0.5113145384280177,6.800597924718929,6.092514247080659,1.3246385970742531
37,6.231121876046724,1.1544079512245893,6.269363962192148,1.1266511366487288,6.307962505206212,20.20513047894795,1.6364908351504548,27.97082513478947,1.1501617363096248,28.207333899515525,1.7081725967037373,6.343980100330074,1.7527668674707806,6.2489510952640375,1.13211286335618,6.189540852027897,8.692108886865034,1.2127424134065519,0.6532090647581649,0.5078881544392897,6.560086470198682,6.038769477988542,1.2640213483641487
38,6.236427768890882,1.1398813299764103,6.284138515478591,1.099912643082507,6.135401703151619,20.377188258743825,1.5718191477656451,28.88758231810928,1.1369465364123659,28.49300245094911,1.6443621961532289,6.42394366625615,1.670461650156471,6.310218459872539,1.1116501665984597,6.275632840913923,8.45990115562357,1.1762018436779655,225.07894083041836,134.59756070476956,6.48005596212443,6.175044235077097,1.2287568144173007
39,6.497973863078089,1.0706161493669535,6.305559043584007,1.1241654498374853,6.851768228187877,21.80376108352903,1.576856873347964,24.817484348789424,1.079091404797583,27.183582919248412,1.6268720246275314,6.153417106182154,1.694920209367532,6.370108714200452,1.0372875181299772,6.182465351433869,10.545208450828722,1.209679441627293,127.0645742380458,89.07081338835549,6.81716877932059,5.466878842368309,1.197770640504863
40,6.295885058205004,0.9157096658930524,5.496044146989736,1.3423714639204214,6.442556055530649,12.330729897326016,1.982185729192131,15.492966942481242,1.0018474650807139,15.717876785664764,1.9626527970367051,5.533923947388634,2.051784787476918,5.469822725997868,0.9867326028776712,5.697424358316948,9.611690330308752,1.3493922287907743,2240.292557841533,503.12911590915184,6.638348138955472,4.6213085853295235,1.2208879963803616
41,3.44321089779227,0.2732723900616567,2.9236077863594416,0.4549088795376845,3.7210203076113593,6.848289403002205,0.7028974899963776,7.460855285030746,0.2822296979836577,7.516320607805735,0.7197542655618001,2.9468253642192757,0.7207938061734239,2.9120115895536,0.34423706682459654,3.0096032175032987,6.089217989194955,0.4964155647831309,652.1625073138481,327.42953304912436,3.7261863061330165,2.509572565035196,0.4426939091615832
42,1.6531792478072378,0.20431570841431085,1.5884803952543447,0.35185448163388644,1.5390871846313567,3.858660248001715,0.5531133357133974,5.787843606554789,0.21010940184331142,5.254401050050157,0.5628950129775351,1.6913989464368935,0.5730049298410286,1.5820320608359286,0.26887717662991983,1.6551321115315347,2.587506262932667,0.38660301344383524,646.8947644509811,334.2789404956485,1.7029723708455413,1.6457428724758212,0.3505093971116039
43,1.391352151445065,0.1757038175916745,1.3188222587688156,0.29889746338819406,1.417541536712015,3.649844218771367,0.4500986488534635,5.460890959462052,0.179872838639406,5.037476371322016,0.4663788126864477,1.3680625546815635,0.46706730418319575,1.3199405152106611,0.23518374691490662,1.344585802204839,2.214762993014575,0.32429042741065955,726.3274890484953,349.2780673830144,1.4523001428060411,1.341283454178109,0.3028582574253545
44,1.1216962145944134,0.15554165156876015,1.039470907750035,0.2549371098948985,1.2204661674179842,3.2034963239356085,0.3702751727443793,4.516058419764251,0.15935152383676734,4.041333375036052,0.3870280845784468,1.0090376284480507,0.38595269102438073,1.029604728080966,0.2078930681291772,1.0153785376319584,1.7777042178300035,0.27393527282369184,674.4811212483918,340.50475610100216,1.1970684664580356,0.9382269960295235,0.2614955198198054
45,1.1471132510052728,0.14479883517063727,1.0618335398637972,0.22885936243124266,1.2981526860643087,3.318702614598963,0.3237040531188922,3.9465116523297405,0.14853696238292888,3.796371754731609,0.34071786699038814,1.0130617828936848,0.33957360880455145,1.06213360888599,0.1917257512891151,1.0294213116817506,1.8249406050664816,0.24545744978438788,590.8649607551762,328.3968242975408,1.2421951434989416,0.8809464905069878,0.23475946719361124
46,1.0484169372845293,0.13478950613739832,0.9764663376809559,0.2082727312286247,1.2314446572757178,3.190784760512921,0.2928217981127783,3.6655410699917357,0.13815737824013585,3.5414344054197002,0.3085463457161234,0.9247395191489102,0.30835960555709124,0.9748524626423216,0.17656005592245663,0.944380886909942,1.7119332423256934,0.22407528462113555,517.64072368074,316.65327670592075,1.150819550148646,0.8096858461394162,0.21393139901150965
47,0.9691459744101744,0.12695388488589018,0.9013179524413117,0.19179207261109957,1.1482275577771555,2.9278927744718075,0.2705465922672802,3.295585687263699,0.13020502713414278,3.1707359138687408,0.28501652957781953,0.851685740119784,0.2855906230172131,0.9010825005434944,0.16461410358355766,0.8650758403548335,1.5596925790903995,0.20677594237684918,644.4505385340566,337.75126277217606,1.069094732288716,0.7478191493126042,0.19809522752394665
48,0.8816968126477399,0.11922376610031728,0.8227560192798198,0.1771608745958936,1.0811278398958206,2.8307205407118006,0.2500923271996198,3.183406194944334,0.12210735870203927,3.054585401405556,0.2635770642317174,0.7789711869651026,0.26467326436450495,0.8220496355498349,0.1527319437225823,0.7913618866281312,1.468784111446799,0.19167059802563002,536.908946036115,320.5722739292737,0.9672034260015631,0.6911088067841571,0.18361180692583526
49,0.8056490537878263,0.11205812483357858,0.7562972212632834,0.1640255148577801,0.9736891744200854,2.6960711683014194,0.2321257634025967,3.047988460403427,0.11466318205389509,2.9196024729094527,0.24453544324879317,0.7205705521275744,0.24599347805812827,0.7564837189036727,0.14197715103051356,0.7319508802361707,1.3350276716548242,0.17789838816534656,496.7208813711862,314.02907593936857,0.8820113159428812,0.6454635411932305,0.1705706094584632
50,0.6706222440911572,0.1047974647790005,0.6301077930009712,0.15172551860561118,0.802966231752511,2.3911252211251175,0.21528537089347172,2.7038874046338677,0.10714071068260579,2.5794319832417463,0.22675864588040567,0.602239187999606,0.22857424301094575,0.6301376704171263,0.13144033422844295,0.6083099040994826,1.1282867090743636,0.1650544790566964,508.7991028318873,317.24033420241886,0.7326137830414592,0.5441946856912069,0.15810793428786488
51,0.7211535527763903,0.10115544876333574,0.6824240963772262,0.14500707558810252,0.8622492592895656,2.6517012492014373,0.20612871202876076,3.0116033341327837,0.10323136849748371,2.876538001444656,0.21716613302887794,0.6596544850433859,0.21916218658026068,0.6830174488857426,0.1257487566202238,0.6618649781222871,1.21224589657661,0.15796041495862778,446.50739778700506,298.65599649775015,0.7864190092053441,0.6067465194142718,0.15147720361441558
52,0.6053189971795566,0.09491067857292612,0.5762811450671659,0.13628369922080916,0.699050399350684,2.3076828955219466,0.1934168633156115,2.657501969700724,0.09707651251757611,2.533069410428848,0.20314324615258217,0.5629406335713978,0.20474780985569038,0.5776398931384481,0.11796988438486539,0.5606327824753455,1.040208128098341,0.14820677932639229,316.9762903935611,230.45687748352967,0.6572521464585283,0.5298425425874878,0.14219104806209026
53,0.5851502824636673,0.0909909398281501,0.5649515595544737,0.13600671367361056,0.6700014165077535,2.1421588099515834,0.19089988799087582,2.564039373378813,0.09344055634989609,2.4061171166992037,0.20059808179776611,0.5614281464328518,0.2004536416945536,0.5623414705002382,0.11575825851505162,0.551344676535486,1.0414576710099182,0.14829818090286037,150.07708533555808,119.72782430483286,0.6380722496089335,0.5249126541017238,0.14112242714616322
54,2.0275003871121364,0.6738369703451533,1.7238922681868611,0.9042982990248574,1.9997565069479375,4.389954644476724,1.392327404430262,4.772879442147299,0.6816626249169028,4.656351974545482,1.4317955187852602,1.6963427754005609,1.4746686176402153,1.7360631036360887,0.7602301498112414,1.4426224740609561,2.960211208200967,1.018215667318967,0.8315872218472202,0.6707453155890217,2.1560133260069865,1.408463339786426,0.9339001848225386
55,1152.5991422891257,196.7168562772095,850.5251420450196,816.7412539639259,127.360148427131,2887.837773733557,1595.6264518469193,1574.260120691975,226.82848315541116,1882.525751644823,1510.3613786703136,730.9170522325287,1685.5238514214363,868.8072998724759,428.61608886802657,100.99591889705376,2436.8081491167986,983.6397782324859,1915.1454045341125,676.015454677701,1326.0306175596106,437.8790935260871,747.1144106769046
56,1540.5748037393612,183.24589907134256,1109.4159015460314,1092.6821854662453,1370.9696673748817,10112.632347381037,2976.8003459029783,2208.3496055197675,214.63015794471323,2882.5301028325266,2696.242774987128,859.5423997928394,3587.106359568318,1126.9276677650403,496.0955532276807,937.6750533353361,10060.39891241064,1507.0890912936966,465.2480470084498,308.7599062573495,1717.0705803505632,476.30389810335987,1059.6337671637368
57,1080.198129309067,124.06908374501437,739.5124696713671,614.979394040269,1781.447052569076,7406.2873758822525,1727.8307492517306,1624.6937590986913,143.52340863896714,2077.935277954611,1585.3532944375147,632.6199982945651,2038.3613790256472,798.2808003902762,306.7456555076057,942.6589572205743,7932.465588917198,884.5687636937291,522.4116699819888,334.3782350425706,1204.3014683505598,359.2249851073642,613.5588119297053
58,278.3430159960364,84.95269764053894,245.3032818983605,197.2867558119736,1145.420067978725,824.128740542745,303.7332503290863,714.3994970825536,94.77960942767449,773.9370385702953,306.589964909006,250.2111073731463,324.3676052385993,262.09713120303377,152.5052554634276,794.1954807330594,405.65300859956943,232.47346252724748,671.973636620879,391.7085076895064,260.4179474795362,191.30019381257208,206.37293246567592
59,107.13932749104099,46.52116951210805,94.91693141441046,72.57054996310666,1086.083105922912,329.5421360126426,113.78442187790375,338.46138397283363,49.420102198178554,341.40510289195345,115.47962986057742,89.0703602537059,123.94948409856326,97.34366689144682,61.96896814858782,672.0053639537838,161.76723863291386,83.71130797421284,181.77504722830156,129.31472984500166,108.93520769188196,70.99474351228068,76.74802388966229
60,195.43784648441678,66.07539546023193,166.9972725707373,129.86150492285094,872.3684903298633,665.1672889208552,214.54440109704305,574.888540215326,72.76801494659125,633.2249977557498,217.65384456673695,167.2094364878951,232.60231291159778,179.25297118333293,106.45752032843065,512.0277646224265,314.9365410389519,157.61262262535712,449.3385148603569,289.63740421186156,177.1610820697983,128.78332595249145,140.15237902490193
61,0.5464817082485212,0.316915403924746,0.49007887744341394,0.3687946806868878,1233.3167773921507,1.783321631624652,0.5661529473825899,2.0589900462855866,0.3170461331828801,1.99357939695064,0.5769382962984995,0.44969732653661804,0.6173725409140448,0.5014295304710737,0.33340315921674324,495.22560585393023,0.8144526462999021,0.41594623426010374,23.944121438409603,16.968110152657356,0.5796327447035664,0.3657186630044482,0.3926812143584384
62,0.5410674130672353,0.3200550015346984,0.48514931200779166,0.36726250258011517,1256.3182080964361,1.7927640284677073,0.5644948587943686,2.071019795565553,0.32001278947615314,2.0071152887880506,0.5748640295973992,0.44957134459980536,0.6148978334087446,0.4981969971425404,0.3354065265256705,385.55837807467697,0.8098962830406394,0.41560484726123315,101.67865524692425,73.68571469396332,0.5675849392825912,0.36734952690010214,0.3924834096636586
63,312.2574485609743,75.63844471256567,273.3695020882097,214.67034997616187,2214.8913944949845,1159.4847555158342,347.91629821703646,776.5225504185385,83.17525071758841,889.6180915096818,352.1985979430344,251.90201853497007,379.14690316132516,292.9320431124971,150.98424710093815,706.0691398807814,527.966586238956,254.15167412923486,1358.6249880218402,663.2581308751579,356.43630862949567,188.6850405699695,231.76967817386344
64,994.6050598826266,91.86793907873006,749.4384934713005,601.0177554156377,1980.8763927926764,8948.548764462772,1665.3905054384204,1573.8422286607824,102.50885039063752,2078.7958081522934,1514.6343361217328,518.8031712944706,2139.1617828115523,734.2553010002005,244.92807118195458,513.6571890144016,9036.577968903292,778.1907988867579,582.4353024893601,396.5607993680629,1333.9043249707836,299.0388448181038,566.46965799352
65,1231.4245642870212,99.03687854939999,841.2748125736684,720.4464486071995,1352.7805369757198,9711.852086186123,2440.7187480501466,1814.85724654205,111.22463499103074,2411.7440866079205,2122.1643637364996,621.412751292519,3041.992334610574,876.0622038247965,286.72445475442544,482.29783888894485,9691.826095665961,1109.5772661117858,603.731429251523,406.78144065442433,1251.491052335235,332.4609534423067,728.5448518977546
66,1251.038915694807,103.04020134391743,867.2376137632162,757.9888982229035,980.3409983310595,9713.702722765593,2456.0370646063056,1811.886517393891,116.02969990522801,2408.842953538537,2142.373576070538,633.0044772521381,3054.026377745692,888.2948809160358,298.42844434262724,448.6122475786092,9703.23179146417,1128.9045508369652,656.1962141340649,441.2916974491498,1304.5752277278564,336.1668593758461,738.5480121550795
67,901.0411667401853,99.88036988046633,694.6546216073061,564.703727470428,5.744192114654596,6976.550162347602,1319.9977738426958,1401.4835813240927,111.27670553371864,1846.485083950512,1148.94983663776,495.98287207446236,1614.5189782288387,674.1211490591555,252.56582277545877,2.4428631468709936,7398.056189384893,705.7963315558874,1361.4104546166325,695.6018382993803,1053.8725984153446,291.89350243200255,524.8797127740222
68,807.3340317183763,107.74128714789404,554.7307665548468,460.6219798215894,3.8171251120706757,3221.331542716817,1083.4336704017974,1158.8502307947235,120.67207312798499,1492.925023735461,1066.7552542925089,480.23962237795706,1238.4721653106017,616.1374230246809,257.5114447441393,3.0616580573673358,2761.6923028644974,642.2843718777065,1252.519668427554,700.2617172168137,789.0985522021176,290.23765246127533,492.178626061574
69,420.57238061710194,113.20365654925243,351.9598070649639,306.4215871570704,4.362128793077592,932.5159485099883,462.55765506165983,728.0135618346706,125.83949377621519,825.9116729109975,473.0283548764962,337.5344607667033,487.95899258727013,369.63406347060356,217.79190929819706,3.6485542019986976,571.9250908344758,355.69187042009116,1176.3127011123001,706.5371989864334,351.3127968529488,241.31465348564532,309.4245938133095
70,581.4654213409567,165.61648808618418,709.2485506271333,696.4033618485195,10.035131994554497,1065.643128452558,747.3565737736325,830.7745674342683,187.96317310036247,961.82255461973,729.0801072075174,464.6197961132336,776.867716808383,487.0660024777201,310.1442725093194,7.058203891856686,1075.517028083237,527.0647876893477,667.7537586530179,470.00896226827575,1003.9653385267408,327.27140514595845,437.6961411231309
71,0.7282039142781062,0.08707196350658229,0.7283305698600167,0.14863371107883983,0.8162046319785847,2.28585271949615,0.2039070447832021,2.612222146820564,0.08933342912068445,2.470820054926174,0.2145557993976945,0.6240179754979347,0.21270706054665517,0.6746629127395742,0.11438202142362407,0.6388345003585439,0.9431263017039513,0.15856792050500781,1004.0887155230679,705.2741122916942,0.8423671012303646,0.5136750085160743,0.14643640480657294
72,0.9660467620689847,0.10089273417748797,0.8068360553442017,0.14620486306564462,1.1205368522203287,3.1831313838136253,0.2096503000064739,3.5829843796743517,0.10282252052913293,3.4710423248586553,0.22089130249505134,0.8686360202252669,0.22272188811535365,0.9121063825106157,0.12545757834012625,0.8780321505912739,1.6509282708449986,0.1609823173067089,619.2515373574591,500.12562618682455,0.9298356516227783,0.787808077292435,0.152845929399159
73,1.466985667015018,0.10772092852083798,1.189608200773275,0.15328258364897457,1.7206216967414247,4.425708975815856,0.22220064924179767,5.00577581306254,0.10955765588415832,4.87029078276296,0.2338218807880838,1.3254722324854087,0.2366945421533228,1.3821449019756826,0.13215423726792178,1.342343936754252,2.341101887688,0.16922987025864966,432.86980465082246,353.1326446048545,1.3606349447136912,1.2036767204808743,0.16082736369020217
74,0.5353665757292582,0.1009103805397076,0.5028981114959215,0.14461380757837053,0.6597459906084562,2.0584028096119185,0.20780283312499187,2.4165272357482883,0.10307160028530796,2.2520609520607415,0.2186109179447868,0.4723005682178377,0.22091633553219328,0.4975848289841999,0.12428194570464829,0.4825535262362597,1.0710516620534927,0.15855736460629755,744.4121653949817,669.7807533022767,0.5925721455694793,0.4156726806090536,0.15108997874231808
75,0.5691471214789132,0.10880732672296586,0.5240768209017076,0.15525799133818113,0.6968596005887981,2.0249423154450574,0.22309171194642768,2.307405566408836,0.11126150508714175,2.1686896714212285,0.23495494059438873,0.4931966739108617,0.23667552331123284,0.5241551136983931,0.13431485135326865,0.5040999008954087,1.0530806193573927,0.16970611803673896,0.8671512948351161,0.20034034005802495,0.6254750229998773,0.4280472716096066,0.16283816094213358
76,0.5913050659542501,0.11684021394159497,0.5384459749696908,0.16632225580310972,0.7125735414676403,2.0303198604320407,0.23883922856006765,2.274110461255555,0.1196798867254876,2.158819252846374,0.251631125090656,0.5053426737741166,0.2528872957420759,0.5419052791022964,0.144391858175302,0.5178000986372663,1.032376796043236,0.18132543847967014,0.8112283690294483,0.21064356345259033,0.6485445959093612,0.4338848962999108,0.17476983942162364
77,0.605962860210255,0.12543362427393573,0.5482679343730771,0.1797488765182943,0.7080773321081281,2.0480907849125396,0.25721159748730427,2.2741580427524957,0.1286599475877175,2.1703366572270193,0.27097360533847514,0.5114440812172187,0.27225379239845066,0.5515984984518694,0.1555920125051353,0.5265166671195579,1.0470446411985785,0.19642552919602077,0.8345963280652589,0.22681125170822874,0.6648520617616949,0.43392029481356764,0.18830186275525887
78,0.6219098498046675,0.1356334032457556,0.5650617245733854,0.19789336254612536,0.6589156724144094,2.1959970954802057,0.281778811058699,2.4641540426871056,0.1391340616942474,2.340204595034426,0.296404324243458,0.5237525729083885,0.2983096434310394,0.5635254928173259,0.16944830000631247,0.5405166944704041,1.1373945778004597,0.2162950034762824,0.8474831641914867,0.24227891263893728,0.6860766117506406,0.4388690156711326,0.20568052662528036
79,249.36331018102197,0.1871438166269809,230.94450123908052,0.2716908475605732,550.0908869233933,618.1712468818554,0.38879358615071385,706.0235347583599,0.19173471846635057,743.427049308232,0.4079111174717421,219.5922905140294,0.41035061753068475,237.60984809446904,0.23124449922226625,226.43158796767813,276.9304392637285,0.29631197974902135,60.133195236307216,0.3188387115925052,262.71727474811024,180.83727068730656,0.2806222172037808
80,1114.6328531787897,0.21778831812400437,812.9118710807558,0.3192053840131383,2024.6545392501064,7314.365016407815,0.45756141988537896,1634.0604589942386,0.22303199993656408,2075.8646632552836,0.47443974229430097,629.346271485577,0.4808726457015243,824.4534453445712,0.26745146919595414,720.2806498314471,7601.431631252327,0.3455996999067176,91.25698004974836,0.3777123041340059,1301.9753696529299,369.0877431625278,0.32551873023467054
81,853.159032664159,0.289935847251575,671.4309527777145,0.4338236386627636,1717.3689905653496,1568.7616507266087,0.6260823000468329,1188.7957648569682,0.2992869774360646,1512.0063506796885,0.6450651658541899,571.5964402315972,0.6532224447670478,673.8552830031213,0.35648879201029693,626.0857972741379,1080.6334824802339,0.46535769483769623,2006.8935030709208,0.5214695309406246,929.5246979265291,353.7782231562691,0.43616608222927794
82,219.59534658323804,0.5984180442193257,192.80445928448395,1.0059683519753806,238.19961248119438,355.8363545358116,1.526010745031168,384.52846003056123,0.6330560952727143,427.9313711476706,1.5505213323932996,192.70844504502327,1.5738606359013947,194.2264667873563,0.7649795504929572,200.08469558550172,322.9736108312057,1.0477285943665904,302.24099991282355,1.2121401164825751,227.1150581400146,164.14390534889645,0.959592239128664
83,1.4465326293286802,0.18463649847985875,1.328122522977982,0.27965913796356,1.4664935120584686,4.600879106356569,0.3927254953622644,5.318257845849137,0.1887833482885654,5.159630658577948,0.4150870007229301,1.2465812995881664,0.41566682796118287,1.3345483536509357,0.23946373329537687,1.2781160144524892,2.3090853861042224,0.30581068940780637,1.9989516454920406,0.4131389649026196,1.5647673131677904,1.0569410985712544,0.294764251736184
84,1.433148825558645,0.21210969840549865,1.3264420807448445,0.3201471653458718,1.4933544710639248,4.517826144760883,0.45118650485884504,5.250980232636448,0.21629873508577013,5.088327227041939,0.47783603126081475,1.274005958781187,0.4772079768407423,1.3411654762801057,0.27552084999246695,1.2825974891051386,2.239253766740139,0.3486805680223581,1.883337718962324,0.46856556185876813,1.525170802146298,1.0920688431663734,0.3373870010532924
85,1.4981716131656477,0.23147514299650604,1.3981912654401099,0.34360639436838525,1.428749445583982,4.527915182725633,0.48301598014791397,5.048549381609644,0.23608610937251787,4.977521439593232,0.5121853852247713,1.337817030557675,0.5102693902046018,1.4188612508441467,0.29947928714231187,1.3521121060488555,2.2518083047143573,0.37254880781686267,1.9635582166927923,0.5006725620178182,1.6039079952643989,1.1345126317643726,0.3623844449665708
86,1.5090431122076127,0.24569125832803645,1.3931273522458933,0.3681419589906975,1.4777377579262692,4.536613396786576,0.5188860468027755,5.027917408812135,0.2501996368987786,4.945800280698195,0.5505743753703621,1.323627023644018,0.5477262185039713,1.4158383140821502,0.31977214142429256,1.3303862299678952,2.2732839322954765,0.3984881056004295,2.00753493218638,0.534212898556442,1.6188388182412394,1.1135708374899802,0.38837060806578394
87,1.4761707246646154,0.25825507160649297,1.3505234365266392,0.39718081106494457,1.463686639865898,4.64317757086025,0.5622175629621778,5.194257339763109,0.26202323538927164,5.0521821141580805,0.5962095956479075,1.2676090793170542,0.5928192566541067,1.3625744814712826,0.3390371305565533,1.2664953667846748,2.283494721061041,0.42987833499108874,1.904558285711322,0.5567263848329909,1.5869646226873069,1.0575829235383807,0.41623213223029015
88,777.1062218598305,0.3250022806457206,595.5501292555232,0.5108698173997689,700.3607206182988,4808.901640741937,0.7344297458435657,1273.575759759508,0.3302374397398141,1666.833305545139,0.7719235241231289,468.1889965652494,0.7735634282943814,597.1009478698073,0.42191436552981454,527.0107701888229,3969.682988845037,0.5562309286841115,1514.9271748047756,0.7193706287734469,949.6310683468444,285.00424182695497,0.5264951540635198
89,931.115821166067,0.3587632331349934,693.0299424700805,0.5715025357371952,560.756963220286,6443.531108365497,0.8415306146648155,1294.980730610454,0.364832217805307,1777.565064841346,0.8737523846432398,534.1371845875466,0.8853182434516306,682.8213624176398,0.4623842486450119,572.2324477184123,6955.740100892002,0.6330323188210736,2383.2419414399446,0.8131812622822892,1052.902096325712,310.4093267968607,0.5835108820445085
90,1025.5689602735492,0.40905426616386914,755.0349538471825,0.6426048713973503,538.5683205930856,5920.199333400131,0.9763431511097914,1305.6919919792126,0.41561217312279436,1793.9875472661363,1.0040976403695099,588.725462834478,1.0279134661236626,747.8402274610188,0.5174150301523238,624.8721107486757,6439.34441592058,0.7128489406549423,2900.9655977524435,0.941371962348877,1131.3335077514982,339.7996260050499,0.6543817546421481
91,860.6074884772333,0.5017187283531186,664.1150411581111,0.7427856321443495,315.71919234963605,2511.760280303944,1.1441963476229362,1046.7715661890202,0.5203864687345212,1535.4029018534309,1.1802181888560086,572.9430357239461,1.196605093295694,663.1939008690226,0.6073722182804222,494.16759543866453,1851.2061386993362,0.8120086796907297,1766.818183096352,1.1515780038770014,788.1418333522444,353.7848335805713,0.7574763833595851
92,249.42694854779637,0.950142509326571,216.44225676936952,1.6535289103871313,233.16305379299877,777.6298722239894,2.4123237917909317,493.77038815581074,1.0298271439154123,544.2454548517902,2.448748390812515,208.78795798497475,2.480200776237307,217.05417303933476,1.1817906438874508,214.8389533010037,342.50839138451585,1.7180888746695764,337.37464877338493,2.35662169581431,258.19175693675885,163.33965487408284,1.5386689007059324
93,1.5392064291327345,0.37837234102835277,1.457968638885249,0.6553604563387309,1.6034162890641521,4.3264413767060566,0.9446893658513089,6.401515329532858,0.40016081510657137,5.920309011012937,0.963914601213074,1.4187549648834197,0.9701359782376485,1.4682952195001535,0.510472409114303,1.4164748612942413,2.4509822639393426,0.702414319136384,1.9573340258991327,0.9060664216805325,1.6396090148942741,1.276808792424004,0.6571632118592226
94,4.818340448224855,1.0585374150918176,4.387814624626721,1.6062407871856548,5.1471971685917275,18.92107968705666,2.2119721131443417,11.113770697880987,1.1369021621395448,12.830492414425308,2.188009058819417,4.335613586897222,2.2714132467223176,4.377256830058252,1.237895331839774,4.32861896614985,6.668857146477233,1.6355957501793945,6.158697896722711,2.122806924094904,5.054418795420291,3.7774507778197277,1.481199324116928
95,8.167731435484937,0.9858703114558927,8.263018200641625,1.1025329167473201,8.921887443517598,27.28299315532094,1.5709911131216427,42.22198300249817,0.9836609271251847,38.5355994432402,1.6154791014595993,8.218938822898759,1.7100587839057826,8.28419394205255,1.0051010877700217,8.134266598762718,13.629739767235707,1.2003450347316102,11.003825619648644,1.7954952491293714,8.648996826409727,7.585892242601766,1.1444997170011222
96,6.906328612803573,1.0546222091022812,6.885556004996082,1.063657266337636,6.942132766799061,23.567543744150086,1.3584614318437702,28.802965827553226,1.0505933945102781,30.20368040346679,1.416059399891146,6.773854786174029,1.439389343804651,6.906778653162441,1.0536318450509983,6.647017088357859,9.695098864711037,1.1226113860508937,7.813768425787904,1.2270639162597308,7.274115792664463,6.492175906126693,1.1296887950190686
97,7.559857913511081,1.1206286030558401,7.457237269258812,1.1357433797268306,8.205745760647234,25.401595742920556,1.431970203748868,31.90403999225377,1.1166996180693094,31.10629147071022,1.5005801410409791,7.3954434862516,1.510960000664379,7.588546119322618,1.1303580061877454,7.360105961338131,9.383212116870117,1.1974751489384283,7.90865574680697,1.2195852205551492,7.97455661451252,7.091365157440472,1.2191308170020023
98,6.813914555852625,1.1395230775063698,6.666275520664193,1.171157571702237,7.788239192048651,22.53387597756597,1.486669793747953,27.59083210721635,1.138752044568736,26.96590703936447,1.5613371368719744,6.606176430968319,1.5631789114018244,6.78055127782004,1.1579885590063226,6.668922269036966,8.71931013167625,1.237574652739344,7.265522893901694,1.2289328915619113,7.359976294892039,6.305742685358841,1.2673461991571309
99,6.872165103557457,1.1752994957830465,6.608036466574382,1.2498263872799091,7.54127562187142,23.42551535602829,1.6104493306634282,25.421168322787455,1.1775381379003393,25.007801702599814,1.6962456809133544,6.431435741890843,1.694691447856431,6.577333021030648,1.2125147532670728,6.533684074875201,10.034109994854754,1.325755407191442,7.23256110318034,1.2604550851167622,7.647473370863787,5.88488373610708,1.349449989989964
100,7.444645746880619,1.234343060707447,7.078222770256192,1.3529016025588445,7.915582120136251,25.85894884125878,1.76459429524654,25.80581317727612,1.2386132286568667,25.72300107321874,1.8641537026193653,6.8189538863556,1.8587356044803631,6.928210881097684,1.2902529234727835,6.917585576168595,11.593464128172036,1.4412525215280338,7.68071075518189,1.294554387410922,8.363889355555186,6.0829239778044,1.4522474795805331
101,7.269865553630448,1.2748959914927713,6.949155677240748,1.4047790935678823,7.819557841438644,24.250365726810198,1.8254323111975497,26.028693865884602,1.2825259082445513,24.91351811386694,1.930532982635096,6.7101056644745665,1.9187653375613347,6.843452098883416,1.335444023966847,6.915152899208146,10.924168375281177,1.499572784186382,7.385171911442921,1.2798631322528726,8.225309159932676,6.077119962209484,1.5004501432258837
102,6.8060349912124405,1.311683001978999,6.590073508057837,1.4085030761207806,7.2378211193702064,21.46514228080023,1.7824614491865027,25.559504135922438,1.3103704760947412,25.461133898785985,1.8789682667808214,6.483177538191188,1.863485001771026,6.931427391424656,1.3583973613437352,6.498492011430707,9.27509789221727,1.4928482694251306,6.890020123209683,1.214200043287814,7.229328727566423,6.137363426623352,1.4436041849720613
103,23.995222016802384,1.5752487031380584,22.63215621930828,1.6434705906485534,28.116239042452456,90.25838382816862,1.9956931242414198,80.81934649233992,1.574276294110107,82.25145636288688,2.0676804184465176,21.984208970011096,2.0608608412161105,26.088820001420636,1.6105534380955275,22.338225207971604,40.07784009990016,1.7177267316750386,12.967223055039577,1.2439887289966252,25.717016308270598,21.834802959687895,1.5406691623686595
104,1278.2961731701398,1.765105417119349,953.0001861125703,1.488003171016879,2027.8527481998551,5933.491650773634,2.2513261628420826,1997.448032097404,1.7416303292875688,2559.9228719414687,2.378172344083194,743.1338833645661,2.3901030529465106,972.8675944297022,1.7234856382812689,871.7752600156664,5765.689796181385,1.6289597799447801,63.12322254282885,1.0086019712825904,1535.0654307062114,460.4603284723962,1.5304244022110642
105,719.3108772405585,1.8254591104285933,633.1873936137742,1.738718938670476,1087.6502003304313,1334.2396205023533,2.122078370966604,1647.4587656014246,1.8054699122771134,1685.7995286484486,2.1415091732469995,558.0832356997081,2.417688606914458,574.3341567165827,1.8601958854447884,675.2881680386587,1193.876844705288,1.725006053042215,19.423952811538573,1.1810012726481935,873.3223259618946,365.10162182698247,1.9087758122774177
106,14.37325268955494,1.6735534674608763,13.910312750121735,1.7769665573559117,30.460651168388942,47.40574116596937,2.170210654680029,47.475156782175404,1.6552563352879435,47.19537986947365,2.23041579419102,12.824094109149538,2.2564096301336107,12.622505315702087,1.7465780010564518,15.066071131383264,20.857809094936023,1.86110697495853,9.844693686773157,1.2166726570188295,16.636357827831553,9.282945873880257,1.8848745038161605
107,13.98933977823712,1.8318490668744014,13.323708704685856,2.085564268514245,14.244321972629573,41.302382611670026,2.6797445771111286,49.55082011000872,1.8230920671095479,53.92716840982163,2.799894207541265,13.056549156442365,2.8001379623382396,13.473558935503478,1.9636985891292,12.628367879192174,17.52518083898695,2.2139097691105745,9.563279530255928,1.25655238404612,14.119411702917885,11.679820346411045,2.2170477600339358
108,12.487855286841778,1.8862634964743776,11.891927784655097,2.168332807603411,12.52806726087167,38.51767844462319,2.7771030582391227,45.746657930482826,1.8774755130798249,51.47308126919671,2.9147998365878327,11.611001418960678,2.9000349060334893,11.83801964192282,2.026842394134087,11.340186907139618,14.572086926246117,2.2922297416086637,8.462931048408478,1.23365916080816,12.789195279680802,10.161768880398764,2.3006196128931897
109,6.932327394978809,1.752764292274155,6.6585489869153704,1.9613282653394213,6.728096175851486,19.70229520133644,2.4766203197034917,27.533218855741765,1.7464726964744537,29.39008894867783,2.6147244445181173,6.553380091070096,2.5606832523937335,6.709294339741603,1.8569691941559183,6.409631209285028,7.880720193972872,2.0553269694220013,7.692952253733367,1.1894013886162793,7.12725566327877,5.979586325794937,2.0697209699853083
110,6.901704980845003,1.8672364974650866,6.654490136844591,2.1336580138370507,6.836257924425933,20.101064917612106,2.7239042684574435,27.059328316574234,1.868291789656421,28.54208599061918,2.8735627797464725,6.542632895757959,2.8151629169924903,6.7459410280393035,1.9926417813803299,6.452013562415274,8.289590968177903,2.2460444328174307,7.523032844625209,1.1828194730854584,7.16103224552715,5.945659852335573,2.2103081014643062
111,7.043542199626036,2.028750742913614,6.82987080141481,2.310490819924166,8.114702912090973,20.914318334198068,2.9438905029363416,30.098509392495345,2.0231413205071442,32.40160967516809,3.093443903855876,6.819931922680592,3.0663219824063748,7.783431629549428,2.1274456857545645,6.696099903105627,7.653558371167577,2.4183335924236298,7.309892744429784,1.1737604407298678,7.220757005495378,15.048567239726468,3.620866359963222
112,1216.5689785407412,3.306827502079573,893.7772704695581,3.93397831465241,1012.1212913501666,8538.110472489463,4.954565803832367,1826.0581494496682,3.3245861172207247,2390.9830959467427,5.111821519833522,662.8794890647755,5.07725060266843,979.8071565724977,3.6845959713787835,745.0244626188817,8516.910531112868,4.055130046169054,13.542947046719428,1.3315688004702793,1452.83612651142,476.0569253521243,6.892843063440862
113,843.7659424305697,3.7470496961509148,655.451081311214,4.500071634364656,528.2401827540933,2373.6933360101193,5.656451040167125,1417.3949947669048,3.7777592420269794,1704.6808504364449,5.805260292794464,531.3851413588667,5.78426283182933,601.003978530481,4.123681208350101,533.0076180509491,1763.1334142005746,4.669310141433556,8.224452586932227,1.5894343387809355,887.1213069887679,304.78676792435454,3.9786742343292
114,385.1356910187992,4.567299406275527,345.73032441617977,5.7420857123203115,325.942737329189,803.3171705970757,7.285618227672101,772.0536445112822,4.643159194299026,794.2448409103328,7.446096355397334,324.4523348031826,7.415736218753611,322.3354376484968,5.127672855834736,325.17948924667917,611.7614194369693,5.889387398520164,604.8644397561558,472.0558854838449,409.3262497944369,218.5029625862486,5.0532150593959555
115,30.897500781000932,4.63471833551254,28.333742857953073,6.008660597478591,26.600768040073866,67.30222433640209,7.733241055080729,73.78038397171224,4.743733975801951,81.14815064134021,7.865883717291649,26.392773994974952,7.861580858958243,27.670007819736764,5.1976156115344585,26.693149561082663,41.63018634470628,6.050783634794453,4481.699002971291,2558.5278443974694,33.8907981661935,21.24791744886211,5.223666969990246
116,56.16205267054446,9.545717837086848,53.53987364366376,12.040599233478645,66.29058000123726,96.55441938688877,15.307506973038384,124.67622925861835,10.183869324950054,119.44369963445322,15.397385656681257,50.45201644920418,15.289572860665626,52.258995062168715,10.090342745465199,54.38726283322534,69.2786424170467,11.560040308789214,4421.251427391856,1943.4446976358793,64.87698368612863,45.98967982348355,11.774948874985062
117,13.78283274164523,1.9440963597953311,13.726785473834774,2.036828173416337,23.765509131780576,47.158320039846295,2.565590730794261,55.38262635097147,1.9126319974181076,62.10532213645742,2.6410016153652047,13.687586712760421,2.6474539828209855,14.025677673516432,1.8942729861678638,13.564507678545725,17.120829786113134,2.1324333604352317,3548.382460361083,600.0152281172986,14.642601521623162,13.009331036826023,2.1925960335182877
118,15.675051638994963,1.795757435211105,15.815170901324493,1.720889490629457,28.626609651274485,47.825619653589804,2.14085904366639,52.89420122078768,1.7645165506548002,56.5991688981461,2.224159262393357,14.813096274202723,2.2372940616185923,15.26900315790022,1.6751663466757176,15.691461800496207,19.12761298571988,1.8448049976557528,2921.5713952573205,489.7205697173976,16.992397688281457,14.29845953542188,1.8622456790133672
119,11.862704758476903,1.6294680257854657,11.352663660490792,1.743005874869844,23.68534946865757,38.26408695320738,2.256254643928456,37.96912386785278,1.6114288791549398,37.47202287175688,2.355653254137455,10.853116982290237,2.3543746397502474,11.56843497377216,1.6143600567695586,11.033449283652276,13.365593832446228,1.8848745758167018,4862.562715129918,3903.8616563118003,12.912129840708573,10.7103069830311,1.846789545047744
120,12.526370481331982,1.6605521202816935,11.878638297256542,1.8032235331585011,22.886515947643712,40.168961703544916,2.352571765824839,38.9203657080572,1.6410894299151,39.88476353974315,2.4594972425083017,11.389644105385402,2.4739076061258176,11.880524094227207,1.653101186771165,11.562400008841248,16.54533821362235,1.9582157530131323,4309.3298052975915,860.7672342987067,13.60178341221698,11.120258075470995,1.9379774847300029
121,12.9131941561954,1.6759147614127998,12.216925312038446,1.835148914058048,23.1108335205809,41.39570791428561,2.429604540530449,38.31920046138601,1.6579461021908928,40.12686067541216,2.5282885486353273,11.63503480900037,2.5576497051918947,12.264327380880575,1.6693297529858404,11.7872069830988,18.128512278273984,2.001412439152132,2071.7951328491567,365.58164359405214,14.058318482633743,11.335777169348532,1.953562775023791
122,13.048831365410685,1.67845152710538,12.280872028657795,1.8445955779417265,22.76449362611306,41.956887151912824,2.463704961903876,37.86972217040342,1.6573541906115592,40.17504116811975,2.5600687865633813,11.686880163466098,2.597957032156021,12.342988920273601,1.671210463734267,11.720015894393745,18.49628969957136,2.022713292338559,1878.5327249145466,293.46034475666437,14.102562467570097,11.304037515439827,1.9523561508396434
123,12.965487462934371,1.6723098692774736,12.164763131061004,1.842451059249383,22.596720508683678,40.79625704900665,2.4783643400574147,37.360430909685384,1.651799865276836,39.565298729308644,2.5723333294436643,11.605700881115451,2.6099618786593326,12.296340133792796,1.668019041949226,11.608100701622275,18.076159662440528,2.02903043693573,1.078856658215955,0.21589990342888363,13.897897217784921,11.109411473203211,1.9398952986745253
124,12.89434917575957,1.6658013116644736,12.07111816371925,1.8412242343009868,22.218254431160588,41.19521911049088,2.476222135290083,37.860221141557886,1.6416924364686478,39.70770261154419,2.5761413250558243,11.53999924762702,2.612968437011271,12.180121918964195,1.6612444816724503,11.549653634448859,17.662333929632254,2.036006289277171,1.4137466316947787,0.20198060365626158,13.71423916717763,10.897530724609135,1.9238511977019612
125,13.07728133021159,1.6702713416050186,12.18712467798057,1.8419222734506933,22.042881721493693,41.54770526626951,2.483046003392405,38.06487755005112,1.6485104602191598,39.992049427563046,2.5921226501848142,11.65127031292555,2.608407625439903,12.35437354156332,1.663916446795174,11.708846307248344,17.700904709003787,2.0434650276166444,1.3315460843952982,0.19628363616583744,13.788557174516315,10.895696408454661,1.9252360638625263
126,12.759117293289027,1.6674146392734972,11.887943631913362,1.7935807123187595,22.115665900080685,40.39856439956281,2.4075084899444965,39.18565829689302,1.6511735142191521,40.27597981214039,2.5407830826299715,11.343587871025573,2.5221229496786424,12.134089455330056,1.632243650022128,11.72137009491775,15.864540008497668,1.985097662823855,0.10335547425232212,0.07837670538490603,13.190697824254034,10.8035421090598,1.8920495076024988
127,12.663200038545963,1.7296574466778027,11.894875009471937,1.7310942596121277,22.17901960489746,38.492357792377234,2.3094280762338384,38.618981303056145,1.6993093442563192,40.08502114554075,2.427458309610076,11.041170917240565,2.4183207276055305,11.996973607221298,1.5944380415153272,11.259500153048322,13.969300496938242,1.9188474546080347,0.10480002605023966,0.07907684791134424,13.389765578540139,10.924411005495514,1.8608555862309348
128,81.98079487851903,51.287865992366534,71.04735947420393,60.312736382794085,22.550315259733758,129.3945908801828,87.25781741630071,123.11135405102893,54.49187169910942,130.73284191377923,86.35203265011015,68.85098054618865,87.74316124389149,71.505374336002,50.7001311391766,71.23398339875662,123.58933769156265,62.49433559830089,0.2132718266071444,0.12184873747349032,71.59314375293299,14.749944508982251,1.9844869493491462
129,95.9207730438319,53.279899009665755,88.14639896291254,73.01084007286978,22.808305228035167,147.24763576214198,88.6795066787148,159.409025945403,57.50584232438526,163.08018841603518,88.46902276315866,85.56126465365585,86.4876490033322,84.26797885937262,57.99680861638074,87.9890096568802,124.75394248014997,77.24138158702384,1.031717482050781,0.2115613838886348,41.89458778877269,14.878543649200276,2.001011023182383
130,37.465645911952485,26.63123698029428,36.584493105842746,33.69432752641023,24.47445388111643,85.1153579474158,37.084141764272324,104.84841793924544,27.731137888020985,109.28612235396643,37.829814239848105,36.64057193057757,36.956239194253044,36.507095389343775,28.665214159070377,36.84637067403889,47.09227680479518,36.227439525042264,1.0862120894669756,0.21915882772281095,290.7485568925313,11.349617913480037,2.0061923782315643
131,26.052463754225922,18.79735069619482,22.868458852751388,22.288181783879274,23.92265182655864,54.736283303873144,21.482160218251177,61.990357088580254,19.38799419763293,67.83355954589327,21.352035975277833,23.12885253430857,21.966724549406862,24.028121316921418,19.1353309868667,23.658655990963197,31.439886728092294,23.68799603591904,4.802022964038032,0.5657242850223055,152.5808337729483,11.158635630459065,2.0106596098511598
132,76.23068444770914,51.38070006013523,89.3303091245149,68.20852723986754,23.89285019785147,112.68347153943121,62.50906260339561,165.29790965910215,56.36473616477697,157.91273993945902,63.64884774903641,80.92370677931339,59.58939960368187,75.88458756198162,58.391980894722735,81.08925028068982,85.08658249980547,80.79682811977378,1.5383144236939452,0.3309609582085301,106.87444262777771,11.381472694902552,2.0101063347372787
133,24.220345629788635,19.660882272230026,27.985493630468657,23.409409818887806,23.561347211457417,59.008035452142344,22.70588384750553,82.73741899138113,20.146239624179362,86.12026491484464,23.51026449134232,23.880657720776117,22.659872123738886,23.75770604637199,20.289238164813465,23.677254889838657,27.847757091423635,25.120519013406653,43.288923239030154,0.3256927725052991,325.89973630692396,12.922957867971482,1.9279687776811512
134,13.874648846420742,11.928280133327688,15.890407051174439,13.847806004760672,23.590210257367314,37.17280204502647,13.216668920364487,54.87528199741397,12.017990262220984,57.56661905729,13.782723049190999,13.685303455072109,13.35515190480891,13.72609534088617,11.94832163051788,13.51097835919454,15.770528690779713,14.503169142138647,424.830207410773,0.25160334582218913,576.7488934392712,11.311909228830912,1.826760445050882
135,45.35636823308431,34.42894746933576,58.3850275011198,39.22388563997756,25.076777567223747,104.93405953773505,37.63419950632563,146.91650175032703,35.742871374620215,140.11334143803612,38.79189106901441,47.7498236436226,38.18072006543954,46.03950157089626,36.568814766743955,47.04346891258971,61.23249175642132,45.937063799196245,0.800603522742859,0.19657221126847768,1319.7521089960771,554.32665643403,130.31963303598303
136,25.68796907358213,17.31619163423697,20.876083883558923,18.961622190529194,26.907523259391073,83.89322053782786,12.247441544970357,51.836453095954724,17.402336822291502,57.28353566668281,13.186736966131239,17.79831127785304,12.145376119438632,22.13775323342146,16.198467546621313,19.331393110635688,63.09182418946397,20.78819922679561,969.6786200367328,933.1254986750938,2019.4345229005357,115.12745922625119,33.504235040083664
137,22.4831636890834,19.867111185428083,27.112730966981403,22.04650591568007,27.023369236144138,75.09536906682337,16.113799824795507,72.90405462078412,19.889246129829985,65.73500571926627,16.793586083538397,19.360944046611632,15.882510592823335,19.593580902111913,18.010044829902213,18.383988647042273,60.18281953050507,23.98572997847851,987.1022453652291,817.0694961712052,1071.19888217899,501.1315820052129,41.619982286793
138,20.33385383405319,15.854746885201497,21.275533140504447,17.256976390734067,28.38221207600591,86.36464739988662,11.853197635818805,50.124494897563004,15.785300533043504,55.48511554056921,12.547068690707613,15.476675463469288,11.354743322513418,18.36613278431609,14.530546648906771,16.813625166648524,53.0938754267165,18.812424996051018,2418.954872186791,1681.8815399389373,23.78814878928616,109.61330300054931,27.871348287193648
139,49.531661909851486,37.462371667577884,61.668319794561384,36.65194642925599,24.33609630071595,125.87930467735922,41.637330918167905,192.63543358806416,38.896803621348226,184.81470850534834,42.97540484379298,51.68518432258232,42.15265617380977,50.65364833799715,40.8719942790827,50.56278741262439,87.57997008607897,47.77542528307361,3929.7320034595596,2832.0289319756257,58.04225518194382,599.0436076718165,176.2369078306042
140,1260.5784990815323,89.98658922724124,481.3568612298761,68.00311946550798,24.371432342773577,3988.5189837849625,1042.6824956534729,2086.0871675395856,105.76463603624975,2543.1359590551315,988.3540422306825,774.4360389737958,1166.1735271021455,953.3103701644967,276.4258301165873,871.8384337185704,3522.6199312476137,122.25579183264253,3859.119063808222,2727.831460615673,194.77995977889145,607.3199792118412,1257.4793556670327
141,1291.273007190833,84.69209247474065,410.42195398097914,61.45629573354079,24.135542707804753,7171.287162126435,1135.8708682898166,2069.781614079868,98.3772471616207,2593.3922547741213,1032.846753776543,760.3007914657428,1383.7848571432123,947.9822450861444,251.2663567448937,862.6887631894443,6531.013901262373,108.53141364023713,3605.095825452659,2431.124921797173,206.0483633750099,603.5395208129456,1041.816147545449
142,1148.856362870517,76.69620196594072,366.0887432571362,55.35893328202036,24.73269004723777,4845.538511644465,646.9017740675565,1965.0485738378725,87.15093327029297,2437.1206564832087,609.3841774405805,709.8527480727683,754.7523440940635,875.2441408643654,208.36803069504433,799.3285953731336,3053.6464560676536,94.48505576923364,3287.1683403414963,2121.6458351708498,187.13832244199835,601.1588193870053,330.9178911775383
143,12.935473996922807,12.03977135041808,11.821504338524193,11.368681634530729,22.96325146320472,39.33685159976233,13.036690271381488,52.18480620945947,11.874788624547618,52.823419747790034,13.630763582106804,12.617324882660617,13.184825642315719,12.844022891863682,11.0745817690253,12.481694351215049,15.659281385386278,14.662950636677108,3938.4373374207303,2790.080936410806,15.831688262579364,8.846166758898095,5.600358570837089
144,7.549126620032454,6.477067668813492,7.519906700762639,5.710136283603741,488.2443343484106,23.945344343943887,7.827746219995469,29.84861406428604,6.402107047375576,29.444687382329107,8.18420475834181,7.151911166226883,7.976147452866616,7.35864392189605,6.186737334808077,7.229748551603715,10.567815859831832,8.27870089653242,2385.1012434338245,1585.6819147379379,6.825215353877664,4.288810878393262,9.333060337561774
145,7.7588934247717765,6.459602987477619,678.9184573846517,34.44997065785185,378.32790332987753,24.83735864699019,8.021396576022841,29.721414881074296,6.390275615451552,29.759834089361746,8.379057885972909,7.278803460142889,8.18166670600334,7.519915651073373,6.236259794596278,7.366942058760461,10.93386420133435,8.401259804901748,1580.7429482936782,1165.431945064604,275.1644644595516,25.25940457720848,8.57957053193898
146,7.796831223518144,6.428599478077037,557.9772227403988,33.12907604736293,14.248406607050494,24.770624053257777,7.930080448613213,29.637038758482728,6.362198829274418,29.476393163150206,8.281698273596405,7.310450905493225,8.065586319868542,7.547843191678104,6.227593486923244,7.379011065454342,10.480066221077443,8.327463004814062,1684.9185596979787,1321.130811827035,272.4924712379894,8.416444386578307,5.700779846189278
147,7.717117558835742,6.378954030776783,2.6833789899569527,6.656032728551873,11.215794665313506,23.953361768203724,7.742733480925517,29.20545462797057,6.318295906277669,28.65775933873738,8.091262594594276,7.273381527324109,7.837554018754616,7.495624983979503,6.19621190500712,7.348208754618134,9.509268260631371,8.145826568309127,454.88303176847893,398.70989281584013,4.619004680651438,7.10011475745206,5.21445169639358
148,7.734360423137302,6.351069769885997,7.184791011981029,6.554902765091054,8.173045394182736,23.35930063861201,7.568322666806095,29.03097536102661,6.292748505420517,28.195288063704943,7.925099258053096,7.2948331923741545,7.627037058703476,7.511067035687124,6.194180726976198,7.364764064961067,8.621400329217574,7.976375531784398,7.97915859083613,1.4496393717998957,6.582155462151339,1.614489735033391,1.5647455398159256
149,7.788414542944861,6.43376569039453,8.699849744666693,7.184743199631054,8.370707992832985,23.628109551779293,7.631869548889242,28.45364774042941,6.379622064634507,27.520734790486014,7.993263121228034,7.305284953547852,7.681486025707023,7.567348956460216,6.284976916388944,7.397640963204978,8.094490677785794,8.009212841953097,7.409752301168949,1.371460122212367,7.0754702360709985,1.4780630817395404,1.4555097522968472
150,320.0242295095221,55.04570452303912,155.50860929196526,34.1808717907104,501.24346526137293,1270.3411446131104,226.09934491497518,1015.70890662856,59.10029566482508,1097.9038092537492,225.95328603945018,256.96888457441577,258.811580633972,284.98304540946106,108.2527282109487,246.28001981616902,320.90308534035915,49.71338786046833,7.630466518920318,1.3668328196213064,340.50336957892114,1.4778133160035134,1.476966950071606
151,891.8133596688492,63.31236011959414,223.88698554318114,30.346868723769646,537.8790056578358,7322.830552161651,843.1310451228744,1467.0685199420227,68.45620098799945,2054.426854616378,732.645054076962,510.4213222071142,1647.8723595951362,643.3706384614289,153.08125024818966,502.6970933826214,1019.8872640926111,41.93162594397706,7.031408321855947,1.3415732564077827,752.6886950942908,1.66042845962729,1.4978332701460182
152,1568.1670563002745,134.35322879473006,247.56321068185807,54.02803709151896,1257.5009450138477,10272.158112756579,2971.0757778809775,2286.0286508060685,161.66844070240805,3018.039750113734,2676.7262963577473,885.9506989769106,3614.8003440562834,1161.410182733741,465.8472868596739,1022.9981459152998,3588.406773659982,89.3645251363268,7.3934164597567475,1.3243485078163468,1656.6662625618105,134.47896683538923,30.65685995768681
153,1598.0591307712314,148.19916275258268,349.99230706416137,65.12440414561654,2578.3030893547248,10345.154659010923,3082.160490810981,2355.7477300655205,182.46581920255102,3091.542354110132,2792.3056196466837,907.7647626267568,3708.4297335827378,1186.2938655923476,503.2881694768046,1052.1827221749345,3700.9223550440042,95.79344732158125,8.365430752654511,1.3998258438197717,1394.485853754411,603.4521625781225,505.226100909502
154,1401.1729510105424,95.23870981116247,265.4395983039023,39.03550081860438,2591.23482495281,9948.220713224164,2425.8992988203227,2079.416957439586,112.65784090726856,2743.607905236993,2189.685366417333,780.6527105797288,3098.772649712067,1031.5427024357912,310.65340983705437,921.8699148474175,781.7764418638701,60.040103935362225,7.292101988383392,1.407173410005944,943.5592860889135,607.3057058655851,1247.3478873415172
155,1334.9833656102512,93.34308690124278,215.65375458940017,26.629700853586872,2451.824936815343,9798.424658383381,2083.6864821469926,1991.8363456906286,111.41179110973262,2627.3428822359256,1894.7827639398588,746.2663128156884,2533.8403784466154,998.9084048613668,286.33481866623725,887.1315738211896,454.0677243387996,41.372406625798696,7.260714798248708,1.4116625615776022,373.1703263162929,607.4496820943853,1242.7478679925593
156,1230.9963660582787,103.20755440041368,110.5383913238203,26.19237780310936,2263.8930877801495,9538.150261568175,2162.050164328548,1931.6875780284738,140.1355997470092,2522.2347680049756,1997.4988387210947,715.7281237480838,1715.5019723442233,1011.0116504241249,373.37264896747274,898.9262289668138,668.6788553109927,36.282330234100414,6.946819506886132,1.401158860451606,266.89045171577715,608.0541161361737,1247.708472042375
157,16.87642159673261,14.57010018444143,16.397280581906493,11.909300075321106,199.54397472516698,68.0398093722462,16.14984552318021,60.78701233384787,14.398198777082689,70.42886900925501,16.36581489934998,15.942539770430107,17.05461436639132,16.317686415122317,13.75155031067585,16.58006317989832,19.02021140280676,13.020433369550425,7.049286951428847,1.3991230018740783,15.433525683572887,91.76064742489288,17.688677039878517
158,17.70352372762225,13.915440896945624,15.047328642344613,11.014743634745814,96.48449941813534,55.53661655407938,18.53632420470878,76.41913923611322,13.773948514647786,81.91643162162597,18.92355223761494,16.657405447552474,19.154487937480347,17.289060769565072,13.856570315842312,17.010056260144484,16.752084948850026,12.131159585781267,6.91953558701318,1.39357292664276,16.86424216105129,56.55748080925245,18.726090529898013
159,19.9534768672565,14.950365545824319,16.117331855421583,10.96464010261887,165.04648464732585,60.20161889274994,19.602030748103296,78.71033784401739,14.799727970660095,85.61988295324446,19.808586629393478,18.81914852791823,20.327467470826853,19.412436557764533,14.82004033509635,19.45052905606216,19.27598063594885,12.272750214946475,7.013685216311094,1.3593911683524098,18.834281720846743,66.59270516627778,19.75895951354941
160,21.9351360451287,16.15321100820859,16.894208851076645,10.72308797978754,366.4211666715607,61.36773273615427,21.17374793906697,76.18914782184777,16.09429489032527,83.6308545524313,21.25627785819124,20.24069458935666,21.58789074830705,20.954150677308363,16.039279418452665,21.807936986923306,25.926239905893034,12.12444349902553,7.074640533566301,1.3704372980665747,20.5066114059821,88.4557595342319,20.890830828898793
161,24.864727047418892,17.326246111630624,16.040664549597658,10.247487270984912,396.7011630504695,69.622856338591,25.009115213360587,84.1709234972425,17.395094792479426,89.87686072798388,25.011848012491676,22.901119490475075,25.903007660855344,23.758987715280522,17.79250133625441,24.35799138633688,22.9786928135642,11.749940549620908,7.05762015931271,1.3654581095705582,23.64328053156188,103.25366714784377,25.994694082626477
162,27.443969787365187,19.029057777205114,15.5953024398899,10.421379992886145,537.8241981184055,69.9921195936473,28.10575857212487,87.0503550269692,19.23601550967608,92.8507084135227,27.884645929437692,25.496356071328975,29.340644598571377,26.189680011647884,19.82041694761144,27.29341868575998,21.008818772043526,12.164783523002896,6.980935369092148,1.352289704709098,25.989116413264373,149.54302936464194,33.81620378606068
163,33.9935248675694,21.590427814273166,16.22574209053175,11.080213195356645,345.7387472468721,84.18189432770222,35.3609859644363,95.41148931387443,22.095556547566517,101.57824322629257,35.08205973841943,30.930836121687086,37.27659263219192,31.53185376251356,23.276435028337957,30.581788696245376,24.379026056264944,13.28698322899455,2247.5364850940687,1.2648473270227243,32.68599462814543,162.00321041791466,40.7033483130968
164,42.605097706146786,25.702085787193194,16.20152274232205,11.078651054310395,350.8100687823663,102.65207278746837,43.09939691003196,103.4902800297892,26.792788852893747,114.33539231330063,42.52642446854303,38.6854738072734,45.22196085349864,38.919954572666434,28.22305920126185,38.263345098024615,22.711770824496117,13.260169795144954,299.45592083714376,1.37561362327715,41.14152505319246,133.07706003868935,40.19039799195363
165,64.08422731814446,32.97320468480481,15.610102559255324,10.642246286679423,288.50293154882394,130.80162090040227,59.53526242016767,129.51444168918056,35.13265360266183,141.59405272186288,59.190336165587865,56.565436205378695,61.644667999409975,57.725699695224606,37.73604700824498,56.42431136849254,18.869590767431003,12.754726548747309,7.374776550004738,1.3192435907928821,61.90071352138523,135.84674059374223,52.8775697478752
166,112.24030225185298,61.47897129559397,14.202971480656668,10.220255656831874,570.7662822094417,173.33584707997014,109.10988105541561,158.1959031339412,61.51646602816463,173.01519443530577,110.72059256483341,87.72985066953429,108.02269088797354,94.05583978323202,65.15340843804519,99.37393921339759,17.44228083359848,12.167265340520192,7.143290376733961,1.352539261636333,118.43023669439005,191.50685439097109,96.31422108701156
167,16.92996397872544,2.3128759788839153,1.2275074714065224,1.2028949015267323,17.777561276866287,44.977679896704714,3.587659316444259,56.94118003364495,2.4621456242761006,60.465384482999674,4.178282833144063,15.667851074922847,3.84824899357917,16.117145170110167,2.524927595289093,16.806935480873438,1.5740681696971097,1.2526577775200547,6.2392288918492085,1.0233211645250324,17.624799850375553,15.527843795206202,3.339204141303664
