name,scn_name,bus,carrier,p_nom,p_min_pu,p_max_pu,marginal_cost,efficiency,committable,start_up_cost,min_up_time,min_down_time,up_time_before,ramp_limit_start_up,ramp_limit_shut_down,e_nom_max,control,ramp_limit_up,weight,p_nom_opt
0 biomass,eGon2035,4,biomass,135.2515057453517,0.0,1.0,42.10779290094284,1.0,False,0.0,0,0,0,1.0,1.0,inf,Slack,,135.2515057453517,135.2515057453517
0 central_biomass_CHP,eGon2035,4,central_biomass_CHP,148.23816570559774,0.0,0.9999999999999999,42.10941043327023,0.9999999999999999,False,0.0,0,0,0,1.0,1.0,inf,PV,,148.23816570559774,148.23816570559774
0 industrial_biomass_CHP,eGon2035,4,industrial_biomass_CHP,616.1671166106055,0.0,1.0,42.10735196376193,1.0,False,0.0,0,0,0,1.0,1.0,inf,PV,,616.1671166106055,616.1671166106055
0 load shedding,,4,load shedding,93901305.6690337,0.0,1.0,10000.007914738964,1.0,False,0.0,0,0,1,1.0,1.0,0.0,PQ,,93901305.6690337,93901305.6690337
0 others,eGon2035,4,others,50.025743037678446,0.0,1.0,0.009255505199756896,1.0,False,0.0,0,0,0,1.0,1.0,inf,PV,,50.025743037678446,50.025743037678446
0 reservoir,eGon2035,4,reservoir,162.67852088078098,0.0,0.6500000000000001,0.007605829011294858,1.0000000000000002,False,0.0,0,0,0,1.0,1.0,inf,PV,,162.67852088078098,162.67852088078098
0 run_of_river,eGon2035,4,run_of_river,49.45791910531347,0.0,0.65,0.008614327531235583,1.0,False,0.0,0,0,0,1.0,1.0,inf,PV,,49.45791910531347,49.45791910531347
0 solar,eGon2035,4,solar,1240.7979164698352,0.0,0.9999999999999998,0.018057292207923153,0.9999999999999998,False,0.0,0,0,0,1.0,1.0,inf,PV,,1240.7979164698352,1240.7979164698352
0 solar_rooftop,eGon2035,4,solar_rooftop,5972.748220246721,0.0,1.0,0.018598223484636543,1.0,False,0.0,0,0,0,1.0,1.0,inf,PV,,5972.748220246721,5972.748220246721
0 wind_offshore,eGon2035,4,wind_offshore,4000.0,0.0,1.0,2.5681327177381137,1.0,False,0.0,0,0,0,1.0,1.0,inf,PV,,4000.0,4000.0
0 wind_onshore,eGon2035,4,wind_onshore,8607.26830479213,0.0,1.0000000000000002,1.3086163901944117,1.0000000000000002,False,0.0,0,0,0,1.0,1.0,inf,PV,,8607.26830479213,8607.26830479213
1 biomass,eGon2035,4,biomass,54.49203950130611,0.0,0.9999999999999998,42.109358731127806,0.9999999999999998,False,0.0,0,0,0,1.0,1.0,inf,PV,,54.49203950130611,54.49203950130611
1 central_biomass_CHP,eGon2035,4,central_biomass_CHP,47.00997510664255,0.0,0.9999999999999999,42.108264986903585,0.9999999999999999,False,0.0,0,0,0,1.0,1.0,inf,PV,,47.00997510664255,47.00997510664255
1 industrial_biomass_CHP,eGon2035,4,industrial_biomass_CHP,314.8549356319386,0.0,1.0,42.10842103445987,1.0,False,0.0,0,0,0,1.0,1.0,inf,PV,,314.8549356319386,314.8549356319386
1 load shedding,,4,load shedding,62050997.93534795,0.0,1.0,10000.007907413657,1.0,False,0.0,0,0,1,1.0,1.0,0.0,PQ,,62050997.93534795,62050997.93534795
1 others,eGon2035,4,others,12.965762257350994,0.0,1.0000000000000002,0.002621081671213398,1.0000000000000002,False,0.0,0,0,0,1.0,1.0,inf,PV,,12.965762257350994,12.965762257350994
1 reservoir,eGon2035,4,reservoir,3.9381559248030067,0.0,0.6500000000000001,0.008856884406141505,1.0,False,0.0,0,0,0,1.0,1.0,inf,PV,,3.9381559248030067,3.9381559248030067
1 run_of_river,eGon2035,4,run_of_river,56.36272818028936,0.0,0.65,0.009384713347251621,1.0,False,0.0,0,0,0,1.0,1.0,inf,PV,,56.36272818028936,56.36272818028936
1 solar,eGon2035,4,solar,3846.23856630648,0.0,1.0,0.01769028272765792,1.0,False,0.0,0,0,0,1.0,1.0,inf,PV,,3846.23856630648,3846.23856630648
1 solar_rooftop,eGon2035,4,solar_rooftop,3569.4645116890815,0.0,1.0,0.01732252276214324,1.0,False,0.0,0,0,0,1.0,1.0,inf,PV,,3569.4645116890815,3569.4645116890815
1 wind_onshore,eGon2035,4,wind_onshore,6335.029454400376,0.0,1.0,1.3082140947925873,1.0,False,0.0,0,0,0,1.0,1.0,inf,PV,,6335.029454400376,6335.029454400376
10 biomass,eGon2035,4,biomass,45.05277860512044,0.0,1.0,42.10850115477126,1.0,False,0.0,0,0,0,1.0,1.0,inf,PV,,45.05277860512044,45.05277860512044
10 central_biomass_CHP,eGon2035,4,central_biomass_CHP,64.07267864042852,0.0,0.9999999999999999,42.10723549928299,0.9999999999999999,False,0.0,0,0,0,1.0,1.0,inf,PV,,64.07267864042852,64.07267864042852
10 industrial_biomass_CHP,eGon2035,4,industrial_biomass_CHP,570.495921362877,0.0,1.0,42.10820336426155,1.0,False,0.0,0,0,0,1.0,1.0,inf,PV,,570.495921362877,570.495921362877
10 load shedding,,4,load shedding,64461977.40522854,0.0,1.0,10000.0077721167,1.0,False,0.0,0,0,1,1.0,1.0,0.0,PQ,,64461977.40522854,64461977.40522854
10 others,eGon2035,4,others,10.586964350018004,0.0,1.0,0.020545393312204552,1.0,False,0.0,0,0,0,1.0,1.0,inf,PV,,10.586964350018004,10.586964350018004
10 run_of_river,eGon2035,4,run_of_river,25.7907279972286,0.0,0.6499999999999999,0.006904600428940322,0.9999999999999999,False,0.0,0,0,0,1.0,1.0,inf,PV,,25.7907279972286,25.7907279972286
10 solar,eGon2035,4,solar,1131.3610941235827,0.0,1.0,0.01761198409554746,1.0,False,0.0,0,0,0,1.0,1.0,inf,PV,,1131.3610941235827,1131.3610941235827
10 solar_rooftop,eGon2035,4,solar_rooftop,5616.9331097783925,0.0,1.0,0.018917740032677002,1.0,False,0.0,0,0,0,1.0,1.0,inf,PV,,5616.9331097783925,5616.9331097783925
10 wind_onshore,eGon2035,4,wind_onshore,6998.307388372055,0.0,0.9999999999999999,1.3084890143870713,0.9999999999999999,False,0.0,0,0,0,1.0,1.0,inf,PV,,6998.307388372055,6998.307388372055
11 biomass,eGon2035,4,biomass,73.12092195231438,0.0,1.0000000000000002,42.10795315428407,1.0000000000000002,False,0.0,0,0,0,1.0,1.0,inf,PV,,73.12092195231438,73.12092195231438
11 central_biomass_CHP,eGon2035,4,central_biomass_CHP,73.78672411516757,0.0,1.0,42.107673056147306,1.0,False,0.0,0,0,0,1.0,1.0,inf,PV,,73.78672411516757,73.78672411516757
11 industrial_biomass_CHP,eGon2035,4,industrial_biomass_CHP,341.80049326582355,0.0,1.0,42.107972144778714,1.0,False,0.0,0,0,0,1.0,1.0,inf,PV,,341.80049326582355,341.80049326582355
11 load shedding,,4,load shedding,126512975.3405765,0.0,1.0,10000.007847936715,1.0,False,0.0,0,0,1,1.0,1.0,0.0,PQ,,126512975.3405765,126512975.3405765
11 oil,eGon2035,4,oil,24.8,0.0,1.0,101.84306105500411,1.0,False,0.0,0,0,0,1.0,1.0,inf,PV,,24.8,24.8
11 others,eGon2035,4,others,80.09934767980931,0.0,1.0,0.007924228411647428,1.0,False,0.0,0,0,0,1.0,1.0,inf,PV,,80.09934767980931,80.09934767980931
11 reservoir,eGon2035,4,reservoir,16.159556461823463,0.0,0.65,0.013730041649322086,1.0,False,0.0,0,0,0,1.0,1.0,inf,PV,,16.159556461823463,16.159556461823463
11 run_of_river,eGon2035,4,run_of_river,427.5646151217227,0.0,0.65,0.008025712283474075,1.0,False,0.0,0,0,0,1.0,1.0,inf,PV,,427.5646151217227,427.5646151217227
11 solar,eGon2035,4,solar,3470.991832496355,0.0,0.9999999999999999,0.018016021206030478,0.9999999999999999,False,0.0,0,0,0,1.0,1.0,inf,PV,,3470.991832496355,3470.991832496355
11 solar_rooftop,eGon2035,4,solar_rooftop,12537.49768081745,0.0,1.0,0.018514068784630487,1.0,False,0.0,0,0,0,1.0,1.0,inf,PV,,12537.49768081745,12537.49768081745
11 wind_onshore,eGon2035,4,wind_onshore,6086.852569036908,0.0,1.0,1.307959892733069,1.0,False,0.0,0,0,0,1.0,1.0,inf,PV,,6086.852569036908,6086.852569036908
12 biomass,eGon2035,4,biomass,108.36541692103546,0.0,1.0000000000000002,42.10753993101709,1.0000000000000002,False,0.0,0,0,0,1.0,1.0,inf,PV,,108.36541692103546,108.36541692103546
12 central_biomass_CHP,eGon2035,4,central_biomass_CHP,125.45915203377179,0.0,1.0,42.108266643693234,1.0,False,0.0,0,0,0,1.0,1.0,inf,PV,,125.45915203377179,125.45915203377179
12 industrial_biomass_CHP,eGon2035,4,industrial_biomass_CHP,231.31440650113487,0.0,1.0,42.10773841600252,1.0,False,0.0,0,0,0,1.0,1.0,inf,PV,,231.31440650113487,231.31440650113487
12 load shedding,,4,load shedding,176001501.30128345,0.0,0.9999999999999998,10000.007850478029,0.9999999999999998,False,0.0,0,0,1,1.0,1.0,0.0,PQ,,176001501.30128345,176001501.30128345
12 oil,eGon2035,4,oil,65.6,0.0,1.0,101.84143624159161,1.0,False,0.0,0,0,0,1.0,1.0,inf,PV,,65.6,65.6
12 others,eGon2035,4,others,349.97425696232153,0.0,1.0,0.005041699846446508,1.0,False,0.0,0,0,0,1.0,1.0,inf,PV,,349.97425696232153,349.97425696232153
12 reservoir,eGon2035,4,reservoir,34.80747775405502,0.0,0.6500000000000001,0.009296474887086658,1.0,False,0.0,0,0,0,1.0,1.0,inf,PV,,34.80747775405502,34.80747775405502
12 run_of_river,eGon2035,4,run_of_river,3.945555855934778,0.0,0.6500000000000001,0.0077279403530259505,1.0000000000000002,False,0.0,0,0,0,1.0,1.0,inf,PV,,3.945555855934778,3.945555855934778
12 solar,eGon2035,4,solar,252.1186307267206,0.0,1.0,0.01842830929019569,1.0,False,0.0,0,0,0,1.0,1.0,inf,PV,,252.1186307267206,252.1186307267206
12 solar_rooftop,eGon2035,4,solar_rooftop,11340.591961942828,0.0,0.9999999999999999,0.018333140776545912,0.9999999999999999,False,0.0,0,0,0,1.0,1.0,inf,PV,,11340.591961942828,11340.591961942828
12 wind_offshore,eGon2035,4,wind_offshore,1250.0,0.0,1.0,2.5710282284921226,1.0,False,0.0,0,0,0,1.0,1.0,inf,PV,,1250.0,1250.0
12 wind_onshore,eGon2035,4,wind_onshore,3155.3780647087556,0.0,1.0000000000000002,1.3080133326260421,1.0000000000000002,False,0.0,0,0,0,1.0,1.0,inf,PV,,3155.3780647087556,3155.3780647087556
13 biomass,eGon2035,4,biomass,87.88277950368648,0.0,1.0,42.10802854038312,1.0,False,0.0,0,0,0,1.0,1.0,inf,PV,,87.88277950368648,87.88277950368648
13 central_biomass_CHP,eGon2035,4,central_biomass_CHP,50.98756039865676,0.0,1.0,42.11063104881508,1.0,False,0.0,0,0,0,1.0,1.0,inf,PV,,50.98756039865676,50.98756039865676
13 industrial_biomass_CHP,eGon2035,4,industrial_biomass_CHP,558.9491647087439,0.0,1.0,42.108220921840996,1.0,False,0.0,0,0,0,1.0,1.0,inf,PV,,558.9491647087439,558.9491647087439
13 load shedding,,4,load shedding,80958152.7254642,0.0,0.9999999999999998,10000.008057631183,0.9999999999999998,False,0.0,0,0,1,1.0,1.0,0.0,PQ,,80958152.7254642,80958152.7254642
13 others,eGon2035,4,others,22.236970841666142,0.0,1.0,0.0030851716184816,1.0,False,0.0,0,0,0,1.0,1.0,inf,PV,,22.236970841666142,22.236970841666142
13 reservoir,eGon2035,4,reservoir,2.5893032160638585,0.0,0.6500000000000001,0.010124916790704461,1.0,False,0.0,0,0,0,1.0,1.0,inf,PV,,2.5893032160638585,2.5893032160638585
13 run_of_river,eGon2035,4,run_of_river,802.1501411990766,0.0,0.65,0.00787152190052809,1.0,False,0.0,0,0,0,1.0,1.0,inf,PV,,802.1501411990766,802.1501411990766
13 solar,eGon2035,4,solar,3151.1912412666675,0.0,0.9999999999999999,0.017954052302332237,0.9999999999999999,False,0.0,0,0,0,1.0,1.0,inf,PV,,3151.1912412666675,3151.1912412666675
13 solar_rooftop,eGon2035,4,solar_rooftop,7633.6243368026235,0.0,0.9999999999999999,0.018092067246789616,0.9999999999999999,False,0.0,0,0,0,1.0,1.0,inf,PV,,7633.6243368026235,7633.6243368026235
13 wind_onshore,eGon2035,4,wind_onshore,2579.500213035278,0.0,1.0000000000000002,1.3086822743154225,1.0000000000000002,False,0.0,0,0,0,1.0,1.0,inf,PV,,2579.500213035278,2579.500213035278
14 biomass,eGon2035,4,biomass,16.373106843691954,0.0,0.9999999999999997,42.10787368336608,0.9999999999999997,False,0.0,0,0,0,1.0,1.0,inf,PV,,16.373106843691954,16.373106843691954
14 central_biomass_CHP,eGon2035,4,central_biomass_CHP,1.5348473000530662,0.0,1.0,42.10429116340349,1.0,False,0.0,0,0,0,1.0,1.0,inf,PV,,1.5348473000530662,1.5348473000530662
14 industrial_biomass_CHP,eGon2035,4,industrial_biomass_CHP,281.74253280826946,0.0,0.9999999999999999,42.1073849070728,0.9999999999999999,False,0.0,0,0,0,1.0,1.0,inf,PV,,281.74253280826946,281.74253280826946
14 load shedding,,4,load shedding,22587070.82309189,0.0,0.9999999999999998,10000.008465090583,0.9999999999999998,False,0.0,0,0,1,1.0,1.0,0.0,PQ,,22587070.82309189,22587070.82309189
14 run_of_river,eGon2035,4,run_of_river,0.26472228718447927,0.0,0.6500000000000001,0.005941449128813764,1.0,False,0.0,0,0,0,1.0,1.0,inf,PV,,0.26472228718447927,0.26472228718447927
14 solar,eGon2035,4,solar,146.6547779737755,0.0,1.0000000000000002,0.017594800757671277,1.0000000000000002,False,0.0,0,0,0,1.0,1.0,inf,PV,,146.6547779737755,146.6547779737755
14 solar_rooftop,eGon2035,4,solar_rooftop,1106.7326745079388,0.0,1.0,0.019521282532619078,1.0,False,0.0,0,0,0,1.0,1.0,inf,PV,,1106.7326745079388,1106.7326745079388
14 wind_offshore,eGon2035,4,wind_offshore,8339.0,0.0,1.0,2.5621289963871585,1.0,False,0.0,0,0,0,1.0,1.0,inf,PV,,8339.0,8339.0
14 wind_onshore,eGon2035,4,wind_onshore,6277.303070263102,0.0,1.0,1.3071644747216193,1.0,False,0.0,0,0,0,1.0,1.0,inf,PV,,6277.303070263102,6277.303070263102
15 biomass,eGon2035,4,biomass,61.55848698062784,0.0,1.0,42.110664852365296,1.0,False,0.0,0,0,0,1.0,1.0,inf,PV,,61.55848698062784,61.55848698062784
15 central_biomass_CHP,eGon2035,4,central_biomass_CHP,56.33849674135425,0.0,0.9999999999999999,42.10672842822101,0.9999999999999999,False,0.0,0,0,0,1.0,1.0,inf,PV,,56.33849674135425,56.33849674135425
15 industrial_biomass_CHP,eGon2035,4,industrial_biomass_CHP,233.15028447500984,0.0,1.0000000000000002,42.108887311400835,1.0000000000000002,False,0.0,0,0,0,1.0,1.0,inf,PV,,233.15028447500984,233.15028447500984
15 load shedding,,4,load shedding,69791510.97022775,0.0,0.9999999999999997,10000.00761046654,0.9999999999999997,False,0.0,0,0,1,1.0,1.0,0.0,PQ,,69791510.97022775,69791510.97022775
15 oil,eGon2035,4,oil,137.0,0.0,1.0,101.84064809348666,1.0,False,0.0,0,0,0,1.0,1.0,inf,PV,,137.0,137.0
15 run_of_river,eGon2035,4,run_of_river,91.53834402651046,0.0,0.65,0.007744255483890541,1.0,False,0.0,0,0,0,1.0,1.0,inf,PV,,91.53834402651046,91.53834402651046
15 solar,eGon2035,4,solar,2517.263321672909,0.0,1.0000000000000002,0.01775171301276466,1.0000000000000002,False,0.0,0,0,0,1.0,1.0,inf,PV,,2517.263321672909,2517.263321672909
15 solar_rooftop,eGon2035,4,solar_rooftop,4086.246780968995,0.0,1.0,0.017987833935185403,1.0,False,0.0,0,0,0,1.0,1.0,inf,PV,,4086.246780968995,4086.246780968995
15 wind_onshore,eGon2035,4,wind_onshore,3500.157937384436,0.0,1.0,1.30802523143769,1.0,False,0.0,0,0,0,1.0,1.0,inf,PV,,3500.157937384436,3500.157937384436
2 biomass,eGon2035,4,biomass,44.63529699100501,0.0,0.9999999999999999,42.10784423399999,0.9999999999999999,False,0.0,0,0,0,1.0,1.0,inf,PV,,44.63529699100501,44.63529699100501
2 central_biomass_CHP,eGon2035,4,central_biomass_CHP,40.39226709976151,0.0,1.0000000000000002,42.10612311942256,1.0000000000000002,False,0.0,0,0,0,1.0,1.0,inf,PV,,40.39226709976151,40.39226709976151
2 industrial_biomass_CHP,eGon2035,4,industrial_biomass_CHP,566.0512755410066,0.0,0.9999999999999998,42.1083795533301,0.9999999999999998,False,0.0,0,0,0,1.0,1.0,inf,PV,,566.0512755410066,566.0512755410066
2 load shedding,,4,load shedding,74613469.90998894,0.0,0.9999999999999999,10000.00785452736,0.9999999999999999,False,0.0,0,0,1,1.0,1.0,0.0,PQ,,74613469.90998894,74613469.90998894
2 others,eGon2035,4,others,12.931823721898391,0.0,1.0,0.013055515299920864,1.0,False,0.0,0,0,0,1.0,1.0,inf,PV,,12.931823721898391,12.931823721898391
2 run_of_river,eGon2035,4,run_of_river,740.7055165436874,0.0,0.65,0.007688493017221473,1.0,False,0.0,0,0,0,1.0,1.0,inf,PV,,740.7055165436874,740.7055165436874
2 solar,eGon2035,4,solar,1241.3688011856502,0.0,1.0000000000000002,0.01778762099983355,1.0000000000000002,False,0.0,0,0,0,1.0,1.0,inf,PV,,1241.3688011856502,1241.3688011856502
2 solar_rooftop,eGon2035,4,solar_rooftop,7139.325812345842,0.0,1.0,0.018152950624851484,1.0,False,0.0,0,0,0,1.0,1.0,inf,PV,,7139.325812345842,7139.325812345842
2 wind_onshore,eGon2035,4,wind_onshore,1607.6738457195097,0.0,0.9999999999999999,1.3085384845337347,0.9999999999999999,False,0.0,0,0,0,1.0,1.0,inf,PV,,1607.6738457195097,1607.6738457195097
3 biomass,eGon2035,4,biomass,87.60199316411644,0.0,0.9999999999999999,42.10786759298989,0.9999999999999999,False,0.0,0,0,0,1.0,1.0,inf,PV,,87.60199316411644,87.60199316411644
3 central_biomass_CHP,eGon2035,4,central_biomass_CHP,143.8954526485687,0.0,1.0,42.10826821554371,1.0,False,0.0,0,0,0,1.0,1.0,inf,PV,,143.8954526485687,143.8954526485687
3 industrial_biomass_CHP,eGon2035,4,industrial_biomass_CHP,344.8285467315622,0.0,1.0000000000000002,42.107054010260384,1.0000000000000002,False,0.0,0,0,0,1.0,1.0,inf,PV,,344.8285467315622,344.8285467315622
3 load shedding,,4,load shedding,102149393.32915153,0.0,0.9999999999999999,10000.007759279815,0.9999999999999999,False,0.0,0,0,1,1.0,1.0,0.0,PQ,,102149393.32915153,102149393.32915153
3 run_of_river,eGon2035,4,run_of_river,7.478230429539525,0.0,0.6499999999999999,0.006974800398246422,0.9999999999999999,False,0.0,0,0,0,1.0,1.0,inf,PV,,7.478230429539525,7.478230429539525
3 solar,eGon2035,4,solar,4374.901498883301,0.0,1.0000000000000002,0.01780786680016669,1.0000000000000002,False,0.0,0,0,0,1.0,1.0,inf,PV,,4374.901498883301,4374.901498883301
3 solar_rooftop,eGon2035,4,solar_rooftop,4165.724686521598,0.0,0.9999999999999999,0.018283976904163973,0.9999999999999999,False,0.0,0,0,0,1.0,1.0,inf,PV,,4165.724686521598,4165.724686521598
3 wind_onshore,eGon2035,4,wind_onshore,8804.367916215962,0.0,1.0,1.3079101006603402,1.0,False,0.0,0,0,0,1.0,1.0,inf,PV,,8804.367916215962,8804.367916215962
4 biomass,eGon2035,4,biomass,12.008782199140578,0.0,1.0000000000000002,42.11031132198823,1.0000000000000002,False,0.0,0,0,0,1.0,1.0,inf,PV,,12.008782199140578,12.008782199140578
4 central_biomass_CHP,eGon2035,4,central_biomass_CHP,72.97167098135053,0.0,1.0000000000000002,42.108882056336896,1.0000000000000002,False,0.0,0,0,0,1.0,1.0,inf,PV,,72.97167098135053,72.97167098135053
4 industrial_biomass_CHP,eGon2035,4,industrial_biomass_CHP,458.7991649528799,0.0,1.0,42.10864972931159,1.0,False,0.0,0,0,0,1.0,1.0,inf,PV,,458.7991649528799,458.7991649528799
4 load shedding,,4,load shedding,48600270.36654042,0.0,0.9999999999999997,10000.007915471891,0.9999999999999997,False,0.0,0,0,1,1.0,1.0,0.0,PQ,,48600270.36654042,48600270.36654042
4 others,eGon2035,4,others,89.41303564998199,0.0,1.0,0.009364428237105373,1.0,False,0.0,0,0,0,1.0,1.0,inf,PV,,89.41303564998199,89.41303564998199
4 solar,eGon2035,4,solar,1282.35603958142,0.0,0.9999999999999999,0.017260394683559395,0.9999999999999999,False,0.0,0,0,0,1.0,1.0,inf,PV,,1282.35603958142,1282.35603958142
4 solar_rooftop,eGon2035,4,solar_rooftop,2519.8061352304308,0.0,1.0,0.01819001674934608,1.0,False,0.0,0,0,0,1.0,1.0,inf,PV,,2519.8061352304308,2519.8061352304308
4 wind_offshore,eGon2035,4,wind_offshore,7015.0,0.0,1.0,2.5658707302754586,1.0,False,0.0,0,0,0,1.0,1.0,inf,PV,,7015.0,7015.0
4 wind_onshore,eGon2035,4,wind_onshore,11474.242553494958,0.0,1.0,1.307815198961281,1.0,False,0.0,0,0,0,1.0,1.0,inf,PV,,11474.242553494958,11474.242553494958
41276 load shedding,,41276,load shedding,20683665.978449315,0.0,0.9999999999999998,10000.00830916718,0.9999999999999998,False,0.0,0,0,1,1.0,1.0,0.0,Slack,,20683665.978449315,20683665.978449315
41288 load shedding,,41276,load shedding,28170391.70071011,0.0,0.9999999999999998,10000.008418426454,0.9999999999999998,False,0.0,0,0,1,1.0,1.0,0.0,PQ,,28170391.70071011,28170391.70071011
41526 load shedding,,41276,load shedding,18272686.508568723,0.0,1.0,10000.008714876238,1.0,False,0.0,0,0,1,1.0,1.0,0.0,PQ,,18272686.508568723,18272686.508568723
41530 load shedding,,41276,load shedding,21698815.228925355,0.0,0.9999999999999998,10000.008050235236,0.9999999999999998,False,0.0,0,0,1,1.0,1.0,0.0,PQ,,21698815.228925355,21698815.228925355
41544 load shedding,,41276,load shedding,28804859.982257638,0.0,0.9999999999999999,10000.007669709443,0.9999999999999999,False,0.0,0,0,1,1.0,1.0,0.0,PQ,,28804859.982257638,28804859.982257638
42514 load shedding,,41276,load shedding,12943152.943569511,0.0,0.9999999999999994,10000.007957407483,0.9999999999999994,False,0.0,0,0,1,1.0,1.0,0.0,PQ,,12943152.943569511,12943152.943569511
42528 load shedding,,41276,load shedding,29946902.889043182,0.0,0.9999999999999998,10000.007772118961,0.9999999999999998,False,0.0,0,0,1,1.0,1.0,0.0,PQ,,29946902.889043182,29946902.889043182
42658 load shedding,,41276,load shedding,36037798.39189942,0.0,0.9999999999999998,10000.007943442646,0.9999999999999998,False,0.0,0,0,1,1.0,1.0,0.0,PQ,,36037798.39189942,36037798.39189942
42664 load shedding,,41276,load shedding,37814309.58023249,0.0,0.9999999999999997,10000.007574465133,0.9999999999999997,False,0.0,0,0,1,1.0,1.0,0.0,PQ,,37814309.58023249,37814309.58023249
42704 load shedding,,41276,load shedding,9263236.910593865,0.0,0.9999999999999998,10000.007687991685,0.9999999999999998,False,0.0,0,0,1,1.0,1.0,0.0,PQ,,9263236.910593865,9263236.910593865
42708 load shedding,,41276,load shedding,26013199.543448526,0.0,0.9999999999999998,10000.008268632915,0.9999999999999998,False,0.0,0,0,1,1.0,1.0,0.0,PQ,,26013199.543448526,26013199.543448526
42816 load shedding,,41276,load shedding,21191240.603687335,0.0,0.9999999999999994,10000.008487052155,0.9999999999999994,False,0.0,0,0,1,1.0,1.0,0.0,PQ,,21191240.603687335,21191240.603687335
43542 load shedding,,41276,load shedding,34261287.20356635,0.0,0.9999999999999998,10000.008151662545,0.9999999999999998,False,0.0,0,0,1,1.0,1.0,0.0,PQ,,34261287.20356635,34261287.20356635
43544 load shedding,,41276,load shedding,63319934.498443,0.0,1.0000000000000002,10000.008218460485,1.0000000000000002,False,0.0,0,0,1,1.0,1.0,0.0,PQ,,63319934.498443,63319934.498443
43546 load shedding,,41276,load shedding,44666567.020945765,0.0,0.9999999999999999,10000.00768345058,0.9999999999999999,False,0.0,0,0,1,1.0,1.0,0.0,PQ,,44666567.020945765,44666567.020945765
43744 load shedding,,41276,load shedding,49361632.30439745,0.0,0.9999999999999999,10000.00787300003,0.9999999999999999,False,0.0,0,0,1,1.0,1.0,0.0,PQ,,49361632.30439745,49361632.30439745
43775 load shedding,,43775,load shedding,1142042.9067855452,0.0,1.0,10000.040786525162,1.0,False,0.0,0,0,1,1.0,1.0,0.0,Slack,,1142042.9067855452,1142042.9067855452
43775 oil,eGon2035,43775,oil,84.20300295,0.0,1.0,101.8727865251626,1.0,False,0.0,0,0,0,1.0,1.0,inf,PV,,84.20300295,84.20300295
43775 others,eGon2035,43775,others,1552.2437133000003,0.0,1.0,0.04078652516259929,1.0,False,0.0,0,0,0,1.0,1.0,inf,PV,,1552.2437133000003,1552.2437133000003
43775 reservoir,eGon2035,43775,reservoir,8301.08374,0.0,0.65,0.04078652516259929,1.0,False,0.0,0,0,0,1.0,1.0,inf,PV,,8301.08374,8301.08374
43775 run_of_river,eGon2035,43775,run_of_river,6217.211426,0.0,0.65,0.04078652516259929,1.0,False,0.0,0,0,0,1.0,1.0,inf,PV,,6217.211426,6217.211426
43775 solar,eGon2035,43775,solar,22500.0,0.0,1.0,0.050786525162599294,1.0,False,0.0,0,0,0,1.0,1.0,inf,PV,,22500.0,22500.0
43775 wind_onshore,eGon2035,43775,wind_onshore,12500.0,0.0,1.0,1.3407865251625994,1.0,False,0.0,0,0,0,1.0,1.0,inf,PV,,12500.0,12500.0
43776 coal,eGon2035,43776,coal,615.78599922,0.325,1.0,49.3682865251626,1.0,True,35.64,5,6,0,0.38,0.38,inf,Slack,1.0,615.78599922,615.78599922
43776 load shedding,,43776,load shedding,126893.65630950501,0.0,1.0,10000.040786525162,1.0,False,0.0,0,0,1,1.0,1.0,0.0,PQ,,126893.65630950501,126893.65630950501
43776 oil,eGon2035,43776,oil,158.2999992,0.0,1.0,101.8727865251626,1.0,False,0.0,0,0,0,1.0,1.0,inf,PV,,158.2999992,158.2999992
43776 others,eGon2035,43776,others,1530.1999969,0.0,1.0,0.04078652516259929,1.0,False,0.0,0,0,0,1.0,1.0,inf,PV,,1530.1999969,1530.1999969
43776 run_of_river,eGon2035,43776,run_of_river,148.1999969,0.0,0.65,0.04078652516259929,1.0,False,0.0,0,0,0,1.0,1.0,inf,PV,,148.1999969,148.1999969
43776 solar,eGon2035,43776,solar,16443.135739999998,0.0,1.0,0.050786525162599294,1.0,False,0.0,0,0,0,1.0,1.0,inf,PV,,16443.135739999998,16443.135739999998
43776 wind_offshore,eGon2035,43776,wind_offshore,5250.0,0.0,1.0,2.6007865251625994,1.0,False,0.0,0,0,0,1.0,1.0,inf,PV,,5250.0,5250.0
43776 wind_onshore,eGon2035,43776,wind_onshore,7465.0490675,0.0,1.0,1.3407865251625994,1.0,False,0.0,0,0,0,1.0,1.0,inf,PV,,7465.0490675,7465.0490675
43777 load shedding,,43777,load shedding,380680.96892851504,0.0,1.0,10000.040786525162,1.0,False,0.0,0,0,1,1.0,1.0,0.0,Slack,,380680.96892851504,380680.96892851504
43777 nuclear,eGon2035,43777,nuclear,595.0,0.5,1.0,5.2407865251626,1.0,True,16.5,6,10,0,0.5,0.5,inf,PV,0.3,595.0,595.0
43777 others,eGon2035,43777,others,2086.8406982,0.0,1.0,0.04078652516259929,1.0,False,0.0,0,0,0,1.0,1.0,inf,PV,,2086.8406982,2086.8406982
43777 reservoir,eGon2035,43777,reservoir,8152.0,0.0,0.65,0.04078652516259929,1.0,False,0.0,0,0,0,1.0,1.0,inf,PV,,8152.0,8152.0
43777 run_of_river,eGon2035,43777,run_of_river,4113.0,0.0,0.65,0.04078652516259929,1.0,False,0.0,0,0,0,1.0,1.0,inf,PV,,4113.0,4113.0
43777 solar,eGon2035,43777,solar,14364.3525,0.0,1.0,0.050786525162599294,1.0,False,0.0,0,0,0,1.0,1.0,inf,PV,,14364.3525,14364.3525
43777 wind_onshore,eGon2035,43777,wind_onshore,1551.0,0.0,1.0,1.3407865251625994,1.0,False,0.0,0,0,0,1.0,1.0,inf,PV,,1551.0,1551.0
43778 coal,eGon2035,43778,coal,186.0,0.325,1.0,49.3682865251626,1.0,True,35.64,5,6,0,0.38,0.38,inf,Slack,1.0,186.0,186.0
43778 lignite,eGon2035,43778,lignite,2967.69999245,0.4,1.0,37.605286525162605,1.0,True,19.14,7,6,0,0.4,0.4,inf,PV,1.0,2967.69999245,2967.69999245
43778 load shedding,,43778,load shedding,126893.65630950501,0.0,1.0,10000.040786525162,1.0,False,0.0,0,0,1,1.0,1.0,0.0,PQ,,126893.65630950501,126893.65630950501
43778 nuclear,eGon2035,43778,nuclear,4041.0,0.5,1.0,5.2407865251626,1.0,True,16.5,6,10,0,0.5,0.5,inf,PV,0.3,4041.0,4041.0
43778 oil,eGon2035,43778,oil,6.94999981,0.0,1.0,101.8727865251626,1.0,False,0.0,0,0,0,1.0,1.0,inf,PV,,6.94999981,6.94999981
43778 others,eGon2035,43778,others,2289.3577880000003,0.0,1.0,0.04078652516259929,1.0,False,0.0,0,0,0,1.0,1.0,inf,PV,,2289.3577880000003,2289.3577880000003
43778 reservoir,eGon2035,43778,reservoir,1170.3999939,0.0,0.65,0.04078652516259929,1.0,False,0.0,0,0,0,1.0,1.0,inf,PV,,1170.3999939,1170.3999939
43778 run_of_river,eGon2035,43778,run_of_river,395.0,0.0,0.65,0.04078652516259929,1.0,False,0.0,0,0,0,1.0,1.0,inf,PV,,395.0,395.0
43778 solar,eGon2035,43778,solar,14499.5,0.0,1.0,0.050786525162599294,1.0,False,0.0,0,0,0,1.0,1.0,inf,PV,,14499.5,14499.5
43778 wind_onshore,eGon2035,43778,wind_onshore,7761.234055,0.0,1.0,1.3407865251625994,1.0,False,0.0,0,0,0,1.0,1.0,inf,PV,,7761.234055,7761.234055
43779 coal,eGon2035,43779,coal,447.0,0.325,1.0,49.3682865251626,1.0,True,35.64,5,6,0,0.38,0.38,inf,Slack,1.0,447.0,447.0
43779 load shedding,,43779,load shedding,380680.96892851504,0.0,1.0,10000.040786525162,1.0,False,0.0,0,0,1,1.0,1.0,0.0,PQ,,380680.96892851504,380680.96892851504
43779 oil,eGon2035,43779,oil,200.0,0.0,1.0,101.8727865251626,1.0,False,0.0,0,0,0,1.0,1.0,inf,PV,,200.0,200.0
43779 others,eGon2035,43779,others,578.3999939,0.0,1.0,0.04078652516259929,1.0,False,0.0,0,0,0,1.0,1.0,inf,PV,,578.3999939,578.3999939
43779 solar,eGon2035,43779,solar,3943.5,0.0,1.0,0.050786525162599294,1.0,False,0.0,0,0,0,1.0,1.0,inf,PV,,3943.5,3943.5
43779 wind_offshore,eGon2035,43779,wind_offshore,4600.0,0.0,1.0,2.6007865251625994,1.0,False,0.0,0,0,0,1.0,1.0,inf,PV,,4600.0,4600.0
43779 wind_onshore,eGon2035,43779,wind_onshore,4564.5,0.0,1.0,1.3407865251625994,1.0,False,0.0,0,0,0,1.0,1.0,inf,PV,,4564.5,4564.5
43780 coal,eGon2035,43780,coal,320.0,0.325,1.0,49.3682865251626,1.0,True,35.64,5,6,0,0.38,0.38,inf,Slack,1.0,320.0,320.0
43780 load shedding,,43780,load shedding,126893.65630950501,0.0,1.0,10000.040786525162,1.0,False,0.0,0,0,1,1.0,1.0,0.0,PQ,,126893.65630950501,126893.65630950501
43780 oil,eGon2035,43780,oil,212.00000001,0.0,1.0,101.8727865251626,1.0,False,0.0,0,0,0,1.0,1.0,inf,PV,,212.00000001,212.00000001
43780 others,eGon2035,43780,others,315.20500943,0.0,1.0,0.04078652516259929,1.0,False,0.0,0,0,0,1.0,1.0,inf,PV,,315.20500943,315.20500943
43780 solar,eGon2035,43780,solar,1690.0,0.0,1.0,0.050786525162599294,1.0,False,0.0,0,0,0,1.0,1.0,inf,PV,,1690.0,1690.0
43780 wind_offshore,eGon2035,43780,wind_offshore,1809.0,0.0,1.0,2.6007865251625994,1.0,False,0.0,0,0,0,1.0,1.0,inf,PV,,1809.0,1809.0
43780 wind_onshore,eGon2035,43780,wind_onshore,1300.0,0.0,1.0,1.3407865251625994,1.0,False,0.0,0,0,0,1.0,1.0,inf,PV,,1300.0,1300.0
43781 load shedding,,43781,load shedding,380680.96892851504,0.0,1.0,10000.040786525162,1.0,False,0.0,0,0,1,1.0,1.0,0.0,Slack,,380680.96892851504,380680.96892851504
43781 nuclear,eGon2035,43781,nuclear,53597.0,0.5,1.0,5.2407865251626,1.0,True,16.5,6,10,0,0.5,0.5,inf,PV,0.3,53597.0,53597.0
43781 oil,eGon2035,43781,oil,76.0,0.0,1.0,101.8727865251626,1.0,False,0.0,0,0,0,1.0,1.0,inf,PV,,76.0,76.0
43781 others,eGon2035,43781,others,4431.7999767599995,0.0,1.0,0.04078652516259929,1.0,False,0.0,0,0,0,1.0,1.0,inf,PV,,4431.7999767599995,4431.7999767599995
43781 reservoir,eGon2035,43781,reservoir,10094.0,0.0,0.65,0.04078652516259929,1.0,False,0.0,0,0,0,1.0,1.0,inf,PV,,10094.0,10094.0
43781 run_of_river,eGon2035,43781,run_of_river,13638.0,0.0,0.65,0.04078652516259929,1.0,False,0.0,0,0,0,1.0,1.0,inf,PV,,13638.0,13638.0
43781 solar,eGon2035,43781,solar,60622.60725,0.0,1.0,0.050786525162599294,1.0,False,0.0,0,0,0,1.0,1.0,inf,PV,,60622.60725,60622.60725
43781 wind_offshore,eGon2035,43781,wind_offshore,4000.0,0.0,1.0,2.6007865251625994,1.0,False,0.0,0,0,0,1.0,1.0,inf,PV,,4000.0,4000.0
43781 wind_onshore,eGon2035,43781,wind_onshore,67433.11411380001,0.0,1.0,1.3407865251625994,1.0,False,0.0,0,0,0,1.0,1.0,inf,PV,,67433.11411380001,67433.11411380001
43782 lignite,eGon2035,43782,lignite,18.0,0.4,1.0,37.605286525162605,1.0,True,19.14,7,6,0,0.4,0.4,inf,Slack,1.0,18.0,18.0
43782 load shedding,,43782,load shedding,126893.65630950501,0.0,1.0,10000.040786525162,1.0,False,0.0,0,0,1,1.0,1.0,0.0,PQ,,126893.65630950501,126893.65630950501
43782 oil,eGon2035,43782,oil,194.00000001,0.0,1.0,101.8727865251626,1.0,False,0.0,0,0,0,1.0,1.0,inf,PV,,194.00000001,194.00000001
43782 others,eGon2035,43782,others,325.0,0.0,1.0,0.04078652516259929,1.0,False,0.0,0,0,0,1.0,1.0,inf,PV,,325.0,325.0
43782 solar,eGon2035,43782,solar,1237.9538499999999,0.0,1.0,0.050786525162599294,1.0,False,0.0,0,0,0,1.0,1.0,inf,PV,,1237.9538499999999,1237.9538499999999
43782 wind_onshore,eGon2035,43782,wind_onshore,2404.5,0.0,1.0,1.3407865251625994,1.0,False,0.0,0,0,0,1.0,1.0,inf,PV,,2404.5,2404.5
43783 coal,eGon2035,43783,coal,3402.0,0.325,1.0,49.3682865251626,1.0,True,35.64,5,6,0,0.38,0.38,inf,Slack,1.0,3402.0,3402.0
43783 load shedding,,43783,load shedding,126893.65630950501,0.0,1.0,10000.040786525162,1.0,False,0.0,0,0,1,1.0,1.0,0.0,PQ,,126893.65630950501,126893.65630950501
43783 nuclear,eGon2035,43783,nuclear,5111.5,0.5,1.0,5.2407865251626,1.0,True,16.5,6,10,0,0.5,0.5,inf,PV,0.3,5111.5,5111.5
43783 oil,eGon2035,43783,oil,371.00000003,0.0,1.0,101.8727865251626,1.0,False,0.0,0,0,0,1.0,1.0,inf,PV,,371.00000003,371.00000003
43783 others,eGon2035,43783,others,4700.411133,0.0,1.0,0.04078652516259929,1.0,False,0.0,0,0,0,1.0,1.0,inf,PV,,4700.411133,4700.411133
43783 run_of_river,eGon2035,43783,run_of_river,1969.352051,0.0,0.65,0.04078652516259929,1.0,False,0.0,0,0,0,1.0,1.0,inf,PV,,1969.352051,1969.352051
43783 solar,eGon2035,43783,solar,47966.680995,0.0,1.0,0.050786525162599294,1.0,False,0.0,0,0,0,1.0,1.0,inf,PV,,47966.680995,47966.680995
43783 wind_offshore,eGon2035,43783,wind_offshore,19335.15,0.0,1.0,2.6007865251625994,1.0,False,0.0,0,0,0,1.0,1.0,inf,PV,,19335.15,19335.15
43783 wind_onshore,eGon2035,43783,wind_onshore,25168.151905,0.0,1.0,1.3407865251625994,1.0,False,0.0,0,0,0,1.0,1.0,inf,PV,,25168.151905,25168.151905
43784 load shedding,,43784,load shedding,253787.31261901002,0.0,1.0,10000.040786525162,1.0,False,0.0,0,0,1,1.0,1.0,0.0,Slack,,253787.31261901002,253787.31261901002
43785 load shedding,,43785,load shedding,126893.65630950501,0.0,1.0,10000.040786525162,1.0,False,0.0,0,0,1,1.0,1.0,0.0,Slack,,126893.65630950501,126893.65630950501
43785 nuclear,eGon2035,43785,nuclear,243.0,0.5,1.0,5.2407865251626,1.0,True,16.5,6,10,0,0.5,0.5,inf,PV,0.3,243.0,243.0
43785 others,eGon2035,43785,others,4310.0,0.0,1.0,0.04078652516259929,1.0,False,0.0,0,0,0,1.0,1.0,inf,PV,,4310.0,4310.0
43785 run_of_river,eGon2035,43785,run_of_river,46.57143021,0.0,0.65,0.04078652516259929,1.0,False,0.0,0,0,0,1.0,1.0,inf,PV,,46.57143021,46.57143021
43785 solar,eGon2035,43785,solar,20020.0,0.0,1.0,0.050786525162599294,1.0,False,0.0,0,0,0,1.0,1.0,inf,PV,,20020.0,20020.0
43785 wind_offshore,eGon2035,43785,wind_offshore,8360.0,0.0,1.0,2.6007865251625994,1.0,False,0.0,0,0,0,1.0,1.0,inf,PV,,8360.0,8360.0
43785 wind_onshore,eGon2035,43785,wind_onshore,13633.24947,0.0,1.0,1.3407865251625994,1.0,False,0.0,0,0,0,1.0,1.0,inf,PV,,13633.24947,13633.24947
43786 load shedding,,43786,load shedding,126893.65630950501,0.0,1.0,10000.040786525162,1.0,False,0.0,0,0,1,1.0,1.0,0.0,Slack,,126893.65630950501,126893.65630950501
43786 others,eGon2035,43786,others,341.30299759,0.0,0.9999999999999998,0.04078652516259929,0.9999999999999998,False,0.0,0,0,0,1.0,1.0,inf,PV,,341.30299759,341.30299759
43786 reservoir,eGon2035,43786,reservoir,36062.200194,0.0,0.65,0.04078652516259929,1.0,False,0.0,0,0,0,1.0,1.0,inf,PV,,36062.200194,36062.200194
43786 solar,eGon2035,43786,solar,2000.0,0.0,1.0,0.050786525162599294,1.0,False,0.0,0,0,0,1.0,1.0,inf,PV,,2000.0,2000.0
43786 wind_onshore,eGon2035,43786,wind_onshore,9217.9594595,0.0,1.0,1.3407865251625994,1.0,False,0.0,0,0,0,1.0,1.0,inf,PV,,9217.9594595,9217.9594595
43787 coal,eGon2035,43787,coal,8437.217028500001,0.325,1.0,49.3682865251626,1.0,True,35.64,5,6,0,0.38,0.38,inf,Slack,1.0,8437.217028500001,8437.217028500001
43787 lignite,eGon2035,43787,lignite,3505.8599857,0.4,1.0,37.605286525162605,1.0,True,19.14,7,6,0,0.4,0.4,inf,PV,1.0,3505.8599857,3505.8599857
43787 load shedding,,43787,load shedding,380680.96892851504,0.0,1.0,10000.040786525162,1.0,False,0.0,0,0,1,1.0,1.0,0.0,PQ,,380680.96892851504,380680.96892851504
43787 others,eGon2035,43787,others,9161.5,0.0,1.0,0.04078652516259929,1.0,False,0.0,0,0,0,1.0,1.0,inf,PV,,9161.5,9161.5
43787 reservoir,eGon2035,43787,reservoir,362.5,0.0,0.65,0.04078652516259929,1.0,False,0.0,0,0,0,1.0,1.0,inf,PV,,362.5,362.5
43787 run_of_river,eGon2035,43787,run_of_river,536.5,0.0,0.65,0.04078652516259929,1.0,False,0.0,0,0,0,1.0,1.0,inf,PV,,536.5,536.5
43787 solar,eGon2035,43787,solar,22190.819985000002,0.0,1.0,0.050786525162599294,1.0,False,0.0,0,0,0,1.0,1.0,inf,PV,,22190.819985000002,22190.819985000002
43787 wind_offshore,eGon2035,43787,wind_offshore,2400.0,0.0,1.0,2.6007865251625994,1.0,False,0.0,0,0,0,1.0,1.0,inf,PV,,2400.0,2400.0
43787 wind_onshore,eGon2035,43787,wind_onshore,18065.333720000002,0.0,1.0,1.3407865251625994,1.0,False,0.0,0,0,0,1.0,1.0,inf,PV,,18065.333720000002,18065.333720000002
43788 load shedding,,43788,load shedding,126893.65630950501,0.0,1.0,10000.040786525162,1.0,False,0.0,0,0,1,1.0,1.0,0.0,Slack,,126893.65630950501,126893.65630950501
43788 nuclear,eGon2035,43788,nuclear,2925.5,0.5,1.0,5.2407865251626,1.0,True,16.5,6,10,0,0.5,0.5,inf,PV,0.3,2925.5,2925.5
43788 others,eGon2035,43788,others,4185.0,0.0,1.0,0.04078652516259929,1.0,False,0.0,0,0,0,1.0,1.0,inf,PV,,4185.0,4185.0
43788 reservoir,eGon2035,43788,reservoir,16630.0,0.0,0.65,0.04078652516259929,1.0,False,0.0,0,0,0,1.0,1.0,inf,PV,,16630.0,16630.0
43788 solar,eGon2035,43788,solar,7551.0714284999995,0.0,1.0,0.050786525162599294,1.0,False,0.0,0,0,0,1.0,1.0,inf,PV,,7551.0714284999995,7551.0714284999995
43788 wind_offshore,eGon2035,43788,wind_offshore,750.0,0.0,1.0,2.6007865251625994,1.0,False,0.0,0,0,0,1.0,1.0,inf,PV,,750.0,750.0
43788 wind_onshore,eGon2035,43788,wind_onshore,27075.605246500003,0.0,1.0,1.3407865251625994,1.0,False,0.0,0,0,0,1.0,1.0,inf,PV,,27075.605246500003,27075.605246500003
48639 CH4,eGon2035,48639,CH4,1223.8263116666665,0.0,1.0,30.118656629075527,1.0,False,0.0,0,0,0,1.0,1.0,10276424.977699999,Slack,,1223.8263116666665,1223.8263116666665
48639 load shedding,,48639,load shedding,126893.65630950501,0.0,1.0,10000.040786525162,1.0,False,0.0,0,0,1,1.0,1.0,0.0,PQ,,126893.65630950501,126893.65630950501
48640 CH4,eGon2035,48640,CH4,22992.144076458335,0.0,1.0,52.498571951974924,1.0,False,0.0,0,0,0,1.0,1.0,201411182.109775,Slack,,22992.144076458335,22992.144076458335
48640 load shedding,,48640,load shedding,126893.65630950501,0.0,1.0,10000.040786525162,1.0,False,0.0,0,0,1,1.0,1.0,0.0,PQ,,126893.65630950501,126893.65630950501
48641 load shedding,,48641,load shedding,126893.65630950501,0.0,1.0,10000.040786525162,1.0,False,0.0,0,0,1,1.0,1.0,0.0,Slack,,126893.65630950501,126893.65630950501
48642 CH4,eGon2035,48642,CH4,1145.198149375,0.0,1.0,29.81403417183162,1.0,False,0.0,0,0,0,1.0,1.0,10031935.788525,Slack,,1145.198149375,1145.198149375
48642 load shedding,,48642,load shedding,126893.65630950501,0.0,1.0,10000.040786525162,1.0,False,0.0,0,0,1,1.0,1.0,0.0,PQ,,126893.65630950501,126893.65630950501
48643 CH4,eGon2035,48643,CH4,3411.7605122916666,0.0,1.0,36.327956971639956,1.0,False,0.0,0,0,0,1.0,1.0,27624196.192675,Slack,,3411.7605122916666,3411.7605122916666
48643 load shedding,,48643,load shedding,126893.65630950501,0.0,1.0,10000.040786525162,1.0,False,0.0,0,0,1,1.0,1.0,0.0,PQ,,126893.65630950501,126893.65630950501
48644 CH4,eGon2035,48644,CH4,66666.77280984167,0.0,1.0,48.569582939903526,1.0,False,0.0,0,0,0,1.0,1.0,584000929.814213,Slack,,66666.77280984167,66666.77280984167
48644 load shedding,,48644,load shedding,126893.65630950501,0.0,1.0,10000.040786525162,1.0,False,0.0,0,0,1,1.0,1.0,0.0,PQ,,126893.65630950501,126893.65630950501
48645 CH4,eGon2035,48645,CH4,114009.58196449144,0.0,1.0,50.95184372553352,1.0,False,0.0,0,0,0,1.0,1.0,976813718.008945,Slack,,114009.58196449144,114009.58196449144
48645 load shedding,,48645,load shedding,126893.65630950501,0.0,1.0,10000.040786525162,1.0,False,0.0,0,0,1,1.0,1.0,0.0,PQ,,126893.65630950501,126893.65630950501
48646 CH4,eGon2035,48646,CH4,91.826031,0.0,1.0,32.880414965457916,1.0,False,0.0,0,0,0,1.0,1.0,581746.0315599999,Slack,,91.826031,91.826031
48646 load shedding,,48646,load shedding,126893.65630950501,0.0,1.0,10000.040786525162,1.0,False,0.0,0,0,1,1.0,1.0,0.0,PQ,,126893.65630950501,126893.65630950501
48647 CH4,eGon2035,48647,CH4,24654.71423279167,0.0,1.0,48.87481832102042,1.0,False,0.0,0,0,0,1.0,1.0,213747863.19175497,Slack,,24654.71423279167,24654.71423279167
48647 load shedding,,48647,load shedding,126893.65630950501,0.0,1.0,10000.040786525162,1.0,False,0.0,0,0,1,1.0,1.0,0.0,PQ,,126893.65630950501,126893.65630950501
48648 CH4,eGon2035,48648,CH4,20833.333333333332,0.0,1.0,41.0172865251626,1.0,False,0.0,0,0,0,1.0,1.0,182500000.0,Slack,,20833.333333333332,20833.333333333332
48648 load shedding,,48648,load shedding,126893.65630950501,0.0,1.0,10000.040786525162,1.0,False,0.0,0,0,1,1.0,1.0,0.0,PQ,,126893.65630950501,126893.65630950501
48649 CH4,eGon2035,48649,CH4,14680.832195275001,0.0,1.0,43.5474850752224,1.0,False,0.0,0,0,0,1.0,1.0,128604090.03060901,Slack,,14680.832195275001,14680.832195275001
48649 load shedding,,48649,load shedding,126893.65630950501,0.0,1.0,10000.040786525162,1.0,False,0.0,0,0,1,1.0,1.0,0.0,PQ,,126893.65630950501,126893.65630950501
48650 CH4,eGon2035,48650,CH4,6417.153026700132,0.0,1.0,45.55451816863077,1.0,False,0.0,0,0,0,1.0,1.0,56214260.51389316,Slack,,6417.153026700132,6417.153026700132
48650 load shedding,,48650,load shedding,126893.65630950501,0.0,1.0,10000.040786525162,1.0,False,0.0,0,0,1,1.0,1.0,0.0,PQ,,126893.65630950501,126893.65630950501
48652 CH4,eGon2035,48652,CH4,31637.094907407405,0.0,1.0,41.0172865251626,1.0,False,0.0,0,0,0,1.0,1.0,277140951.3888889,Slack,,31637.094907407405,31637.094907407405
48652 load shedding,,48652,load shedding,126893.65630950501,0.0,1.0,10000.040786525162,1.0,False,0.0,0,0,1,1.0,1.0,0.0,PQ,,126893.65630950501,126893.65630950501
48653 load shedding,,48653,load shedding,4314384.314523171,0.0,0.9999999999999999,10000.007903884,0.9999999999999999,False,0.0,0,0,1,1.0,1.0,0.0,Slack,,4314384.314523171,4314384.314523171
48679 load shedding,,48653,load shedding,1776511.1883330701,0.0,1.0,10000.01038299288,1.0,False,0.0,0,0,1,1.0,1.0,0.0,PQ,,1776511.1883330701,1776511.1883330701
48680 load shedding,,48653,load shedding,507574.62523802003,0.0,1.0,10000.006556108217,1.0,False,0.0,0,0,1,1.0,1.0,0.0,PQ,,507574.62523802003,507574.62523802003
48695 load shedding,,48653,load shedding,3679916.0329756453,0.0,1.0,10000.006981597095,1.0,False,0.0,0,0,1,1.0,1.0,0.0,PQ,,3679916.0329756453,3679916.0329756453
48697 load shedding,,48653,load shedding,1142042.9067855452,0.0,1.0,10000.01036483313,1.0,False,0.0,0,0,1,1.0,1.0,0.0,PQ,,1142042.9067855452,1142042.9067855452
48700 load shedding,,48653,load shedding,1776511.1883330701,0.0,1.0,10000.007106714313,1.0,False,0.0,0,0,1,1.0,1.0,0.0,PQ,,1776511.1883330701,1776511.1883330701
48707 load shedding,,48653,load shedding,2410979.4698805953,0.0,1.0,10000.006881845322,1.0,False,0.0,0,0,1,1.0,1.0,0.0,PQ,,2410979.4698805953,2410979.4698805953
48717 load shedding,,48653,load shedding,2410979.4698805953,0.0,1.0,10000.008711708784,1.0,False,0.0,0,0,1,1.0,1.0,0.0,PQ,,2410979.4698805953,2410979.4698805953
48718 load shedding,,48653,load shedding,3172341.4077376253,0.0,1.0,10000.008639487274,1.0,False,0.0,0,0,1,1.0,1.0,0.0,PQ,,3172341.4077376253,3172341.4077376253
48763 load shedding,,48653,load shedding,3172341.4077376253,0.0,1.0,10000.005442603777,1.0,False,0.0,0,0,1,1.0,1.0,0.0,PQ,,3172341.4077376253,3172341.4077376253
48810 load shedding,,48653,load shedding,3299235.0640471303,0.0,1.0,10000.009545084975,1.0,False,0.0,0,0,1,1.0,1.0,0.0,PQ,,3299235.0640471303,3299235.0640471303
5 biomass,eGon2035,4,biomass,14.759185789450237,0.0,1.0,42.10693522685482,1.0,False,0.0,0,0,0,1.0,1.0,inf,PV,,14.759185789450237,14.759185789450237
5 central_biomass_CHP,eGon2035,4,central_biomass_CHP,27.259866186354618,0.0,1.0,42.10776841922555,1.0,False,0.0,0,0,0,1.0,1.0,inf,PV,,27.259866186354618,27.259866186354618
5 industrial_biomass_CHP,eGon2035,4,industrial_biomass_CHP,95.49890847582058,0.0,0.9999999999999999,42.109440595117185,0.9999999999999999,False,0.0,0,0,0,1.0,1.0,inf,PV,,95.49890847582058,95.49890847582058
5 load shedding,,4,load shedding,53422229.30630161,0.0,1.0,10000.00813008837,1.0,False,0.0,0,0,1,1.0,1.0,0.0,PQ,,53422229.30630161,53422229.30630161
5 others,eGon2035,4,others,100.00000000000001,0.0,1.0,0.012838048545908714,1.0,False,0.0,0,0,0,1.0,1.0,inf,PV,,100.00000000000001,100.00000000000001
5 run_of_river,eGon2035,4,run_of_river,282.30782329328616,0.0,0.6500000000000001,0.006749944621916275,1.0000000000000002,False,0.0,0,0,0,1.0,1.0,inf,PV,,282.30782329328616,282.30782329328616
5 solar,eGon2035,4,solar,1819.02234750981,0.0,1.0,0.017540249765785002,1.0,False,0.0,0,0,0,1.0,1.0,inf,PV,,1819.02234750981,1819.02234750981
5 solar_rooftop,eGon2035,4,solar_rooftop,3586.149754802715,0.0,0.9999999999999999,0.01750355695864738,0.9999999999999999,False,0.0,0,0,0,1.0,1.0,inf,PV,,3586.149754802715,3586.149754802715
5 wind_onshore,eGon2035,4,wind_onshore,3774.746194277604,0.0,1.0,1.30865609175755,1.0,False,0.0,0,0,0,1.0,1.0,inf,PV,,3774.746194277604,3774.746194277604
50808 load shedding,,50808,load shedding,126893.65630950501,0.0,1.0,10000.016067035105,1.0,False,0.0,0,0,1,1.0,1.0,0.0,Slack,,126893.65630950501,126893.65630950501
50920 central_biomass_CHP_heat,eGon2035,50920,central_biomass_CHP_heat,1.652,0.0,0.9999999999999999,0.008436614162552144,0.9999999999999999,False,0.0,0,0,0,1.0,1.0,inf,Slack,,1.652,1.652
50920 load shedding,,50920,load shedding,126893.65630950501,0.0,1.0,10000.007046430255,1.0,False,0.0,0,0,1,1.0,1.0,0.0,PQ,,126893.65630950501,126893.65630950501
51841 geo_thermal,eGon2035,51841,geo_thermal,166.19876134912994,0.0,1.0,0.0066540182690378825,1.0,False,0.0,0,0,0,1.0,1.0,inf,Slack,,166.19876134912994,166.19876134912994
51841 load shedding,,51841,load shedding,126893.65630950501,0.0,1.0,10000.023023496327,1.0,False,0.0,0,0,1,1.0,1.0,0.0,PQ,,126893.65630950501,126893.65630950501
52040 load shedding,,52040,load shedding,20810559.634758823,0.0,0.9999999999999998,10000.007626359704,0.9999999999999998,False,0.0,0,0,1,1.0,1.0,0.0,Slack,,20810559.634758823,20810559.634758823
52041 load shedding,,52040,load shedding,63573721.81106201,0.0,0.9999999999999999,10000.007494408303,0.9999999999999999,False,0.0,0,0,1,1.0,1.0,0.0,PQ,,63573721.81106201,63573721.81106201
52042 load shedding,,52040,load shedding,38448777.86178002,0.0,0.9999999999999997,10000.007748548613,0.9999999999999997,False,0.0,0,0,1,1.0,1.0,0.0,PQ,,38448777.86178002,38448777.86178002
52043 load shedding,,52040,load shedding,30327583.857971698,0.0,0.9999999999999997,10000.007716160779,0.9999999999999997,False,0.0,0,0,1,1.0,1.0,0.0,PQ,,30327583.857971698,30327583.857971698
52044 load shedding,,52040,load shedding,36037798.39189942,0.0,0.9999999999999998,10000.007503184479,0.9999999999999998,False,0.0,0,0,1,1.0,1.0,0.0,PQ,,36037798.39189942,36037798.39189942
52052 load shedding,,52040,load shedding,34768861.828804374,0.0,1.0,10000.008068287976,1.0,False,0.0,0,0,1,1.0,1.0,0.0,PQ,,34768861.828804374,34768861.828804374
52053 load shedding,,52040,load shedding,13323833.912498025,0.0,0.9999999999999999,10000.008171863288,0.9999999999999999,False,0.0,0,0,1,1.0,1.0,0.0,PQ,,13323833.912498025,13323833.912498025
52055 load shedding,,52040,load shedding,28170391.70071011,0.0,0.9999999999999998,10000.007411092232,0.9999999999999998,False,0.0,0,0,1,1.0,1.0,0.0,PQ,,28170391.70071011,28170391.70071011
52058 load shedding,,52040,load shedding,46189290.89665982,0.0,0.9999999999999999,10000.008033392196,0.9999999999999999,False,0.0,0,0,1,1.0,1.0,0.0,PQ,,46189290.89665982,46189290.89665982
52059 load shedding,,52040,load shedding,29185540.95118615,0.0,0.9999999999999998,10000.007923402061,0.9999999999999998,False,0.0,0,0,1,1.0,1.0,0.0,PQ,,29185540.95118615,29185540.95118615
52061 load shedding,,52040,load shedding,22079496.19785387,0.0,0.9999999999999997,10000.008613135127,0.9999999999999997,False,0.0,0,0,1,1.0,1.0,0.0,PQ,,22079496.19785387,22079496.19785387
52064 load shedding,,52040,load shedding,18653367.477497235,0.0,0.9999999999999997,10000.007944530185,0.9999999999999997,False,0.0,0,0,1,1.0,1.0,0.0,PQ,,18653367.477497235,18653367.477497235
52069 load shedding,,52040,load shedding,49361632.30439745,0.0,0.9999999999999999,10000.007508461744,0.9999999999999999,False,0.0,0,0,1,1.0,1.0,0.0,PQ,,49361632.30439745,49361632.30439745
52074 load shedding,,52040,load shedding,26013199.543448526,0.0,0.9999999999999998,10000.007744643597,0.9999999999999998,False,0.0,0,0,1,1.0,1.0,0.0,PQ,,26013199.543448526,26013199.543448526
52084 load shedding,,52040,load shedding,9263236.910593865,0.0,0.9999999999999998,10000.008640234255,0.9999999999999998,False,0.0,0,0,1,1.0,1.0,0.0,PQ,,9263236.910593865,9263236.910593865
52086 load shedding,,52040,load shedding,21825708.885234863,0.0,0.9999999999999999,10000.00783141903,0.9999999999999999,False,0.0,0,0,1,1.0,1.0,0.0,PQ,,21825708.885234863,21825708.885234863
6 biomass,eGon2035,4,biomass,42.08440336439642,0.0,1.0,42.10884536686919,1.0,False,0.0,0,0,0,1.0,1.0,inf,PV,,42.08440336439642,42.08440336439642
6 central_biomass_CHP,eGon2035,4,central_biomass_CHP,58.99401631659276,0.0,1.0,42.108833346583495,1.0,False,0.0,0,0,0,1.0,1.0,inf,PV,,58.99401631659276,58.99401631659276
6 industrial_biomass_CHP,eGon2035,4,industrial_biomass_CHP,405.46456589956756,0.0,0.9999999999999998,42.108244459590665,0.9999999999999998,False,0.0,0,0,0,1.0,1.0,inf,PV,,405.46456589956756,405.46456589956756
6 load shedding,,4,load shedding,42382481.20737467,0.0,0.9999999999999999,10000.008345353734,0.9999999999999999,False,0.0,0,0,1,1.0,1.0,0.0,PQ,,42382481.20737467,42382481.20737467
6 solar,eGon2035,4,solar,2661.070156118087,0.0,1.0,0.017522550408349463,1.0,False,0.0,0,0,0,1.0,1.0,inf,PV,,2661.070156118087,2661.070156118087
6 solar_rooftop,eGon2035,4,solar_rooftop,2144.8358902358386,0.0,1.0,0.017037017223026047,1.0,False,0.0,0,0,0,1.0,1.0,inf,PV,,2144.8358902358386,2144.8358902358386
6 wind_offshore,eGon2035,4,wind_offshore,636.0,0.0,1.0,2.574159678018927,1.0,False,0.0,0,0,0,1.0,1.0,inf,PV,,636.0,636.0
6 wind_onshore,eGon2035,4,wind_onshore,7314.889839945047,0.0,0.9999999999999999,1.3086860350922171,0.9999999999999999,False,0.0,0,0,0,1.0,1.0,inf,PV,,7314.889839945047,7314.889839945047
64835 load shedding,,64835,load shedding,126893.65630950501,0.0,1.0,10000.001518994495,1.0,False,0.0,0,0,1,1.0,1.0,0.0,Slack,,126893.65630950501,126893.65630950501
64947 load shedding,,64947,load shedding,126893.65630950501,0.0,1.0,10000.019851796622,1.0,False,0.0,0,0,1,1.0,1.0,0.0,Slack,,126893.65630950501,126893.65630950501
65868 load shedding,,65868,load shedding,126893.65630950501,0.0,1.0,10000.003979257548,1.0,False,0.0,0,0,1,1.0,1.0,0.0,Slack,,126893.65630950501,126893.65630950501
66067 load shedding,,66067,load shedding,20810559.634758823,0.0,0.9999999999999998,10000.007916052356,0.9999999999999998,False,0.0,0,0,1,1.0,1.0,0.0,Slack,,20810559.634758823,20810559.634758823
66068 load shedding,,66067,load shedding,63573721.81106201,0.0,0.9999999999999999,10000.008287410994,0.9999999999999999,False,0.0,0,0,1,1.0,1.0,0.0,PQ,,63573721.81106201,63573721.81106201
66069 load shedding,,66067,load shedding,38448777.86178002,0.0,0.9999999999999997,10000.007460945904,0.9999999999999997,False,0.0,0,0,1,1.0,1.0,0.0,PQ,,38448777.86178002,38448777.86178002
66070 load shedding,,66067,load shedding,30327583.857971698,0.0,0.9999999999999997,10000.008155529287,0.9999999999999997,False,0.0,0,0,1,1.0,1.0,0.0,PQ,,30327583.857971698,30327583.857971698
66071 load shedding,,66067,load shedding,36037798.39189942,0.0,0.9999999999999998,10000.008462597889,0.9999999999999998,False,0.0,0,0,1,1.0,1.0,0.0,PQ,,36037798.39189942,36037798.39189942
66079 load shedding,,66067,load shedding,34768861.828804374,0.0,1.0,10000.008504545009,1.0,False,0.0,0,0,1,1.0,1.0,0.0,PQ,,34768861.828804374,34768861.828804374
66080 load shedding,,66067,load shedding,13323833.912498025,0.0,0.9999999999999999,10000.008211212553,0.9999999999999999,False,0.0,0,0,1,1.0,1.0,0.0,PQ,,13323833.912498025,13323833.912498025
66082 load shedding,,66067,load shedding,28170391.70071011,0.0,0.9999999999999998,10000.007802185859,0.9999999999999998,False,0.0,0,0,1,1.0,1.0,0.0,PQ,,28170391.70071011,28170391.70071011
66085 load shedding,,66067,load shedding,46189290.89665982,0.0,0.9999999999999999,10000.008008959956,0.9999999999999999,False,0.0,0,0,1,1.0,1.0,0.0,PQ,,46189290.89665982,46189290.89665982
66086 load shedding,,66067,load shedding,29185540.95118615,0.0,0.9999999999999998,10000.008063654172,0.9999999999999998,False,0.0,0,0,1,1.0,1.0,0.0,PQ,,29185540.95118615,29185540.95118615
66088 load shedding,,66067,load shedding,22079496.19785387,0.0,0.9999999999999997,10000.007793522016,0.9999999999999997,False,0.0,0,0,1,1.0,1.0,0.0,PQ,,22079496.19785387,22079496.19785387
66091 load shedding,,66067,load shedding,18653367.477497235,0.0,0.9999999999999997,10000.008100881434,0.9999999999999997,False,0.0,0,0,1,1.0,1.0,0.0,PQ,,18653367.477497235,18653367.477497235
66096 load shedding,,66067,load shedding,49361632.30439745,0.0,0.9999999999999999,10000.00814910293,0.9999999999999999,False,0.0,0,0,1,1.0,1.0,0.0,PQ,,49361632.30439745,49361632.30439745
66101 load shedding,,66067,load shedding,26013199.543448526,0.0,0.9999999999999998,10000.00790591356,0.9999999999999998,False,0.0,0,0,1,1.0,1.0,0.0,PQ,,26013199.543448526,26013199.543448526
66111 load shedding,,66067,load shedding,9263236.910593865,0.0,0.9999999999999998,10000.00749568741,0.9999999999999998,False,0.0,0,0,1,1.0,1.0,0.0,PQ,,9263236.910593865,9263236.910593865
66113 load shedding,,66067,load shedding,21825708.885234863,0.0,0.9999999999999999,10000.007205154136,0.9999999999999999,False,0.0,0,0,1,1.0,1.0,0.0,PQ,,21825708.885234863,21825708.885234863
69914 load shedding,,69914,load shedding,29185540.95118615,0.0,0.9999999999999998,10000.008263816448,0.9999999999999998,False,0.0,0,0,1,1.0,1.0,0.0,Slack,,29185540.95118615,29185540.95118615
69915 load shedding,,69914,load shedding,45935503.58404081,0.0,0.9999999999999998,10000.007873812012,0.9999999999999998,False,0.0,0,0,1,1.0,1.0,0.0,PQ,,45935503.58404081,45935503.58404081
69920 load shedding,,69914,load shedding,34641968.172494866,0.0,0.9999999999999998,10000.00813631625,0.9999999999999998,False,0.0,0,0,1,1.0,1.0,0.0,PQ,,34641968.172494866,34641968.172494866
69924 load shedding,,69914,load shedding,29946902.889043182,0.0,0.9999999999999998,10000.007950653711,0.9999999999999998,False,0.0,0,0,1,1.0,1.0,0.0,PQ,,29946902.889043182,29946902.889043182
69925 load shedding,,69914,load shedding,63446828.1547525,0.0,1.0,10000.008277520892,1.0,False,0.0,0,0,1,1.0,1.0,0.0,PQ,,63446828.1547525,63446828.1547525
69929 load shedding,,69914,load shedding,38194990.54916101,0.0,0.9999999999999998,10000.00858850159,0.9999999999999998,False,0.0,0,0,1,1.0,1.0,0.0,PQ,,38194990.54916101,38194990.54916101
69931 load shedding,,69914,load shedding,49107844.99177844,0.0,0.9999999999999999,10000.007863278577,0.9999999999999999,False,0.0,0,0,1,1.0,1.0,0.0,PQ,,49107844.99177844,49107844.99177844
69958 load shedding,,69914,load shedding,36037798.39189942,0.0,0.9999999999999998,10000.00834402849,0.9999999999999998,False,0.0,0,0,1,1.0,1.0,0.0,PQ,,36037798.39189942,36037798.39189942
7 biomass,eGon2035,4,biomass,68.76598705448791,0.0,1.0,42.10812312602179,1.0,False,0.0,0,0,0,1.0,1.0,inf,PV,,68.76598705448791,68.76598705448791
7 central_biomass_CHP,eGon2035,4,central_biomass_CHP,73.43725292643371,0.0,1.0,42.108116208166514,1.0,False,0.0,0,0,0,1.0,1.0,inf,PV,,73.43725292643371,73.43725292643371
7 industrial_biomass_CHP,eGon2035,4,industrial_biomass_CHP,960.8462072028848,0.0,0.9999999999999999,42.108216438237,0.9999999999999999,False,0.0,0,0,0,1.0,1.0,inf,PV,,960.8462072028848,960.8462072028848
7 load shedding,,4,load shedding,81592621.00701173,0.0,0.9999999999999997,10000.008403650623,0.9999999999999997,False,0.0,0,0,1,1.0,1.0,0.0,PQ,,81592621.00701173,81592621.00701173
7 others,eGon2035,4,others,71.76609549927517,0.0,1.0,0.007545460210263393,1.0,False,0.0,0,0,0,1.0,1.0,inf,PV,,71.76609549927517,71.76609549927517
7 reservoir,eGon2035,4,reservoir,191.5590395171949,0.0,0.6500000000000001,0.007984659897501533,1.0,False,0.0,0,0,0,1.0,1.0,inf,PV,,191.5590395171949,191.5590395171949
7 run_of_river,eGon2035,4,run_of_river,1890.1184122073557,0.0,0.6500000000000001,0.007921045584498203,1.0000000000000002,False,0.0,0,0,0,1.0,1.0,inf,PV,,1890.1184122073557,1890.1184122073557
7 solar,eGon2035,4,solar,5698.745173426076,0.0,1.0,0.017446399214456104,1.0,False,0.0,0,0,0,1.0,1.0,inf,PV,,5698.745173426076,5698.745173426076
7 solar_rooftop,eGon2035,4,solar_rooftop,8990.621565409583,0.0,1.0,0.017734575748946532,1.0,False,0.0,0,0,0,1.0,1.0,inf,PV,,8990.621565409583,8990.621565409583
7 wind_onshore,eGon2035,4,wind_onshore,1139.3557108548728,0.0,0.9999999999999999,1.3077587178834882,0.9999999999999999,False,0.0,0,0,0,1.0,1.0,inf,PV,,1139.3557108548728,1139.3557108548728
70054 load shedding,,69914,load shedding,21698815.228925355,0.0,0.9999999999999998,10000.008479143693,0.9999999999999998,False,0.0,0,0,1,1.0,1.0,0.0,PQ,,21698815.228925355,21698815.228925355
70058 load shedding,,69914,load shedding,28170391.70071011,0.0,0.9999999999999998,10000.008067731496,0.9999999999999998,False,0.0,0,0,1,1.0,1.0,0.0,PQ,,28170391.70071011,28170391.70071011
70154 load shedding,,69914,load shedding,13196940.256188521,0.0,1.0,10000.00873397808,1.0,False,0.0,0,0,1,1.0,1.0,0.0,PQ,,13196940.256188521,13196940.256188521
70292 load shedding,,69914,load shedding,25886305.887139022,0.0,0.9999999999999998,10000.007585090052,0.9999999999999998,False,0.0,0,0,1,1.0,1.0,0.0,PQ,,25886305.887139022,25886305.887139022
70304 load shedding,,69914,load shedding,21952602.541544367,0.0,0.9999999999999998,10000.007440707668,0.9999999999999998,False,0.0,0,0,1,1.0,1.0,0.0,PQ,,21952602.541544367,21952602.541544367
70310 load shedding,,69914,load shedding,9136343.254284361,0.0,1.0,10000.008347716452,1.0,False,0.0,0,0,1,1.0,1.0,0.0,PQ,,9136343.254284361,9136343.254284361
70512 load shedding,,69914,load shedding,20810559.634758823,0.0,0.9999999999999998,10000.007775837015,0.9999999999999998,False,0.0,0,0,1,1.0,1.0,0.0,PQ,,20810559.634758823,20810559.634758823
70797 load shedding,,69914,load shedding,18653367.477497235,0.0,0.9999999999999997,10000.008416103823,0.9999999999999997,False,0.0,0,0,1,1.0,1.0,0.0,PQ,,18653367.477497235,18653367.477497235
70798 CH4_NG,eGon2035,70798,CH4_NG,4184013.089589359,0.0,0.9999999999999999,40.98579021289704,0.9999999999999999,False,0.0,0,0,0,1.0,1.0,inf,Slack,,4184013.089589359,4184013.089589359
70798 CH4_biogas,eGon2035,70798,CH4_biogas,1673.76567,0.0,1.0,25.607335456821048,1.0,False,0.0,0,0,0,1.0,1.0,inf,PQ,,1673.76567,1673.76567
70798 load shedding,,70798,load shedding,78547173.25558361,0.0,0.9999999999999998,10000.008132317078,0.9999999999999998,False,0.0,0,0,1,1.0,1.0,0.0,PQ,,78547173.25558361,78547173.25558361
70812 load shedding,,70812,load shedding,78547173.25558361,0.0,0.9999999999999998,10000.008124253181,0.9999999999999998,False,0.0,0,0,1,1.0,1.0,0.0,Slack,,78547173.25558361,78547173.25558361
70813 central_biomass_CHP_heat,eGon2035,70813,central_biomass_CHP_heat,121.77139999999999,0.0,1.0,0.008413655201787322,1.0,False,0.0,0,0,0,1.0,1.0,inf,Slack,,121.77139999999999,121.77139999999999
70813 load shedding,,70813,load shedding,19541623.071663775,0.0,0.9999999999999998,10000.008710799302,0.9999999999999998,False,0.0,0,0,1,1.0,1.0,0.0,PQ,,19541623.071663775,19541623.071663775
70813 solar_thermal_collector,eGon2035,70813,solar_thermal_collector,459.1270224883328,0.0,1.0,0.00791645956691552,1.0,False,0.0,0,0,0,1.0,1.0,inf,PQ,,459.1270224883328,459.1270224883328
70814 central_biomass_CHP_heat,eGon2035,70814,central_biomass_CHP_heat,105.39699999999999,0.0,1.0,0.0069134212201401495,1.0,False,0.0,0,0,0,1.0,1.0,inf,Slack,,105.39699999999999,105.39699999999999
70814 load shedding,,70814,load shedding,28551072.669638626,0.0,1.0,10000.00728640415,1.0,False,0.0,0,0,1,1.0,1.0,0.0,PQ,,28551072.669638626,28551072.669638626
70814 solar_thermal_collector,eGon2035,70814,solar_thermal_collector,661.0730088467935,0.0,1.0,0.008252715959865093,1.0,False,0.0,0,0,0,1.0,1.0,inf,PQ,,661.0730088467935,661.0730088467935
70815 central_biomass_CHP_heat,eGon2035,70815,central_biomass_CHP_heat,1214.92272,0.0,1.0,0.009033764164857554,1.0,False,0.0,0,0,0,1.0,1.0,inf,Slack,,1214.92272,1214.92272
70815 geo_thermal,eGon2035,70815,geo_thermal,10.40557789431575,0.0,1.0,0.008749490384472168,1.0,False,0.0,0,0,0,1.0,1.0,inf,PQ,,10.40557789431575,10.40557789431575
70815 load shedding,,70815,load shedding,38321884.20547052,0.0,0.9999999999999999,10000.007860475334,0.9999999999999999,False,0.0,0,0,1,1.0,1.0,0.0,PQ,,38321884.20547052,38321884.20547052
70815 solar_thermal_collector,eGon2035,70815,solar_thermal_collector,635.1268506418185,0.0,0.9999999999999999,0.008112310032709291,0.9999999999999999,False,0.0,0,0,0,1.0,1.0,inf,PQ,,635.1268506418185,635.1268506418185
70816 central_biomass_CHP_heat,eGon2035,70816,central_biomass_CHP_heat,2.413,0.0,0.9999999999999998,0.007384700372293578,0.9999999999999998,False,0.0,0,0,0,1.0,1.0,inf,Slack,,2.413,2.413
70816 geo_thermal,eGon2035,70816,geo_thermal,221.95233519814212,0.0,1.0,0.02241196821909506,1.0,False,0.0,0,0,0,1.0,1.0,inf,PQ,,221.95233519814212,221.95233519814212
70816 load shedding,,70816,load shedding,253787.31261901002,0.0,1.0,10000.008371931803,1.0,False,0.0,0,0,1,1.0,1.0,0.0,PQ,,253787.31261901002,253787.31261901002
70816 solar_thermal_collector,eGon2035,70816,solar_thermal_collector,1.4740919488621584,0.0,1.0,0.016273857987903803,1.0,False,0.0,0,0,0,1.0,1.0,inf,PQ,,1.4740919488621584,1.4740919488621584
70817 central_biomass_CHP_heat,eGon2035,70817,central_biomass_CHP_heat,156.97619999999998,0.0,1.0,0.00801728236626407,1.0,False,0.0,0,0,0,1.0,1.0,inf,Slack,,156.97619999999998,156.97619999999998
70817 geo_thermal,eGon2035,70817,geo_thermal,381.7720362284377,0.0,1.0,0.007555468356436753,1.0,False,0.0,0,0,0,1.0,1.0,inf,PQ,,381.7720362284377,381.7720362284377
70817 load shedding,,70817,load shedding,40225289.0501131,0.0,0.9999999999999998,10000.00793569878,0.9999999999999998,False,0.0,0,0,1,1.0,1.0,0.0,PQ,,40225289.0501131,40225289.0501131
70817 solar_thermal_collector,eGon2035,70817,solar_thermal_collector,978.5101976612168,0.0,1.0,0.0075693845837797764,1.0,False,0.0,0,0,0,1.0,1.0,inf,PQ,,978.5101976612168,978.5101976612168
70818 central_biomass_CHP_heat,eGon2035,70818,central_biomass_CHP_heat,80.19300000000001,0.0,0.9999999999999999,0.008889652018194262,0.9999999999999999,False,0.0,0,0,0,1.0,1.0,inf,Slack,,80.19300000000001,80.19300000000001
70818 load shedding,,70818,load shedding,16369281.663926147,0.0,1.0,10000.007547322733,1.0,False,0.0,0,0,1,1.0,1.0,0.0,PQ,,16369281.663926147,16369281.663926147
70818 solar_thermal_collector,eGon2035,70818,solar_thermal_collector,468.7457023134581,0.0,1.0,0.009063377483364348,1.0,False,0.0,0,0,0,1.0,1.0,inf,PQ,,468.7457023134581,468.7457023134581
70819 central_biomass_CHP_heat,eGon2035,70819,central_biomass_CHP_heat,51.653,0.0,1.0,0.006262265171390256,1.0,False,0.0,0,0,0,1.0,1.0,inf,Slack,,51.653,51.653
70819 load shedding,,70819,load shedding,17511324.570711695,0.0,0.9999999999999998,10000.00675311742,0.9999999999999998,False,0.0,0,0,1,1.0,1.0,0.0,PQ,,17511324.570711695,17511324.570711695
70819 solar_thermal_collector,eGon2035,70819,solar_thermal_collector,351.97458718117105,0.0,0.9999999999999999,0.008412893584937563,0.9999999999999999,False,0.0,0,0,0,1.0,1.0,inf,PQ,,351.97458718117105,351.97458718117105
70820 central_biomass_CHP_heat,eGon2035,70820,central_biomass_CHP_heat,72.90299999999999,0.0,1.0,0.007805311959014685,1.0,False,0.0,0,0,0,1.0,1.0,inf,Slack,,72.90299999999999,72.90299999999999
70820 load shedding,,70820,load shedding,20810559.634758826,0.0,0.9999999999999998,10000.008483055613,0.9999999999999998,False,0.0,0,0,1,1.0,1.0,0.0,PQ,,20810559.634758826,20810559.634758826
70820 solar_thermal_collector,eGon2035,70820,solar_thermal_collector,558.4519404404125,0.0,0.9999999999999998,0.008915209720753528,0.9999999999999998,False,0.0,0,0,0,1.0,1.0,inf,PQ,,558.4519404404125,558.4519404404125
70821 central_biomass_CHP_heat,eGon2035,70821,central_biomass_CHP_heat,266.9255,0.0,1.0,0.007523938063273806,1.0,False,0.0,0,0,0,1.0,1.0,inf,Slack,,266.9255,266.9255
70821 load shedding,,70821,load shedding,40479076.36273211,0.0,0.9999999999999997,10000.007649418618,0.9999999999999997,False,0.0,0,0,1,1.0,1.0,0.0,PQ,,40479076.36273211,40479076.36273211
70821 solar_thermal_collector,eGon2035,70821,solar_thermal_collector,815.5789486581377,0.0,0.9999999999999999,0.007584321590236311,0.9999999999999999,False,0.0,0,0,0,1.0,1.0,inf,PQ,,815.5789486581377,815.5789486581377
70822 central_biomass_CHP_heat,eGon2035,70822,central_biomass_CHP_heat,576.2239000000001,0.0,1.0,0.007829236544758162,1.0,False,0.0,0,0,0,1.0,1.0,inf,Slack,,576.2239000000001,576.2239000000001
70822 load shedding,,70822,load shedding,29058647.29487665,0.0,1.0,10000.007908848494,1.0,False,0.0,0,0,1,1.0,1.0,0.0,PQ,,29058647.29487665,29058647.29487665
70822 solar_thermal_collector,eGon2035,70822,solar_thermal_collector,162.12185601219724,0.0,1.0,0.008173443600495718,1.0,False,0.0,0,0,0,1.0,1.0,inf,PQ,,162.12185601219724,162.12185601219724
70824 central_biomass_CHP_heat,eGon2035,70824,central_biomass_CHP_heat,422.2585000000001,0.0,0.9999999999999998,0.007484981512214223,0.9999999999999998,False,0.0,0,0,0,1.0,1.0,inf,Slack,,422.2585000000001,422.2585000000001
70824 geo_thermal,eGon2035,70824,geo_thermal,5.469209706605611,0.0,1.0,0.007467909647322016,1.0,False,0.0,0,0,0,1.0,1.0,inf,PQ,,5.469209706605611,5.469209706605611
70824 load shedding,,70824,load shedding,19034048.44642576,0.0,0.9999999999999997,10000.008485445001,0.9999999999999997,False,0.0,0,0,1,1.0,1.0,0.0,PQ,,19034048.44642576,19034048.44642576
70824 solar_thermal_collector,eGon2035,70824,solar_thermal_collector,601.0494586532864,0.0,1.0000000000000002,0.007196131571710444,1.0000000000000002,False,0.0,0,0,0,1.0,1.0,inf,PQ,,601.0494586532864,601.0494586532864
70826 central_biomass_CHP_heat,eGon2035,70826,central_biomass_CHP_heat,91.23,0.0,0.9999999999999999,0.007879508552295193,0.9999999999999999,False,0.0,0,0,0,1.0,1.0,inf,Slack,,91.23,91.23
70826 geo_thermal,eGon2035,70826,geo_thermal,20.005307566237967,0.0,1.0,0.013416971720367201,1.0,False,0.0,0,0,0,1.0,1.0,inf,PQ,,20.005307566237967,20.005307566237967
70826 load shedding,,70826,load shedding,17511324.570711695,0.0,0.9999999999999998,10000.007609116528,0.9999999999999998,False,0.0,0,0,1,1.0,1.0,0.0,PQ,,17511324.570711695,17511324.570711695
70826 solar_thermal_collector,eGon2035,70826,solar_thermal_collector,307.5566877586953,0.0,0.9999999999999999,0.007727067154665753,0.9999999999999999,False,0.0,0,0,0,1.0,1.0,inf,PQ,,307.5566877586953,307.5566877586953
70827 load shedding,,70827,load shedding,253787.31261901002,0.0,1.0,10000.005198871368,1.0,False,0.0,0,0,1,1.0,1.0,0.0,Slack,,253787.31261901002,253787.31261901002
70828 central_biomass_CHP_heat,eGon2035,70828,central_biomass_CHP_heat,4425.664,0.0,0.9999999999999999,0.00831388296898709,0.9999999999999999,False,0.0,0,0,0,1.0,1.0,inf,Slack,,4425.664,4425.664
70828 load shedding,,70828,load shedding,10024598.848450903,0.0,0.9999999999999993,10000.006526468242,0.9999999999999993,False,0.0,0,0,1,1.0,1.0,0.0,PQ,,10024598.848450903,10024598.848450903
70828 solar_thermal_collector,eGon2035,70828,solar_thermal_collector,123.8284352440683,0.0,1.0,0.007538053935999886,1.0,False,0.0,0,0,0,1.0,1.0,inf,PQ,,123.8284352440683,123.8284352440683
70829 central_biomass_CHP_heat,eGon2035,70829,central_biomass_CHP_heat,66.24789999999999,0.0,1.0000000000000002,0.008729929232002541,1.0000000000000002,False,0.0,0,0,0,1.0,1.0,inf,Slack,,66.24789999999999,66.24789999999999
70829 load shedding,,70829,load shedding,8121194.0038083205,0.0,1.0,10000.007180234083,1.0,False,0.0,0,0,1,1.0,1.0,0.0,PQ,,8121194.0038083205,8121194.0038083205
70829 solar_thermal_collector,eGon2035,70829,solar_thermal_collector,192.58290617428867,0.0,0.9999999999999999,0.0076156380833355955,0.9999999999999999,False,0.0,0,0,0,1.0,1.0,inf,PQ,,192.58290617428867,192.58290617428867
70830 central_biomass_CHP_heat,eGon2035,70830,central_biomass_CHP_heat,1.753,0.0,1.0,0.006938218156318472,1.0,False,0.0,0,0,0,1.0,1.0,inf,Slack,,1.753,1.753
70830 load shedding,,70830,load shedding,1649617.5320235651,0.0,1.0,10000.009817199789,1.0,False,0.0,0,0,1,1.0,1.0,0.0,PQ,,1649617.5320235651,1649617.5320235651
70830 solar_thermal_collector,eGon2035,70830,solar_thermal_collector,53.870888876059574,0.0,1.0,0.009438982074477761,1.0,False,0.0,0,0,0,1.0,1.0,inf,PQ,,53.870888876059574,53.870888876059574
70831 central_biomass_CHP_heat,eGon2035,70831,central_biomass_CHP_heat,50.935,0.0,1.0,0.007668956074154805,1.0,False,0.0,0,0,0,1.0,1.0,inf,Slack,,50.935,50.935
70831 geo_thermal,eGon2035,70831,geo_thermal,10.54251720461841,0.0,1.0,0.020760658587686907,1.0,False,0.0,0,0,0,1.0,1.0,inf,PQ,,10.54251720461841,10.54251720461841
70831 load shedding,,70831,load shedding,4568171.627142181,0.0,1.0,10000.008313663566,1.0,False,0.0,0,0,1,1.0,1.0,0.0,PQ,,4568171.627142181,4568171.627142181
70831 solar_thermal_collector,eGon2035,70831,solar_thermal_collector,179.34219039501545,0.0,1.0,0.009492737132666861,1.0,False,0.0,0,0,0,1.0,1.0,inf,PQ,,179.34219039501545,179.34219039501545
70832 central_biomass_CHP_heat,eGon2035,70832,central_biomass_CHP_heat,113.99549999999999,0.0,1.0,0.00765267716644652,1.0,False,0.0,0,0,0,1.0,1.0,inf,Slack,,113.99549999999999,113.99549999999999
70832 geo_thermal,eGon2035,70832,geo_thermal,317.78758818584595,0.0,1.0,0.009145276567491756,1.0,False,0.0,0,0,0,1.0,1.0,inf,PQ,,317.78758818584595,317.78758818584595
70832 load shedding,,70832,load shedding,10912854.442617437,0.0,0.9999999999999993,10000.007549935806,0.9999999999999993,False,0.0,0,0,1,1.0,1.0,0.0,PQ,,10912854.442617437,10912854.442617437
70832 solar_thermal_collector,eGon2035,70832,solar_thermal_collector,277.0467651677241,0.0,1.0,0.007585854456831048,1.0,False,0.0,0,0,0,1.0,1.0,inf,PQ,,277.0467651677241,277.0467651677241
70833 load shedding,,70833,load shedding,19541623.071663775,0.0,0.9999999999999998,10000.008404248825,0.9999999999999998,False,0.0,0,0,1,1.0,1.0,0.0,Slack,,19541623.071663775,19541623.071663775
70834 load shedding,,70834,load shedding,28551072.669638626,0.0,1.0,10000.008512198718,1.0,False,0.0,0,0,1,1.0,1.0,0.0,Slack,,28551072.669638626,28551072.669638626
70835 load shedding,,70835,load shedding,38321884.20547052,0.0,0.9999999999999999,10000.007842000632,0.9999999999999999,False,0.0,0,0,1,1.0,1.0,0.0,Slack,,38321884.20547052,38321884.20547052
70836 load shedding,,70836,load shedding,253787.31261901002,0.0,1.0,10000.009719938522,1.0,False,0.0,0,0,1,1.0,1.0,0.0,Slack,,253787.31261901002,253787.31261901002
70837 load shedding,,70837,load shedding,40225289.0501131,0.0,0.9999999999999998,10000.007836994448,0.9999999999999998,False,0.0,0,0,1,1.0,1.0,0.0,Slack,,40225289.0501131,40225289.0501131
70838 load shedding,,70838,load shedding,16369281.663926147,0.0,1.0,10000.008431800283,1.0,False,0.0,0,0,1,1.0,1.0,0.0,Slack,,16369281.663926147,16369281.663926147
70839 load shedding,,70839,load shedding,17511324.570711695,0.0,0.9999999999999998,10000.009119220484,0.9999999999999998,False,0.0,0,0,1,1.0,1.0,0.0,Slack,,17511324.570711695,17511324.570711695
70840 load shedding,,70840,load shedding,20810559.634758826,0.0,0.9999999999999998,10000.007270883987,0.9999999999999998,False,0.0,0,0,1,1.0,1.0,0.0,Slack,,20810559.634758826,20810559.634758826
70841 load shedding,,70841,load shedding,40479076.36273211,0.0,0.9999999999999997,10000.007429551835,0.9999999999999997,False,0.0,0,0,1,1.0,1.0,0.0,Slack,,40479076.36273211,40479076.36273211
70842 load shedding,,70842,load shedding,29058647.29487665,0.0,1.0,10000.007463001813,1.0,False,0.0,0,0,1,1.0,1.0,0.0,Slack,,29058647.29487665,29058647.29487665
70843 load shedding,,70843,load shedding,19034048.44642576,0.0,0.9999999999999997,10000.007770202863,0.9999999999999997,False,0.0,0,0,1,1.0,1.0,0.0,Slack,,19034048.44642576,19034048.44642576
70844 load shedding,,70844,load shedding,17511324.570711695,0.0,0.9999999999999998,10000.00827776757,0.9999999999999998,False,0.0,0,0,1,1.0,1.0,0.0,Slack,,17511324.570711695,17511324.570711695
70845 load shedding,,70845,load shedding,253787.31261901002,0.0,1.0,10000.005499022882,1.0,False,0.0,0,0,1,1.0,1.0,0.0,Slack,,253787.31261901002,253787.31261901002
70846 load shedding,,70846,load shedding,10024598.848450903,0.0,0.9999999999999993,10000.007542982608,0.9999999999999993,False,0.0,0,0,1,1.0,1.0,0.0,Slack,,10024598.848450903,10024598.848450903
70847 load shedding,,70847,load shedding,8121194.0038083205,0.0,1.0,10000.007815855992,1.0,False,0.0,0,0,1,1.0,1.0,0.0,Slack,,8121194.0038083205,8121194.0038083205
70848 load shedding,,70848,load shedding,1649617.5320235651,0.0,1.0,10000.00502890439,1.0,False,0.0,0,0,1,1.0,1.0,0.0,Slack,,1649617.5320235651,1649617.5320235651
70849 load shedding,,70849,load shedding,4568171.627142181,0.0,1.0,10000.006509158915,1.0,False,0.0,0,0,1,1.0,1.0,0.0,Slack,,4568171.627142181,4568171.627142181
70850 load shedding,,70850,load shedding,10912854.442617437,0.0,0.9999999999999993,10000.009426835388,0.9999999999999993,False,0.0,0,0,1,1.0,1.0,0.0,Slack,,10912854.442617437,10912854.442617437
8 biomass,eGon2035,4,biomass,40.61700909890941,0.0,1.0000000000000002,42.10749880771058,1.0000000000000002,False,0.0,0,0,0,1.0,1.0,inf,PV,,40.61700909890941,40.61700909890941
8 central_biomass_CHP,eGon2035,4,central_biomass_CHP,19.356129839558115,0.0,1.0,42.10892880383034,1.0,False,0.0,0,0,0,1.0,1.0,inf,PV,,19.356129839558115,19.356129839558115
8 industrial_biomass_CHP,eGon2035,4,industrial_biomass_CHP,462.14245797316636,0.0,0.9999999999999999,42.10802820696743,0.9999999999999999,False,0.0,0,0,0,1.0,1.0,inf,PV,,462.14245797316636,462.14245797316636
8 load shedding,,4,load shedding,47077546.49082636,0.0,0.9999999999999998,10000.007679641925,0.9999999999999998,False,0.0,0,0,1,1.0,1.0,0.0,PQ,,47077546.49082636,47077546.49082636
8 run_of_river,eGon2035,4,run_of_river,30.407058016604026,0.0,0.65,0.008782031200664156,1.0,False,0.0,0,0,0,1.0,1.0,inf,PV,,30.407058016604026,30.407058016604026
8 solar,eGon2035,4,solar,622.783354303955,0.0,1.0,0.018720059205820174,1.0,False,0.0,0,0,0,1.0,1.0,inf,PV,,622.783354303955,622.783354303955
8 solar_rooftop,eGon2035,4,solar_rooftop,2626.5697968848986,0.0,1.0,0.01785205690071152,1.0,False,0.0,0,0,0,1.0,1.0,inf,PV,,2626.5697968848986,2626.5697968848986
8 wind_offshore,eGon2035,4,wind_offshore,11011.0,0.0,1.0,2.567876936129869,1.0,False,0.0,0,0,0,1.0,1.0,inf,PV,,11011.0,11011.0
8 wind_onshore,eGon2035,4,wind_onshore,8013.240261891101,0.0,1.0,1.3076207008247813,1.0,False,0.0,0,0,0,1.0,1.0,inf,PV,,8013.240261891101,8013.240261891101
9 biomass,eGon2035,4,biomass,37.93526483228421,0.0,1.0000000000000002,42.11114736130332,1.0000000000000002,False,0.0,0,0,0,1.0,1.0,inf,PV,,37.93526483228421,37.93526483228421
9 central_biomass_CHP,eGon2035,4,central_biomass_CHP,57.84924648978351,0.0,1.0000000000000002,42.105158061549986,1.0000000000000002,False,0.0,0,0,0,1.0,1.0,inf,PV,,57.84924648978351,57.84924648978351
9 industrial_biomass_CHP,eGon2035,4,industrial_biomass_CHP,165.8055567817091,0.0,1.0,42.10773572870596,1.0,False,0.0,0,0,0,1.0,1.0,inf,PV,,165.8055567817091,165.8055567817091
9 load shedding,,4,load shedding,27789710.7317816,0.0,0.9999999999999998,10000.00866336538,0.9999999999999998,False,0.0,0,0,1,1.0,1.0,0.0,PQ,,27789710.7317816,27789710.7317816
9 oil,eGon2035,4,oil,93.5,0.0,1.0,101.83665816731734,1.0,False,0.0,0,0,0,1.0,1.0,inf,PV,,93.5,93.5
9 solar,eGon2035,4,solar,2477.5649561781834,0.0,1.0,0.019176342589144805,1.0,False,0.0,0,0,0,1.0,1.0,inf,PV,,2477.5649561781834,2477.5649561781834
9 solar_rooftop,eGon2035,4,solar_rooftop,1033.1270818150626,0.0,1.0,0.017110343665787873,1.0,False,0.0,0,0,0,1.0,1.0,inf,PV,,1033.1270818150626,1033.1270818150626
9 wind_offshore,eGon2035,4,wind_offshore,1768.0,0.0,1.0,2.564466852293082,1.0,False,0.0,0,0,0,1.0,1.0,inf,PV,,1768.0,1768.0
9 wind_onshore,eGon2035,4,wind_onshore,5231.686675607907,0.0,0.9999999999999999,1.3082751948403208,0.9999999999999999,False,0.0,0,0,0,1.0,1.0,inf,PV,,5231.686675607907,5231.686675607907
