name,scn_name,bus,carrier,p_nom,p_max_pu,marginal_cost,efficiency,up_time_before,e_nom_max,control,weight,p_nom_opt
0 biomass,eGon2035_lowflex,0,biomass,44.547237498151304,1.0,42.107364542603456,1.0,0,inf,Slack,44.547237498151304,44.547237498151304
0 central_biomass_CHP,eGon2035_lowflex,0,central_biomass_CHP,28.10838584514169,1.0,42.107875981332306,1.0,0,inf,PV,28.10838584514169,28.10838584514169
0 industrial_biomass_CHP,eGon2035_lowflex,0,industrial_biomass_CHP,549.4720708653522,1.0000000000000002,42.108297944494154,1.0000000000000002,0,inf,PV,549.4720708653522,549.4720708653522
0 load shedding,,0,load shedding,64343600.65723591,0.9999999999999998,10000.007668879438,0.9999999999999998,1,0.0,PQ,64343600.65723591,64343600.65723591
0 run_of_river,eGon2035_lowflex,0,run_of_river,30.628143284143313,0.65,0.010388376975860394,1.0,0,inf,PV,30.628143284143313,30.628143284143313
0 solar,eGon2035_lowflex,0,solar,659.9781177081857,1.0,0.01854649553675122,1.0,0,inf,PV,659.9781177081857,659.9781177081857
0 solar_rooftop,eGon2035_lowflex,0,solar_rooftop,2928.1939818753553,1.0,0.018058927506956517,1.0,0,inf,PV,2928.1939818753553,2928.1939818753553
0 wind_offshore,eGon2035_lowflex,0,wind_offshore,11011.0,1.0,2.567876936129869,1.0,0,inf,PV,11011.0,11011.0
0 wind_onshore,eGon2035_lowflex,0,wind_onshore,8955.672254669878,0.9999999999999999,1.3080249999568674,0.9999999999999999,0,inf,PV,8955.672254669878,8955.672254669878
1 biomass,eGon2035_lowflex,1,biomass,110.040162201697,1.0,42.110164338394036,1.0,0,inf,PV,110.040162201697,110.040162201697
1 central_biomass_CHP,eGon2035_lowflex,1,central_biomass_CHP,98.15190453098008,0.9999999999999998,42.10691427156285,0.9999999999999998,0,inf,PV,98.15190453098008,98.15190453098008
1 industrial_biomass_CHP,eGon2035_lowflex,1,industrial_biomass_CHP,432.0102802339833,1.0,42.10821963033638,1.0,0,inf,PV,432.0102802339833,432.0102802339833
1 load shedding,,1,load shedding,133436371.83917257,0.9999999999999999,10000.007515157215,0.9999999999999999,1,0.0,PQ,133436371.83917257,133436371.83917257
1 oil,eGon2035_lowflex,1,oil,137.0,1.0,101.84064809348666,1.0,0,inf,PV,137.0,137.0
1 reservoir,eGon2035_lowflex,1,reservoir,1.9484952659304078,0.65,0.0049533795273807805,1.0,0,inf,PV,1.9484952659304078,1.9484952659304078
1 run_of_river,eGon2035_lowflex,1,run_of_river,97.8525419856427,0.6500000000000001,0.007902912607942408,1.0,0,inf,PV,97.8525419856427,97.8525419856427
1 solar,eGon2035_lowflex,1,solar,4224.759349987238,1.0,0.01754889692827678,1.0,0,inf,PV,4224.759349987238,4224.759349987238
1 solar_rooftop,eGon2035_lowflex,1,solar_rooftop,6205.966895319848,1.0,0.017671069288600728,1.0,0,inf,PV,6205.966895319848,6205.966895319848
1 wind_onshore,eGon2035_lowflex,1,wind_onshore,8961.64070929361,1.0,1.307854949150736,1.0,0,inf,PV,8961.64070929361,8961.64070929361
10 biomass,eGon2035_lowflex,10,biomass,32.748875737367236,1.0000000000000002,42.10902382947787,1.0000000000000002,0,inf,PV,32.748875737367236,32.748875737367236
10 central_biomass_CHP,eGon2035_lowflex,10,central_biomass_CHP,67.78334694889354,1.0000000000000002,42.1077350595561,1.0000000000000002,0,inf,PV,67.78334694889354,67.78334694889354
10 industrial_biomass_CHP,eGon2035_lowflex,10,industrial_biomass_CHP,338.2131734876514,1.0,42.10837924621422,1.0,0,inf,PV,338.2131734876514,338.2131734876514
10 load shedding,,10,load shedding,53160070.06681158,0.9999999999999998,10000.007799061816,0.9999999999999998,1,0.0,PQ,53160070.06681158,53160070.06681158
10 others,eGon2035_lowflex,10,others,87.37646541031489,0.9999999999999999,0.009337171871697353,0.9999999999999999,0,inf,PV,87.37646541031489,87.37646541031489
10 run_of_river,eGon2035_lowflex,10,run_of_river,1.216839385905205,0.6500000000000001,0.006107419979928549,1.0,0,inf,PV,1.216839385905205,1.216839385905205
10 solar,eGon2035_lowflex,10,solar,926.4359850718381,1.0,0.01788046199933394,1.0,0,inf,PV,926.4359850718381,926.4359850718381
10 solar_rooftop,eGon2035_lowflex,10,solar_rooftop,3308.1995449622373,1.0,0.018348772663366653,1.0,0,inf,PV,3308.1995449622373,3308.1995449622373
10 wind_onshore,eGon2035_lowflex,10,wind_onshore,6424.888909199073,1.0,1.3083471236579143,1.0,0,inf,PV,6424.888909199073,6424.888909199073
11 biomass,eGon2035_lowflex,11,biomass,28.359311296979058,0.9999999999999999,42.1089185680435,0.9999999999999999,0,inf,PV,28.359311296979058,28.359311296979058
11 central_biomass_CHP,eGon2035_lowflex,11,central_biomass_CHP,40.363640302688744,1.0,42.10903225705215,1.0,0,inf,PV,40.363640302688744,40.363640302688744
11 industrial_biomass_CHP,eGon2035_lowflex,11,industrial_biomass_CHP,565.2752664977353,0.9999999999999998,42.10777713659429,0.9999999999999998,0,inf,PV,565.2752664977353,565.2752664977353
11 load shedding,,11,load shedding,75373932.19847636,0.9999999999999999,10000.007991837467,0.9999999999999999,1,0.0,PQ,75373932.19847636,75373932.19847636
11 run_of_river,eGon2035_lowflex,11,run_of_river,33.01487517200406,0.6500000000000001,0.0077867640896729946,1.0000000000000002,0,inf,PV,33.01487517200406,33.01487517200406
11 solar,eGon2035_lowflex,11,solar,1622.0762218024943,0.9999999999999999,0.01681130566440008,0.9999999999999999,0,inf,PV,1622.0762218024943,1622.0762218024943
11 solar_rooftop,eGon2035_lowflex,11,solar_rooftop,4981.4791099495305,1.0,0.018290382513347234,1.0,0,inf,PV,4981.4791099495305,4981.4791099495305
11 wind_onshore,eGon2035_lowflex,11,wind_onshore,6201.328672889355,1.0,1.307865692342261,1.0,0,inf,PV,6201.328672889355,6201.328672889355
12 biomass,eGon2035_lowflex,12,biomass,106.21470150081728,1.0,42.10761507826981,1.0,0,inf,PV,106.21470150081728,106.21470150081728
12 central_biomass_CHP,eGon2035_lowflex,12,central_biomass_CHP,125.45915203377179,1.0,42.108266643693234,1.0,0,inf,PV,125.45915203377179,125.45915203377179
12 industrial_biomass_CHP,eGon2035_lowflex,12,industrial_biomass_CHP,217.88882683304558,0.9999999999999999,42.10754954807049,0.9999999999999999,0,inf,PV,217.88882683304558,217.88882683304558
12 load shedding,,12,load shedding,203907934.46376428,0.9999999999999999,10000.00782744791,0.9999999999999999,1,0.0,PQ,203907934.46376428,203907934.46376428
12 oil,eGon2035_lowflex,12,oil,65.6,1.0,101.84143624159161,1.0,0,inf,PV,65.6,65.6
12 others,eGon2035_lowflex,12,others,349.97425696232153,1.0,0.005041699846446508,1.0,0,inf,PV,349.97425696232153,349.97425696232153
12 reservoir,eGon2035_lowflex,12,reservoir,34.80747775405502,0.6500000000000001,0.009296474887086658,1.0,0,inf,PV,34.80747775405502,34.80747775405502
12 run_of_river,eGon2035_lowflex,12,run_of_river,4.049837327268127,0.6500000000000001,0.007760452786127327,1.0000000000000002,0,inf,PV,4.049837327268127,4.049837327268127
12 solar,eGon2035_lowflex,12,solar,261.92954355039495,1.0000000000000002,0.01841699852617914,1.0000000000000002,0,inf,PV,261.92954355039495,261.92954355039495
12 solar_rooftop,eGon2035_lowflex,12,solar_rooftop,11323.481320033516,1.0,0.018353816986809175,1.0,0,inf,PV,11323.481320033516,11323.481320033516
12 wind_offshore,eGon2035_lowflex,12,wind_offshore,1250.0,1.0,2.5710282284921226,1.0,0,inf,PV,1250.0,1250.0
12 wind_onshore,eGon2035_lowflex,12,wind_onshore,2711.683140587975,0.9999999999999999,1.308135853947087,0.9999999999999999,0,inf,PV,2711.683140587975,2711.683140587975
13 biomass,eGon2035_lowflex,13,biomass,18.45031425145548,1.0,42.1078307312605,1.0,0,inf,PV,18.45031425145548,18.45031425145548
13 central_biomass_CHP,eGon2035_lowflex,13,central_biomass_CHP,1.5348473000530662,1.0,42.10429116340349,1.0,0,inf,PV,1.5348473000530662,1.5348473000530662
13 industrial_biomass_CHP,eGon2035_lowflex,13,industrial_biomass_CHP,294.1255443850312,1.0,42.107748447591355,1.0,0,inf,PV,294.1255443850312,294.1255443850312
13 load shedding,,13,load shedding,26963032.656365525,0.9999999999999999,10000.00831550497,0.9999999999999999,1,0.0,PQ,26963032.656365525,26963032.656365525
13 run_of_river,eGon2035_lowflex,13,run_of_river,0.26472228718447927,0.6500000000000001,0.005941449128813764,1.0,0,inf,PV,0.26472228718447927,0.26472228718447927
13 solar,eGon2035_lowflex,13,solar,143.29959987883313,1.0000000000000002,0.017407110648662513,1.0000000000000002,0,inf,PV,143.29959987883313,143.29959987883313
13 solar_rooftop,eGon2035_lowflex,13,solar_rooftop,1123.8006118722965,1.0,0.01924021940155796,1.0,0,inf,PV,1123.8006118722965,1123.8006118722965
13 wind_offshore,eGon2035_lowflex,13,wind_offshore,8339.0,1.0,2.5621289963871585,1.0,0,inf,PV,8339.0,8339.0
13 wind_onshore,eGon2035_lowflex,13,wind_onshore,6493.092786278521,1.0000000000000002,1.307018841348995,1.0000000000000002,0,inf,PV,6493.092786278521,6493.092786278521
14 biomass,eGon2035_lowflex,14,biomass,45.47573054669812,1.0000000000000002,42.108890527330026,1.0000000000000002,0,inf,PV,45.47573054669812,45.47573054669812
14 central_biomass_CHP,eGon2035_lowflex,14,central_biomass_CHP,40.989100504657,0.9999999999999998,42.10900110569345,0.9999999999999998,0,inf,PV,40.989100504657,40.989100504657
14 industrial_biomass_CHP,eGon2035_lowflex,14,industrial_biomass_CHP,631.9618308494573,1.0,42.108374142140114,1.0,0,inf,PV,631.9618308494573,631.9618308494573
14 load shedding,,14,load shedding,76139927.44439583,1.0,10000.008264623983,1.0,1,0.0,PQ,76139927.44439583,76139927.44439583
14 others,eGon2035_lowflex,14,others,28.073902114529712,1.0,0.005792967183597359,1.0,0,inf,PV,28.073902114529712,28.073902114529712
14 reservoir,eGon2035_lowflex,14,reservoir,1.9896606588725991,0.65,0.010808636845521866,1.0,0,inf,PV,1.9896606588725991,1.9896606588725991
14 run_of_river,eGon2035_lowflex,14,run_of_river,91.6913209537523,0.6499999999999999,0.007915488749498475,0.9999999999999998,0,inf,PV,91.6913209537523,91.6913209537523
14 solar,eGon2035_lowflex,14,solar,4894.370612401444,1.0,0.017805840876085104,1.0,0,inf,PV,4894.370612401444,4894.370612401444
14 solar_rooftop,eGon2035_lowflex,14,solar_rooftop,5512.91247131767,1.0,0.017680716554967557,1.0,0,inf,PV,5512.91247131767,5512.91247131767
14 wind_onshore,eGon2035_lowflex,14,wind_onshore,2733.0163286486086,1.0,1.3081532884338443,1.0,0,inf,PV,2733.0163286486086,2733.0163286486086
15 biomass,eGon2035_lowflex,15,biomass,40.03549371635361,0.9999999999999999,42.107776194034564,0.9999999999999999,0,inf,PV,40.03549371635361,40.03549371635361
15 central_biomass_CHP,eGon2035_lowflex,15,central_biomass_CHP,39.83483088635698,1.0,42.10583372263741,1.0,0,inf,PV,39.83483088635698,39.83483088635698
15 industrial_biomass_CHP,eGon2035_lowflex,15,industrial_biomass_CHP,164.5048673058411,1.0,42.10825322507803,1.0,0,inf,PV,164.5048673058411,164.5048673058411
15 load shedding,,15,load shedding,69399169.28030445,0.9999999999999998,10000.007962484286,0.9999999999999998,1,0.0,PQ,69399169.28030445,69399169.28030445
15 others,eGon2035_lowflex,15,others,12.931823721898391,1.0,0.013055515299920864,1.0,0,inf,PV,12.931823721898391,12.931823721898391
15 run_of_river,eGon2035_lowflex,15,run_of_river,707.7872000017524,0.6500000000000002,0.008002483084197832,1.0000000000000004,0,inf,PV,707.7872000017524,707.7872000017524
15 solar,eGon2035_lowflex,15,solar,915.7705236871132,1.0,0.017472821414515127,1.0,0,inf,PV,915.7705236871132,915.7705236871132
15 solar_rooftop,eGon2035_lowflex,15,solar_rooftop,5795.064971338643,1.0,0.018315582909312806,1.0,0,inf,PV,5795.064971338643,5795.064971338643
15 wind_onshore,eGon2035_lowflex,15,wind_onshore,1257.1502256698523,0.9999999999999999,1.3084402422664094,0.9999999999999999,0,inf,PV,1257.1502256698523,1257.1502256698523
2 biomass,eGon2035_lowflex,2,biomass,9.845469537254866,1.0,42.10659692895335,1.0,0,inf,PV,9.845469537254866,9.845469537254866
2 central_biomass_CHP,eGon2035_lowflex,2,central_biomass_CHP,27.059705949382305,1.0,42.10714284071692,1.0,0,inf,PV,27.059705949382305,27.059705949382305
2 industrial_biomass_CHP,eGon2035_lowflex,2,industrial_biomass_CHP,79.39130335674477,1.0,42.10830834127174,1.0,0,inf,PV,79.39130335674477,79.39130335674477
2 load shedding,,2,load shedding,56224051.05048948,0.9999999999999998,10000.008075337819,0.9999999999999998,1,0.0,PQ,56224051.05048948,56224051.05048948
2 others,eGon2035_lowflex,2,others,100.00000000000001,1.0,0.012838048545908714,1.0,0,inf,PV,100.00000000000001,100.00000000000001
2 run_of_river,eGon2035_lowflex,2,run_of_river,282.1253307184528,0.65,0.006592359399313557,1.0,0,inf,PV,282.1253307184528,282.1253307184528
2 solar,eGon2035_lowflex,2,solar,1609.3962622665445,1.0,0.017617434444326726,1.0,0,inf,PV,1609.3962622665445,1609.3962622665445
2 solar_rooftop,eGon2035_lowflex,2,solar_rooftop,3002.670484341918,1.0,0.017235817640296722,1.0,0,inf,PV,3002.670484341918,3002.670484341918
2 wind_onshore,eGon2035_lowflex,2,wind_onshore,3158.85554212093,0.9999999999999999,1.309055797250989,0.9999999999999999,0,inf,PV,3158.85554212093,3158.85554212093
3 biomass,eGon2035_lowflex,3,biomass,57.33731209065831,0.9999999999999999,42.109919273715185,0.9999999999999999,0,inf,PV,57.33731209065831,57.33731209065831
3 central_biomass_CHP,eGon2035_lowflex,3,central_biomass_CHP,52.387485398044966,1.0000000000000002,42.1063719646705,1.0000000000000002,0,inf,PV,52.387485398044966,52.387485398044966
3 industrial_biomass_CHP,eGon2035_lowflex,3,industrial_biomass_CHP,214.5463579596213,1.0,42.10748730435536,1.0,0,inf,PV,214.5463579596213,214.5463579596213
3 load shedding,,3,load shedding,44580923.312513456,1.0,10000.00843090872,1.0,1,0.0,PQ,44580923.312513456,44580923.312513456
3 oil,eGon2035_lowflex,3,oil,93.5,1.0,101.83665816731734,1.0,0,inf,PV,93.5,93.5
3 solar,eGon2035_lowflex,3,solar,2904.4231911562397,1.0000000000000002,0.019351676022740988,1.0000000000000002,0,inf,PV,2904.4231911562397,2904.4231911562397
3 solar_rooftop,eGon2035_lowflex,3,solar_rooftop,1681.6381882098653,1.0,0.01692963516874738,1.0,0,inf,PV,1681.6381882098653,1681.6381882098653
3 wind_offshore,eGon2035_lowflex,3,wind_offshore,2404.0,1.0,2.5693132651560044,1.0,0,inf,PV,2404.0,2404.0
3 wind_onshore,eGon2035_lowflex,3,wind_onshore,6520.33104370322,0.9999999999999999,1.3086552509792033,0.9999999999999999,0,inf,PV,6520.33104370322,6520.33104370322
4 biomass,eGon2035_lowflex,4,biomass,92.59394235161813,1.0,42.108043162514484,1.0,0,inf,PV,92.59394235161813,92.59394235161813
4 central_biomass_CHP,eGon2035_lowflex,4,central_biomass_CHP,55.83510135363942,1.0,42.110495317701485,1.0,0,inf,PV,55.83510135363942,55.83510135363942
4 industrial_biomass_CHP,eGon2035_lowflex,4,industrial_biomass_CHP,959.6306960066169,1.0000000000000002,42.10831301684261,1.0000000000000002,0,inf,PV,959.6306960066169,959.6306960066169
4 load shedding,,4,load shedding,114439689.74036959,0.9999999999999998,10000.008003208017,0.9999999999999998,1,0.0,PQ,114439689.74036959,114439689.74036959
4 others,eGon2035_lowflex,4,others,23.731509370869425,0.9999999999999999,0.003862868754588091,0.9999999999999999,0,inf,PV,23.731509370869425,23.731509370869425
4 reservoir,eGon2035_lowflex,4,reservoir,2.5893032160638585,0.6500000000000001,0.010124916790704461,1.0,0,inf,PV,2.5893032160638585,2.5893032160638585
4 run_of_river,eGon2035_lowflex,4,run_of_river,838.7432304716649,0.65,0.0076944358561065315,1.0,0,inf,PV,838.7432304716649,838.7432304716649
4 solar,eGon2035_lowflex,4,solar,3443.1107205095036,1.0,0.018114999558187732,1.0,0,inf,PV,3443.1107205095036,3443.1107205095036
4 solar_rooftop,eGon2035_lowflex,4,solar_rooftop,9068.770131109923,0.9999999999999999,0.018054495908747963,0.9999999999999999,0,inf,PV,9068.770131109923,9068.770131109923
4 wind_onshore,eGon2035_lowflex,4,wind_onshore,2684.9850158407344,1.0000000000000002,1.3087870858498,1.0000000000000002,0,inf,PV,2684.9850158407344,2684.9850158407344
43775 load shedding,,43775,load shedding,1378791.4426550553,1.0,10000.043778723995,1.0,1,0.0,PQ,1378791.4426550553,1378791.4426550553
43775 oil,eGon2035_lowflex,43775,oil,84.20300295,1.0,101.87577872399471,1.0,0,inf,PV,84.20300295,84.20300295
43775 others,eGon2035_lowflex,43775,others,1552.2437133000003,1.0,0.043778723994725904,1.0,0,inf,PV,1552.2437133000003,1552.2437133000003
43775 reservoir,eGon2035_lowflex,43775,reservoir,8301.08374,0.65,0.043778723994725904,1.0,0,inf,PV,8301.08374,8301.08374
43775 run_of_river,eGon2035_lowflex,43775,run_of_river,6217.211426,0.65,0.043778723994725904,1.0,0,inf,PV,6217.211426,6217.211426
43775 solar,eGon2035_lowflex,43775,solar,22500.0,1.0,0.053778723994725906,1.0,0,inf,PV,22500.0,22500.0
43775 wind_onshore,eGon2035_lowflex,43775,wind_onshore,12500.0,1.0,1.3437787239947259,1.0,0,inf,PV,12500.0,12500.0
43776 coal,eGon2035_lowflex,43776,coal,615.78599922,1.0,49.37127872399473,1.0,0,inf,PV,615.78599922,615.78599922
43776 load shedding,,43776,load shedding,153199.04918389503,1.0,10000.043778723995,1.0,1,0.0,PQ,153199.04918389503,153199.04918389503
43776 oil,eGon2035_lowflex,43776,oil,158.2999992,1.0,101.87577872399471,1.0,0,inf,PV,158.2999992,158.2999992
43776 others,eGon2035_lowflex,43776,others,1530.1999969,1.0,0.043778723994725904,1.0,0,inf,PV,1530.1999969,1530.1999969
43776 run_of_river,eGon2035_lowflex,43776,run_of_river,148.1999969,0.65,0.043778723994725904,1.0,0,inf,PV,148.1999969,148.1999969
43776 solar,eGon2035_lowflex,43776,solar,16443.135739999998,1.0,0.053778723994725906,1.0,0,inf,PV,16443.135739999998,16443.135739999998
43776 wind_offshore,eGon2035_lowflex,43776,wind_offshore,5250.0,1.0,2.603778723994726,1.0,0,inf,PV,5250.0,5250.0
43776 wind_onshore,eGon2035_lowflex,43776,wind_onshore,7465.0490675,1.0,1.3437787239947259,1.0,0,inf,PV,7465.0490675,7465.0490675
43777 load shedding,,43777,load shedding,459597.1475516851,1.0,10000.043778723995,1.0,1,0.0,PQ,459597.1475516851,459597.1475516851
43777 nuclear,eGon2035_lowflex,43777,nuclear,595.0,1.0,5.243778723994726,1.0,0,inf,PV,595.0,595.0
43777 others,eGon2035_lowflex,43777,others,2086.8406982,1.0,0.043778723994725904,1.0,0,inf,PV,2086.8406982,2086.8406982
43777 reservoir,eGon2035_lowflex,43777,reservoir,8152.0,0.65,0.043778723994725904,1.0,0,inf,PV,8152.0,8152.0
43777 run_of_river,eGon2035_lowflex,43777,run_of_river,4113.0,0.65,0.043778723994725904,1.0,0,inf,PV,4113.0,4113.0
43777 solar,eGon2035_lowflex,43777,solar,14364.3525,1.0,0.053778723994725906,1.0,0,inf,PV,14364.3525,14364.3525
43777 wind_onshore,eGon2035_lowflex,43777,wind_onshore,1551.0,1.0,1.3437787239947259,1.0,0,inf,PV,1551.0,1551.0
43778 coal,eGon2035_lowflex,43778,coal,186.0,1.0,49.37127872399473,1.0,0,inf,PV,186.0,186.0
43778 lignite,eGon2035_lowflex,43778,lignite,2967.69999245,1.0,37.60827872399473,1.0,0,inf,PV,2967.69999245,2967.69999245
43778 load shedding,,43778,load shedding,153199.04918389503,1.0,10000.043778723995,1.0,1,0.0,PQ,153199.04918389503,153199.04918389503
43778 nuclear,eGon2035_lowflex,43778,nuclear,4041.0,1.0,5.243778723994726,1.0,0,inf,PV,4041.0,4041.0
43778 oil,eGon2035_lowflex,43778,oil,6.94999981,1.0,101.87577872399471,1.0,0,inf,PV,6.94999981,6.94999981
43778 others,eGon2035_lowflex,43778,others,2289.3577880000003,1.0,0.043778723994725904,1.0,0,inf,PV,2289.3577880000003,2289.3577880000003
43778 reservoir,eGon2035_lowflex,43778,reservoir,1170.3999939,0.65,0.043778723994725904,1.0,0,inf,PV,1170.3999939,1170.3999939
43778 run_of_river,eGon2035_lowflex,43778,run_of_river,395.0,0.65,0.043778723994725904,1.0,0,inf,PV,395.0,395.0
43778 solar,eGon2035_lowflex,43778,solar,14499.5,1.0,0.053778723994725906,1.0,0,inf,PV,14499.5,14499.5
43778 wind_onshore,eGon2035_lowflex,43778,wind_onshore,7761.234055,1.0,1.3437787239947259,1.0,0,inf,PV,7761.234055,7761.234055
43779 coal,eGon2035_lowflex,43779,coal,447.0,1.0,49.37127872399473,1.0,0,inf,PV,447.0,447.0
43779 load shedding,,43779,load shedding,459597.1475516851,1.0,10000.043778723995,1.0,1,0.0,PQ,459597.1475516851,459597.1475516851
43779 oil,eGon2035_lowflex,43779,oil,200.0,1.0,101.87577872399471,1.0,0,inf,PV,200.0,200.0
43779 others,eGon2035_lowflex,43779,others,578.3999939,1.0,0.043778723994725904,1.0,0,inf,PV,578.3999939,578.3999939
43779 solar,eGon2035_lowflex,43779,solar,3943.5,1.0,0.053778723994725906,1.0,0,inf,PV,3943.5,3943.5
43779 wind_offshore,eGon2035_lowflex,43779,wind_offshore,4600.0,1.0,2.603778723994726,1.0,0,inf,PV,4600.0,4600.0
43779 wind_onshore,eGon2035_lowflex,43779,wind_onshore,4564.5,1.0,1.3437787239947259,1.0,0,inf,PV,4564.5,4564.5
43780 coal,eGon2035_lowflex,43780,coal,320.0,1.0,49.37127872399473,1.0,0,inf,Slack,320.0,320.0
43780 load shedding,,43780,load shedding,153199.04918389503,1.0,10000.043778723995,1.0,1,0.0,PQ,153199.04918389503,153199.04918389503
43780 oil,eGon2035_lowflex,43780,oil,212.00000001,1.0,101.87577872399471,1.0,0,inf,PV,212.00000001,212.00000001
43780 others,eGon2035_lowflex,43780,others,315.20500943,1.0,0.043778723994725904,1.0,0,inf,PV,315.20500943,315.20500943
43780 solar,eGon2035_lowflex,43780,solar,1690.0,1.0,0.053778723994725906,1.0,0,inf,PV,1690.0,1690.0
43780 wind_offshore,eGon2035_lowflex,43780,wind_offshore,1809.0,1.0,2.603778723994726,1.0,0,inf,PV,1809.0,1809.0
43780 wind_onshore,eGon2035_lowflex,43780,wind_onshore,1300.0,1.0,1.3437787239947259,1.0,0,inf,PV,1300.0,1300.0
43781 load shedding,,43781,load shedding,459597.1475516851,1.0,10000.043778723995,1.0,1,0.0,PQ,459597.1475516851,459597.1475516851
43781 nuclear,eGon2035_lowflex,43781,nuclear,53597.0,1.0,5.243778723994726,1.0,0,inf,PV,53597.0,53597.0
43781 oil,eGon2035_lowflex,43781,oil,76.0,1.0,101.87577872399471,1.0,0,inf,PV,76.0,76.0
43781 others,eGon2035_lowflex,43781,others,4431.7999767599995,1.0,0.043778723994725904,1.0,0,inf,PV,4431.7999767599995,4431.7999767599995
43781 reservoir,eGon2035_lowflex,43781,reservoir,10094.0,0.65,0.043778723994725904,1.0,0,inf,PV,10094.0,10094.0
43781 run_of_river,eGon2035_lowflex,43781,run_of_river,13638.0,0.65,0.043778723994725904,1.0,0,inf,PV,13638.0,13638.0
43781 solar,eGon2035_lowflex,43781,solar,60622.60725,1.0,0.053778723994725906,1.0,0,inf,PV,60622.60725,60622.60725
43781 wind_offshore,eGon2035_lowflex,43781,wind_offshore,4000.0,1.0,2.603778723994726,1.0,0,inf,PV,4000.0,4000.0
43781 wind_onshore,eGon2035_lowflex,43781,wind_onshore,67433.11411380001,1.0,1.3437787239947259,1.0,0,inf,PV,67433.11411380001,67433.11411380001
43782 lignite,eGon2035_lowflex,43782,lignite,18.0,1.0,37.60827872399473,1.0,0,inf,PV,18.0,18.0
43782 load shedding,,43782,load shedding,153199.04918389503,1.0,10000.043778723995,1.0,1,0.0,PQ,153199.04918389503,153199.04918389503
43782 oil,eGon2035_lowflex,43782,oil,194.00000001,1.0,101.87577872399471,1.0,0,inf,PV,194.00000001,194.00000001
43782 others,eGon2035_lowflex,43782,others,325.0,1.0,0.043778723994725904,1.0,0,inf,PV,325.0,325.0
43782 solar,eGon2035_lowflex,43782,solar,1237.9538499999999,1.0,0.053778723994725906,1.0,0,inf,PV,1237.9538499999999,1237.9538499999999
43782 wind_onshore,eGon2035_lowflex,43782,wind_onshore,2404.5,1.0,1.3437787239947259,1.0,0,inf,PV,2404.5,2404.5
43783 coal,eGon2035_lowflex,43783,coal,3402.0,1.0,49.37127872399473,1.0,0,inf,PV,3402.0,3402.0
43783 load shedding,,43783,load shedding,153199.04918389503,1.0,10000.043778723995,1.0,1,0.0,PQ,153199.04918389503,153199.04918389503
43783 nuclear,eGon2035_lowflex,43783,nuclear,5111.5,1.0,5.243778723994726,1.0,0,inf,PV,5111.5,5111.5
43783 oil,eGon2035_lowflex,43783,oil,371.00000003,1.0,101.87577872399471,1.0,0,inf,PV,371.00000003,371.00000003
43783 others,eGon2035_lowflex,43783,others,4700.411133,1.0,0.043778723994725904,1.0,0,inf,PV,4700.411133,4700.411133
43783 run_of_river,eGon2035_lowflex,43783,run_of_river,1969.352051,0.65,0.043778723994725904,1.0,0,inf,PV,1969.352051,1969.352051
43783 solar,eGon2035_lowflex,43783,solar,47966.680995,1.0,0.053778723994725906,1.0,0,inf,PV,47966.680995,47966.680995
43783 wind_offshore,eGon2035_lowflex,43783,wind_offshore,19335.15,1.0,2.603778723994726,1.0,0,inf,PV,19335.15,19335.15
43783 wind_onshore,eGon2035_lowflex,43783,wind_onshore,25168.151905,1.0,1.3437787239947259,1.0,0,inf,PV,25168.151905,25168.151905
43784 load shedding,,43784,load shedding,306398.09836779005,1.0,10000.043778723995,1.0,1,0.0,PQ,306398.09836779005,306398.09836779005
43785 load shedding,,43785,load shedding,153199.04918389503,1.0,10000.043778723995,1.0,1,0.0,PQ,153199.04918389503,153199.04918389503
43785 nuclear,eGon2035_lowflex,43785,nuclear,243.0,1.0,5.243778723994726,1.0,0,inf,PV,243.0,243.0
43785 others,eGon2035_lowflex,43785,others,4310.0,1.0,0.043778723994725904,1.0,0,inf,PV,4310.0,4310.0
43785 run_of_river,eGon2035_lowflex,43785,run_of_river,46.57143021,0.65,0.043778723994725904,1.0,0,inf,PV,46.57143021,46.57143021
43785 solar,eGon2035_lowflex,43785,solar,20020.0,1.0,0.053778723994725906,1.0,0,inf,PV,20020.0,20020.0
43785 wind_offshore,eGon2035_lowflex,43785,wind_offshore,8360.0,1.0,2.603778723994726,1.0,0,inf,PV,8360.0,8360.0
43785 wind_onshore,eGon2035_lowflex,43785,wind_onshore,13633.24947,1.0,1.3437787239947259,1.0,0,inf,PV,13633.24947,13633.24947
43786 load shedding,,43786,load shedding,153199.04918389503,1.0,10000.043778723995,1.0,1,0.0,PQ,153199.04918389503,153199.04918389503
43786 others,eGon2035_lowflex,43786,others,341.30299759,0.9999999999999998,0.043778723994725904,0.9999999999999998,0,inf,PV,341.30299759,341.30299759
43786 reservoir,eGon2035_lowflex,43786,reservoir,36062.200194,0.65,0.043778723994725904,1.0,0,inf,PV,36062.200194,36062.200194
43786 solar,eGon2035_lowflex,43786,solar,2000.0,1.0,0.053778723994725906,1.0,0,inf,PV,2000.0,2000.0
43786 wind_onshore,eGon2035_lowflex,43786,wind_onshore,9217.9594595,1.0,1.3437787239947259,1.0,0,inf,PV,9217.9594595,9217.9594595
43787 coal,eGon2035_lowflex,43787,coal,8437.217028500001,1.0,49.37127872399473,1.0,0,inf,PV,8437.217028500001,8437.217028500001
43787 lignite,eGon2035_lowflex,43787,lignite,3505.8599857,1.0,37.60827872399473,1.0,0,inf,PV,3505.8599857,3505.8599857
43787 load shedding,,43787,load shedding,459597.1475516851,1.0,10000.043778723995,1.0,1,0.0,PQ,459597.1475516851,459597.1475516851
43787 others,eGon2035_lowflex,43787,others,9161.5,1.0,0.043778723994725904,1.0,0,inf,PV,9161.5,9161.5
43787 reservoir,eGon2035_lowflex,43787,reservoir,362.5,0.65,0.043778723994725904,1.0,0,inf,PV,362.5,362.5
43787 run_of_river,eGon2035_lowflex,43787,run_of_river,536.5,0.65,0.043778723994725904,1.0,0,inf,PV,536.5,536.5
43787 solar,eGon2035_lowflex,43787,solar,22190.819985000002,1.0,0.053778723994725906,1.0,0,inf,PV,22190.819985000002,22190.819985000002
43787 wind_offshore,eGon2035_lowflex,43787,wind_offshore,2400.0,1.0,2.603778723994726,1.0,0,inf,PV,2400.0,2400.0
43787 wind_onshore,eGon2035_lowflex,43787,wind_onshore,18065.333720000002,1.0,1.3437787239947259,1.0,0,inf,PV,18065.333720000002,18065.333720000002
43788 load shedding,,43788,load shedding,153199.04918389503,1.0,10000.043778723995,1.0,1,0.0,PQ,153199.04918389503,153199.04918389503
43788 nuclear,eGon2035_lowflex,43788,nuclear,2925.5,1.0,5.243778723994726,1.0,0,inf,PV,2925.5,2925.5
43788 others,eGon2035_lowflex,43788,others,4185.0,1.0,0.043778723994725904,1.0,0,inf,PV,4185.0,4185.0
43788 reservoir,eGon2035_lowflex,43788,reservoir,16630.0,0.65,0.043778723994725904,1.0,0,inf,PV,16630.0,16630.0
43788 solar,eGon2035_lowflex,43788,solar,7551.0714284999995,1.0,0.053778723994725906,1.0,0,inf,PV,7551.0714284999995,7551.0714284999995
43788 wind_offshore,eGon2035_lowflex,43788,wind_offshore,750.0,1.0,2.603778723994726,1.0,0,inf,PV,750.0,750.0
43788 wind_onshore,eGon2035_lowflex,43788,wind_onshore,27075.605246500003,1.0,1.3437787239947259,1.0,0,inf,PV,27075.605246500003,27075.605246500003
48639 CH4,eGon2035_lowflex,48639,CH4,1223.8263116666665,1.0,30.121648827907656,1.0,0,10276424.977699999,PQ,1223.8263116666665,1223.8263116666665
48639 load shedding,,48639,load shedding,153199.04918389503,1.0,10000.043778723995,1.0,1,0.0,PQ,153199.04918389503,153199.04918389503
48640 CH4,eGon2035_lowflex,48640,CH4,22992.144076458335,1.0,52.50156415080705,1.0,0,201411182.109775,PQ,22992.144076458335,22992.144076458335
48640 load shedding,,48640,load shedding,153199.04918389503,1.0,10000.043778723995,1.0,1,0.0,PQ,153199.04918389503,153199.04918389503
48641 load shedding,,48641,load shedding,153199.04918389503,1.0,10000.043778723995,1.0,1,0.0,PQ,153199.04918389503,153199.04918389503
48642 CH4,eGon2035_lowflex,48642,CH4,1145.198149375,1.0,29.817026370663747,1.0,0,10031935.788525,PQ,1145.198149375,1145.198149375
48642 load shedding,,48642,load shedding,153199.04918389503,1.0,10000.043778723995,1.0,1,0.0,PQ,153199.04918389503,153199.04918389503
48643 CH4,eGon2035_lowflex,48643,CH4,3411.7605122916666,1.0,36.33094917047208,1.0,0,27624196.192675,PQ,3411.7605122916666,3411.7605122916666
48643 load shedding,,48643,load shedding,153199.04918389503,1.0,10000.043778723995,1.0,1,0.0,PQ,153199.04918389503,153199.04918389503
48644 CH4,eGon2035_lowflex,48644,CH4,66666.77280984167,1.0,48.57257513873565,1.0,0,584000929.814213,PQ,66666.77280984167,66666.77280984167
48644 load shedding,,48644,load shedding,153199.04918389503,1.0,10000.043778723995,1.0,1,0.0,PQ,153199.04918389503,153199.04918389503
48645 CH4,eGon2035_lowflex,48645,CH4,114009.58196449144,1.0,50.954835924365646,1.0,0,976813718.008945,PQ,114009.58196449144,114009.58196449144
48645 load shedding,,48645,load shedding,153199.04918389503,1.0,10000.043778723995,1.0,1,0.0,PQ,153199.04918389503,153199.04918389503
48646 CH4,eGon2035_lowflex,48646,CH4,91.826031,1.0,32.88340716429004,1.0,0,581746.0315599999,PQ,91.826031,91.826031
48646 load shedding,,48646,load shedding,153199.04918389503,1.0,10000.043778723995,1.0,1,0.0,PQ,153199.04918389503,153199.04918389503
48647 CH4,eGon2035_lowflex,48647,CH4,24654.71423279167,1.0,48.877810519852545,1.0,0,213747863.19175497,PQ,24654.71423279167,24654.71423279167
48647 load shedding,,48647,load shedding,153199.04918389503,1.0,10000.043778723995,1.0,1,0.0,PQ,153199.04918389503,153199.04918389503
48648 CH4,eGon2035_lowflex,48648,CH4,20833.333333333332,1.0,41.02027872399473,1.0,0,182500000.0,PQ,20833.333333333332,20833.333333333332
48648 load shedding,,48648,load shedding,153199.04918389503,1.0,10000.043778723995,1.0,1,0.0,PQ,153199.04918389503,153199.04918389503
48649 CH4,eGon2035_lowflex,48649,CH4,14680.832195275001,1.0,43.55047727405452,1.0,0,128604090.03060901,PQ,14680.832195275001,14680.832195275001
48649 load shedding,,48649,load shedding,153199.04918389503,1.0,10000.043778723995,1.0,1,0.0,PQ,153199.04918389503,153199.04918389503
48650 CH4,eGon2035_lowflex,48650,CH4,6417.153026700132,1.0,45.557510367462896,1.0,0,56214260.51389316,PQ,6417.153026700132,6417.153026700132
48650 load shedding,,48650,load shedding,153199.04918389503,1.0,10000.043778723995,1.0,1,0.0,PQ,153199.04918389503,153199.04918389503
48652 CH4,eGon2035_lowflex,48652,CH4,31637.094907407405,1.0,41.02027872399473,1.0,0,277140951.3888889,PQ,31637.094907407405,31637.094907407405
48652 load shedding,,48652,load shedding,153199.04918389503,1.0,10000.043778723995,1.0,1,0.0,PQ,153199.04918389503,153199.04918389503
5 biomass,eGon2035_lowflex,5,biomass,86.26868702430417,0.9999999999999999,42.10838043157762,0.9999999999999999,0,inf,PV,86.26868702430417,86.26868702430417
5 central_biomass_CHP,eGon2035_lowflex,5,central_biomass_CHP,177.02440551940842,1.0,42.1090684107668,1.0,0,inf,PV,177.02440551940842,177.02440551940842
5 industrial_biomass_CHP,eGon2035_lowflex,5,industrial_biomass_CHP,301.831880487753,1.0,42.1080523085014,1.0,0,inf,PV,301.831880487753,301.831880487753
5 load shedding,,5,load shedding,106932936.33035873,0.9999999999999998,10000.007780941096,0.9999999999999998,1,0.0,PQ,106932936.33035873,106932936.33035873
5 run_of_river,eGon2035_lowflex,5,run_of_river,1.7672216849882227,0.65,0.004324277497203256,1.0,0,inf,PV,1.7672216849882227,1.7672216849882227
5 solar,eGon2035_lowflex,5,solar,4617.078527826701,0.9999999999999999,0.01790874254613846,0.9999999999999999,0,inf,PV,4617.078527826701,4617.078527826701
5 solar_rooftop,eGon2035_lowflex,5,solar_rooftop,3801.3843945312806,1.0,0.01833155004293914,1.0,0,inf,PV,3801.3843945312806,3801.3843945312806
5 wind_onshore,eGon2035_lowflex,5,wind_onshore,9759.412073314295,0.9999999999999999,1.3082271392859994,0.9999999999999999,0,inf,PV,9759.412073314295,9759.412073314295
50834 central_biomass_CHP_heat,eGon2035_lowflex,50834,central_biomass_CHP_heat,1.5270000000000001,1.0,0.007577580582809841,1.0,0,inf,PQ,1.5270000000000001,1.5270000000000001
50834 load shedding,,50834,load shedding,153199.04918389503,1.0,10000.00569711241,1.0,1,0.0,PQ,153199.04918389503,153199.04918389503
52040 load shedding,,52040,load shedding,22520260.230032567,1.0,10000.007428436644,1.0,1,0.0,PQ,22520260.230032567,22520260.230032567
52041 load shedding,,52041,load shedding,76446325.54276362,0.9999999999999999,10000.007895508388,0.9999999999999999,1,0.0,PQ,76446325.54276362,76446325.54276362
52042 load shedding,,52042,load shedding,43661729.017410085,0.9999999999999998,10000.007590517454,0.9999999999999998,1,0.0,PQ,43661729.017410085,43661729.017410085
52043 load shedding,,52043,load shedding,25737440.262894366,0.9999999999999998,10000.008088592525,0.9999999999999998,1,0.0,PQ,25737440.262894366,25737440.262894366
52044 load shedding,,52044,load shedding,32784596.525353536,0.9999999999999996,10000.00781429273,0.9999999999999996,1,0.0,PQ,32784596.525353536,32784596.525353536
52046 load shedding,,52046,load shedding,35848577.50903144,0.9999999999999999,10000.007539580974,0.9999999999999999,1,0.0,PQ,35848577.50903144,35848577.50903144
52052 load shedding,,52052,load shedding,48410899.54211083,1.0,10000.008097518308,1.0,1,0.0,PQ,48410899.54211083,48410899.54211083
52053 load shedding,,52053,load shedding,21294667.836561408,0.9999999999999998,10000.008190196706,0.9999999999999998,1,0.0,PQ,21294667.836561408,21294667.836561408
52055 load shedding,,52055,load shedding,27729027.902285,0.9999999999999997,10000.008225536036,0.9999999999999997,1,0.0,PQ,27729027.902285,27729027.902285
52058 load shedding,,52058,load shedding,51168482.42742094,0.9999999999999999,10000.007771539753,0.9999999999999999,1,0.0,PQ,51168482.42742094,51168482.42742094
52059 load shedding,,52059,load shedding,56377250.09967337,1.0,10000.008054025328,1.0,1,0.0,PQ,56377250.09967337,56377250.09967337
52061 load shedding,,52061,load shedding,13481516.328182762,0.9999999999999999,10000.007310436642,0.9999999999999999,1,0.0,PQ,13481516.328182762,13481516.328182762
52069 load shedding,,52069,load shedding,60207226.32927074,0.9999999999999998,10000.00802806838,0.9999999999999998,1,0.0,PQ,60207226.32927074,60207226.32927074
52071 load shedding,,52071,load shedding,32478198.426985744,0.9999999999999998,10000.007789185187,0.9999999999999998,1,0.0,PQ,32478198.426985744,32478198.426985744
52084 load shedding,,52084,load shedding,11489928.688792126,0.9999999999999997,10000.008693933249,0.9999999999999997,1,0.0,PQ,11489928.688792126,11489928.688792126
52086 load shedding,,52086,load shedding,29567416.49249174,0.9999999999999999,10000.008391073701,0.9999999999999999,1,0.0,PQ,29567416.49249174,29567416.49249174
52087 CH4_NG,eGon2035_lowflex,52087,CH4_NG,4184013.089589359,0.9999999999999999,40.98579021289704,0.9999999999999999,0,inf,PQ,4184013.0895893583,4184013.089589359
52087 CH4_biogas,eGon2035_lowflex,52087,CH4_biogas,1673.76567,1.0,25.607335456821048,1.0,0,inf,PQ,1673.76567,1673.76567
52087 load shedding,,52087,load shedding,94830211.44483103,0.9999999999999999,10000.008028428012,0.9999999999999999,1,0.0,PQ,94830211.44483101,94830211.44483103
52101 load shedding,,52101,load shedding,94830211.44483103,0.9999999999999999,10000.007966168088,0.9999999999999999,1,0.0,PQ,94830211.44483101,94830211.44483103
52102 central_biomass_CHP_heat,eGon2035_lowflex,52102,central_biomass_CHP_heat,124.08839999999998,1.0000000000000002,0.008371154598107623,1.0000000000000002,0,inf,PQ,124.0884,124.08839999999998
52102 load shedding,,52102,load shedding,29261018.39412396,0.9999999999999996,10000.008174321763,0.9999999999999996,1,0.0,PQ,29261018.39412395,29261018.39412396
52102 solar_thermal_collector,eGon2035_lowflex,52102,solar_thermal_collector,578.7480219513676,1.0,0.00862116934601928,1.0,0,inf,PQ,578.7480219513676,578.7480219513676
52103 central_biomass_CHP_heat,eGon2035_lowflex,52103,central_biomass_CHP_heat,102.86799999999998,1.0000000000000002,0.00692012815314885,1.0000000000000002,0,inf,PQ,102.868,102.86799999999998
52103 load shedding,,52103,load shedding,28801421.24657227,0.9999999999999998,10000.00803233573,0.9999999999999998,1,0.0,PQ,28801421.246572264,28801421.24657227
52103 solar_thermal_collector,eGon2035_lowflex,52103,solar_thermal_collector,547.1297332853779,1.0,0.007523203785302792,1.0,0,inf,PQ,547.1297332853779,547.1297332853779
52104 central_biomass_CHP_heat,eGon2035_lowflex,52104,central_biomass_CHP_heat,1172.48022,1.0,0.009109265958900142,1.0,0,inf,PQ,1172.48022,1172.48022
52104 geo_thermal,eGon2035_lowflex,52104,geo_thermal,10.40557789431575,1.0,0.008749490384472168,1.0,0,inf,PQ,10.40557789431575,10.40557789431575
52104 load shedding,,52104,load shedding,38146563.24678986,1.0000000000000002,10000.007812455133,1.0000000000000002,1,0.0,PQ,38146563.24678986,38146563.24678986
52104 solar_thermal_collector,eGon2035_lowflex,52104,solar_thermal_collector,520.981700874943,0.9999999999999999,0.008070989130708788,0.9999999999999999,0,inf,PQ,520.9817008749429,520.981700874943
52105 central_biomass_CHP_heat,eGon2035_lowflex,52105,central_biomass_CHP_heat,2.413,0.9999999999999998,0.007384700372293578,0.9999999999999998,0,inf,PQ,2.413,2.413
52105 geo_thermal,eGon2035_lowflex,52105,geo_thermal,221.95233519814212,1.0,0.02241196821909506,1.0,0,inf,PQ,221.95233519814212,221.95233519814212
52105 load shedding,,52105,load shedding,306398.09836779005,1.0,10000.00634808222,1.0,1,0.0,PQ,306398.09836779005,306398.09836779005
52105 solar_thermal_collector,eGon2035_lowflex,52105,solar_thermal_collector,1.4740919488621584,1.0,0.016273857987903803,1.0,0,inf,PQ,1.4740919488621584,1.4740919488621584
52106 central_biomass_CHP_heat,eGon2035_lowflex,52106,central_biomass_CHP_heat,157.80819999999997,1.0000000000000002,0.007763698130479665,1.0000000000000002,0,inf,PQ,157.8082,157.80819999999997
52106 geo_thermal,eGon2035_lowflex,52106,geo_thermal,381.7720362284377,1.0,0.007555468356436753,1.0,0,inf,PQ,381.7720362284377,381.7720362284377
52106 load shedding,,52106,load shedding,49483292.88639811,0.9999999999999998,10000.007813353259,0.9999999999999998,1,0.0,PQ,49483292.88639809,49483292.88639811
52106 solar_thermal_collector,eGon2035_lowflex,52106,solar_thermal_collector,983.2322428528031,1.0,0.007608843486838033,1.0,0,inf,PQ,983.2322428528031,983.2322428528031
52107 central_biomass_CHP_heat,eGon2035_lowflex,52107,central_biomass_CHP_heat,0.212,1.0,0.003446287797276374,1.0,0,inf,PQ,0.212,0.212
52107 load shedding,,52107,load shedding,459597.1475516851,1.0,10000.0055926056,1.0,1,0.0,PQ,459597.1475516851,459597.1475516851
52108 central_biomass_CHP_heat,eGon2035_lowflex,52108,central_biomass_CHP_heat,68.54450000000001,0.9999999999999999,0.008438005893482096,0.9999999999999999,0,inf,PQ,68.5445,68.54450000000001
52108 load shedding,,52108,load shedding,23899051.672687627,0.9999999999999998,10000.00812125312,0.9999999999999998,1,0.0,PQ,23899051.672687624,23899051.672687627
52108 solar_thermal_collector,eGon2035_lowflex,52108,solar_thermal_collector,458.53030509809497,1.0,0.00882036416358038,1.0,0,inf,PQ,458.53030509809497,458.53030509809497
52109 central_biomass_CHP_heat,eGon2035_lowflex,52109,central_biomass_CHP_heat,51.346,1.0,0.0062351367994674545,1.0,0,inf,PQ,51.346000000000004,51.346
52109 load shedding,,52109,load shedding,18230686.852883503,1.0000000000000004,10000.008509027299,1.0000000000000004,1,0.0,PQ,18230686.852883507,18230686.852883503
52109 solar_thermal_collector,eGon2035_lowflex,52109,solar_thermal_collector,319.40421711940104,0.9999999999999999,0.008714646509111471,0.9999999999999999,0,inf,PQ,319.40421711940104,319.40421711940104
52110 central_biomass_CHP_heat,eGon2035_lowflex,52110,central_biomass_CHP_heat,152.6468,0.9999999999999999,0.00861701991524832,0.9999999999999999,0,inf,PQ,152.6468,152.6468
52110 load shedding,,52110,load shedding,36614572.75495091,0.9999999999999999,10000.007665103754,0.9999999999999999,1,0.0,PQ,36614572.75495091,36614572.75495091
52110 solar_thermal_collector,eGon2035_lowflex,52110,solar_thermal_collector,889.4796364664509,0.9999999999999999,0.008289003972538593,0.9999999999999999,0,inf,PQ,889.4796364664508,889.4796364664509
52111 central_biomass_CHP_heat,eGon2035_lowflex,52111,central_biomass_CHP_heat,266.9255,1.0,0.007523938063273806,1.0,0,inf,PQ,266.9255,266.9255
52111 load shedding,,52111,load shedding,49023695.738846414,0.9999999999999999,10000.008480050039,0.9999999999999999,1,0.0,PQ,49023695.73884641,49023695.738846414
52111 solar_thermal_collector,eGon2035_lowflex,52111,solar_thermal_collector,815.5789486581377,0.9999999999999999,0.007584321590236311,0.9999999999999999,0,inf,PQ,815.5789486581377,815.5789486581377
52112 central_biomass_CHP_heat,eGon2035_lowflex,52112,central_biomass_CHP_heat,563.2729,0.9999999999999999,0.007306051814925239,0.9999999999999999,0,inf,PQ,563.2729,563.2729
52112 load shedding,,52112,load shedding,32018601.27943407,0.9999999999999998,10000.007587549848,0.9999999999999998,1,0.0,PQ,32018601.27943406,32018601.27943407
52112 solar_thermal_collector,eGon2035_lowflex,52112,solar_thermal_collector,159.1598711670405,1.0,0.00806167832716459,1.0,0,inf,PQ,159.1598711670405,159.1598711670405
52114 central_biomass_CHP_heat,eGon2035_lowflex,52114,central_biomass_CHP_heat,62.245000000000005,0.9999999999999999,0.009141582077572753,0.9999999999999999,0,inf,PQ,62.245,62.245000000000005
52114 load shedding,,52114,load shedding,16545497.31186067,0.9999999999999996,10000.008732715061,0.9999999999999996,1,0.0,PQ,16545497.311860662,16545497.31186067
52114 solar_thermal_collector,eGon2035_lowflex,52114,solar_thermal_collector,63.09388616250463,1.0,0.0077857107361532585,1.0,0,inf,PQ,63.093886162504624,63.09388616250463
52115 central_biomass_CHP_heat,eGon2035_lowflex,52115,central_biomass_CHP_heat,424.54359999999997,1.0,0.007896805092846043,1.0,0,inf,PQ,424.5436,424.54359999999997
52115 geo_thermal,eGon2035_lowflex,52115,geo_thermal,5.469209706605611,1.0,0.007467909647322016,1.0,0,inf,PQ,5.469209706605611,5.469209706605611
52115 load shedding,,52115,load shedding,19149881.147986874,1.0000000000000002,10000.008601451924,1.0000000000000002,1,0.0,PQ,19149881.147986878,19149881.147986874
52115 solar_thermal_collector,eGon2035_lowflex,52115,solar_thermal_collector,464.3470351802476,0.9999999999999999,0.007510013451761586,0.9999999999999999,0,inf,PQ,464.34703518024753,464.3470351802476
52116 central_biomass_CHP_heat,eGon2035_lowflex,52116,central_biomass_CHP_heat,91.293,1.0,0.008012302403528923,1.0,0,inf,PQ,91.293,91.293
52116 geo_thermal,eGon2035_lowflex,52116,geo_thermal,309.88977526048114,1.0,0.013308890316436105,1.0,0,inf,PQ,309.88977526048114,309.88977526048114
52116 load shedding,,52116,load shedding,16085900.164308982,0.9999999999999998,10000.008155110825,0.9999999999999998,1,0.0,PQ,16085900.164308978,16085900.164308982
52116 solar_thermal_collector,eGon2035_lowflex,52116,solar_thermal_collector,364.28904754406716,1.0,0.008228474046512125,1.0,0,inf,PQ,364.28904754406716,364.28904754406716
52117 load shedding,,52117,load shedding,306398.09836779005,1.0,10000.010368803078,1.0,1,0.0,PQ,306398.09836779005,306398.09836779005
52118 central_biomass_CHP_heat,eGon2035_lowflex,52118,central_biomass_CHP_heat,4440.094,0.9999999999999999,0.008197496076927073,0.9999999999999999,0,inf,PQ,4440.093999999999,4440.094
52118 load shedding,,52118,load shedding,14400710.62328614,0.9999999999999994,10000.00804801345,0.9999999999999994,1,0.0,PQ,14400710.623286132,14400710.62328614
52118 solar_thermal_collector,eGon2035_lowflex,52118,solar_thermal_collector,129.40552871216875,1.0,0.0076119618650596944,1.0,0,inf,PQ,129.40552871216875,129.40552871216875
52119 central_biomass_CHP_heat,eGon2035_lowflex,52119,central_biomass_CHP_heat,1.753,1.0,0.006938218156318472,1.0,0,inf,PQ,1.753,1.753
52119 load shedding,,52119,load shedding,1991587.6393906358,0.9999999999999997,10000.008736449685,0.9999999999999997,1,0.0,PQ,1991587.6393906353,1991587.6393906358
52119 solar_thermal_collector,eGon2035_lowflex,52119,solar_thermal_collector,53.870888876059574,1.0,0.009438982074477761,1.0,0,inf,PQ,53.870888876059574,53.870888876059574
52120 central_biomass_CHP_heat,eGon2035_lowflex,52120,central_biomass_CHP_heat,65.40799999999999,1.0000000000000002,0.007415429776780599,1.0000000000000002,0,inf,PQ,65.408,65.40799999999999
52120 geo_thermal,eGon2035_lowflex,52120,geo_thermal,10.54251720461841,1.0,0.020760658587686907,1.0,0,inf,PQ,10.54251720461841,10.54251720461841
52120 load shedding,,52120,load shedding,8732345.803482017,1.0,10000.008121554385,1.0,1,0.0,PQ,8732345.803482017,8732345.803482017
52120 solar_thermal_collector,eGon2035_lowflex,52120,solar_thermal_collector,297.8037004334658,0.9999999999999999,0.0075180958201707315,0.9999999999999999,0,inf,PQ,297.8037004334658,297.8037004334658
52121 central_biomass_CHP_heat,eGon2035_lowflex,52121,central_biomass_CHP_heat,72.1035,1.0,0.007155700376161577,1.0,0,inf,PQ,72.1035,72.1035
52121 load shedding,,52121,load shedding,6740758.16409138,1.0000000000000002,10000.006286443759,1.0000000000000002,1,0.0,PQ,6740758.164091381,6740758.16409138
52121 solar_thermal_collector,eGon2035_lowflex,52121,solar_thermal_collector,180.93268213054586,1.0,0.008240339645468447,1.0,0,inf,PQ,180.93268213054586,180.93268213054586
52122 central_biomass_CHP_heat,eGon2035_lowflex,52122,central_biomass_CHP_heat,1.5419999999999998,1.0,0.00832060808359021,1.0,0,inf,PQ,1.5419999999999998,1.5419999999999998
52122 geo_thermal,eGon2035_lowflex,52122,geo_thermal,194.1018818407327,1.0,0.0059799626496892895,1.0,0,inf,PQ,194.1018818407327,194.1018818407327
52122 load shedding,,52122,load shedding,306398.09836779005,1.0,10000.003759353829,1.0,1,0.0,PQ,306398.09836779005,306398.09836779005
6 biomass,eGon2035_lowflex,6,biomass,7.998717457842637,1.0,42.1097631082728,1.0,0,inf,PV,7.998717457842637,7.998717457842637
6 central_biomass_CHP,eGon2035_lowflex,6,central_biomass_CHP,43.0706858993938,1.0,42.10928750137709,1.0,0,inf,PV,43.0706858993938,43.0706858993938
6 industrial_biomass_CHP,eGon2035_lowflex,6,industrial_biomass_CHP,366.31256933554937,1.0,42.108524469801694,1.0,0,inf,PV,366.31256933554937,366.31256933554937
6 load shedding,,6,load shedding,27882226.951468896,0.9999999999999996,10000.008152497981,0.9999999999999996,1,0.0,PQ,27882226.951468896,27882226.951468896
6 others,eGon2035_lowflex,6,others,12.62353458968511,1.0,0.020627162408428608,1.0,0,inf,PV,12.62353458968511,12.62353458968511
6 solar,eGon2035_lowflex,6,solar,1057.35791766159,1.0,0.01748803045301952,1.0,0,inf,PV,1057.35791766159,1057.35791766159
6 solar_rooftop,eGon2035_lowflex,6,solar_rooftop,1058.5346487943582,1.0,0.018458359364458558,1.0,0,inf,PV,1058.5346487943582,1058.5346487943582
6 wind_offshore,eGon2035_lowflex,6,wind_offshore,7015.0,1.0,2.5658707302754586,1.0,0,inf,PV,7015.0,7015.0
6 wind_onshore,eGon2035_lowflex,6,wind_onshore,8915.97681246805,1.0,1.3079552290774905,1.0,0,inf,PV,8915.97681246805,8915.97681246805
7 biomass,eGon2035_lowflex,7,biomass,131.71940614245378,1.0000000000000002,42.10764999666945,1.0000000000000002,0,inf,PV,131.71940614245378,131.71940614245378
7 central_biomass_CHP,eGon2035_lowflex,7,central_biomass_CHP,140.05882922311028,0.9999999999999999,42.1089465810647,0.9999999999999999,0,inf,PV,140.05882922311028,140.05882922311028
7 industrial_biomass_CHP,eGon2035_lowflex,7,industrial_biomass_CHP,581.9635338537958,1.0,42.10748950378585,1.0,0,inf,PV,581.9635338537958,581.9635338537958
7 load shedding,,7,load shedding,105707343.93688756,0.9999999999999997,10000.007963080152,0.9999999999999997,1,0.0,PQ,105707343.93688756,105707343.93688756
7 others,eGon2035_lowflex,7,others,50.025743037678446,1.0,0.009255505199756896,1.0,0,inf,PV,50.025743037678446,50.025743037678446
7 reservoir,eGon2035_lowflex,7,reservoir,162.67852088078098,0.6500000000000001,0.007605829011294858,1.0000000000000002,0,inf,PV,162.67852088078098,162.67852088078098
7 run_of_river,eGon2035_lowflex,7,run_of_river,42.20603578134965,0.65,0.008136076702328491,1.0,0,inf,PV,42.20603578134965,42.20603578134965
7 solar,eGon2035_lowflex,7,solar,1172.1688096665391,1.0,0.018075083787982574,1.0,0,inf,PV,1172.1688096665391,1172.1688096665391
7 solar_rooftop,eGon2035_lowflex,7,solar_rooftop,5566.706865931791,1.0000000000000002,0.01862790467938748,1.0000000000000002,0,inf,PV,5566.706865931791,5566.706865931791
7 wind_offshore,eGon2035_lowflex,7,wind_offshore,4000.0,1.0,2.5681327177381137,1.0,0,inf,PV,4000.0,4000.0
7 wind_onshore,eGon2035_lowflex,7,wind_onshore,8699.845410626576,1.0000000000000002,1.3084867054782237,1.0000000000000002,0,inf,PV,8699.845410626576,8699.845410626576
8 biomass,eGon2035_lowflex,8,biomass,50.65680590576105,1.0,42.10764682681785,1.0,0,inf,PV,50.65680590576105,50.65680590576105
8 central_biomass_CHP,eGon2035_lowflex,8,central_biomass_CHP,49.37695365536315,1.0,42.10806295230945,1.0,0,inf,PV,49.37695365536315,49.37695365536315
8 industrial_biomass_CHP,eGon2035_lowflex,8,industrial_biomass_CHP,591.7388812303153,1.0000000000000002,42.10792945665092,1.0000000000000002,0,inf,PV,591.7388812303153,591.7388812303153
8 load shedding,,8,load shedding,73535543.60826962,1.0,10000.008415708813,1.0,1,0.0,PQ,73535543.60826962,73535543.60826962
8 others,eGon2035_lowflex,8,others,55.163417112893164,1.0,0.006928536966611793,1.0,0,inf,PV,55.163417112893164,55.163417112893164
8 reservoir,eGon2035_lowflex,8,reservoir,191.5590395171949,0.6500000000000001,0.007984659897501533,1.0,0,inf,PV,191.5590395171949,191.5590395171949
8 run_of_river,eGon2035_lowflex,8,run_of_river,1853.4993214437152,0.65,0.00804700054388428,0.9999999999999999,0,inf,PV,1853.4993214437152,1853.4993214437152
8 solar,eGon2035_lowflex,8,solar,4600.021847722567,1.0,0.017360523880960828,1.0,0,inf,PV,4600.021847722567,4600.021847722567
8 solar_rooftop,eGon2035_lowflex,8,solar_rooftop,6405.255216569705,1.0,0.017688427197515358,1.0,0,inf,PV,6405.255216569705,6405.255216569705
8 wind_onshore,eGon2035_lowflex,8,wind_onshore,832.9138608429062,1.0,1.3076502608760234,1.0,0,inf,PV,832.9138608429062,832.9138608429062
9 biomass,eGon2035_lowflex,9,biomass,68.21279128751254,1.0,42.10830231286838,1.0,0,inf,PV,68.21279128751254,68.21279128751254
9 central_biomass_CHP,eGon2035_lowflex,9,central_biomass_CHP,74.5451271791905,1.0000000000000002,42.10779115039523,1.0000000000000002,0,inf,PV,74.5451271791905,74.5451271791905
9 industrial_biomass_CHP,eGon2035_lowflex,9,industrial_biomass_CHP,319.044456234506,1.0,42.10848663438345,1.0,0,inf,PV,319.044456234506,319.044456234506
9 load shedding,,9,load shedding,150135068.20021713,0.9999999999999999,10000.007850814056,0.9999999999999999,1,0.0,PQ,150135068.20021713,150135068.20021713
9 oil,eGon2035_lowflex,9,oil,24.8,1.0,101.84306105500411,1.0,0,inf,PV,24.8,24.8
9 others,eGon2035_lowflex,9,others,80.09934767980931,1.0,0.007924228411647428,1.0,0,inf,PV,80.09934767980931,80.09934767980931
9 reservoir,eGon2035_lowflex,9,reservoir,16.159556461823463,0.65,0.013730041649322086,1.0,0,inf,PV,16.159556461823463,16.159556461823463
9 run_of_river,eGon2035_lowflex,9,run_of_river,423.24517376590995,0.6499999999999999,0.00845710238310419,0.9999999999999998,0,inf,PV,423.24517376590995,423.24517376590995
9 solar,eGon2035_lowflex,9,solar,2882.252477325583,1.0,0.017973046910299013,1.0,0,inf,PV,2882.252477325583,2882.252477325583
9 solar_rooftop,eGon2035_lowflex,9,solar_rooftop,12305.941163842062,0.9999999999999999,0.01855958917066247,0.9999999999999999,0,inf,PV,12305.941163842062,12305.941163842062
9 wind_onshore,eGon2035_lowflex,9,wind_onshore,6589.2072138464155,1.0,1.3079250012684773,1.0,0,inf,PV,6589.2072138464155,6589.2072138464155
0 biomass ramp_up,,0,biomass,44.547237498151304,1.0,0.0,1.0,1,,PQ,1.0,44.547237498151304
0 run_of_river ramp_up,,0,run_of_river,30.628143284143313,1.0,0.0,1.0,1,,PQ,1.0,30.628143284143313
0 solar ramp_up,,0,solar,659.9781177081857,1.0,0.0,1.0,1,,PQ,1.0,659.9781177081857
0 solar_rooftop ramp_up,,0,solar_rooftop,2928.1939818753553,1.0,0.0,1.0,1,,PQ,1.0,2928.1939818753553
0 wind_offshore ramp_up,,0,wind_offshore,11011.0,1.0,0.0,1.0,1,,PQ,1.0,11011.0
0 wind_onshore ramp_up,,0,wind_onshore,8955.672254669878,1.0,0.0,1.0,1,,PQ,1.0,8955.672254669878
1 biomass ramp_up,,1,biomass,110.040162201697,1.0,0.0,1.0,1,,PQ,1.0,110.040162201697
1 oil ramp_up,,1,oil,137.0,1.0,0.0,1.0,1,,PQ,1.0,137.0
1 reservoir ramp_up,,1,reservoir,1.9484952659304078,1.0,0.0,1.0,1,,PQ,1.0,1.9484952659304078
1 run_of_river ramp_up,,1,run_of_river,97.8525419856427,1.0,0.0,1.0,1,,PQ,1.0,97.8525419856427
1 solar ramp_up,,1,solar,4224.759349987238,1.0,0.0,1.0,1,,PQ,1.0,4224.759349987238
1 solar_rooftop ramp_up,,1,solar_rooftop,6205.966895319848,1.0,0.0,1.0,1,,PQ,1.0,6205.966895319848
1 wind_onshore ramp_up,,1,wind_onshore,8961.64070929361,1.0,0.0,1.0,1,,PQ,1.0,8961.64070929361
10 biomass ramp_up,,10,biomass,32.748875737367236,1.0,0.0,1.0,1,,PQ,1.0,32.748875737367236
10 others ramp_up,,10,others,87.37646541031489,1.0,0.0,1.0,1,,PQ,1.0,87.37646541031489
10 run_of_river ramp_up,,10,run_of_river,1.216839385905205,1.0,0.0,1.0,1,,PQ,1.0,1.216839385905205
10 solar ramp_up,,10,solar,926.4359850718381,1.0,0.0,1.0,1,,PQ,1.0,926.4359850718381
10 solar_rooftop ramp_up,,10,solar_rooftop,3308.1995449622373,1.0,0.0,1.0,1,,PQ,1.0,3308.1995449622373
10 wind_onshore ramp_up,,10,wind_onshore,6424.888909199073,1.0,0.0,1.0,1,,PQ,1.0,6424.888909199073
11 biomass ramp_up,,11,biomass,28.359311296979058,1.0,0.0,1.0,1,,PQ,1.0,28.359311296979058
11 run_of_river ramp_up,,11,run_of_river,33.01487517200406,1.0,0.0,1.0,1,,PQ,1.0,33.01487517200406
11 solar ramp_up,,11,solar,1622.0762218024943,1.0,0.0,1.0,1,,PQ,1.0,1622.0762218024943
11 solar_rooftop ramp_up,,11,solar_rooftop,4981.4791099495305,1.0,0.0,1.0,1,,PQ,1.0,4981.4791099495305
11 wind_onshore ramp_up,,11,wind_onshore,6201.328672889355,1.0,0.0,1.0,1,,PQ,1.0,6201.328672889355
12 biomass ramp_up,,12,biomass,106.21470150081728,1.0,0.0,1.0,1,,PQ,1.0,106.21470150081728
12 oil ramp_up,,12,oil,65.6,1.0,0.0,1.0,1,,PQ,1.0,65.6
12 others ramp_up,,12,others,349.97425696232153,1.0,0.0,1.0,1,,PQ,1.0,349.97425696232153
12 reservoir ramp_up,,12,reservoir,34.80747775405502,1.0,0.0,1.0,1,,PQ,1.0,34.80747775405502
12 run_of_river ramp_up,,12,run_of_river,4.049837327268127,1.0,0.0,1.0,1,,PQ,1.0,4.049837327268127
12 solar ramp_up,,12,solar,261.92954355039495,1.0,0.0,1.0,1,,PQ,1.0,261.92954355039495
12 solar_rooftop ramp_up,,12,solar_rooftop,11323.481320033516,1.0,0.0,1.0,1,,PQ,1.0,11323.481320033516
12 wind_offshore ramp_up,,12,wind_offshore,1250.0,1.0,0.0,1.0,1,,PQ,1.0,1250.0
12 wind_onshore ramp_up,,12,wind_onshore,2711.683140587975,1.0,0.0,1.0,1,,PQ,1.0,2711.683140587975
13 biomass ramp_up,,13,biomass,18.45031425145548,1.0,0.0,1.0,1,,PQ,1.0,18.45031425145548
13 run_of_river ramp_up,,13,run_of_river,0.26472228718447927,1.0,0.0,1.0,1,,PQ,1.0,0.26472228718447927
13 solar ramp_up,,13,solar,143.29959987883313,1.0,0.0,1.0,1,,PQ,1.0,143.29959987883313
13 solar_rooftop ramp_up,,13,solar_rooftop,1123.8006118722965,1.0,0.0,1.0,1,,PQ,1.0,1123.8006118722965
13 wind_offshore ramp_up,,13,wind_offshore,8339.0,1.0,0.0,1.0,1,,PQ,1.0,8339.0
13 wind_onshore ramp_up,,13,wind_onshore,6493.092786278521,1.0,0.0,1.0,1,,PQ,1.0,6493.092786278521
14 biomass ramp_up,,14,biomass,45.47573054669812,1.0,0.0,1.0,1,,PQ,1.0,45.47573054669812
14 others ramp_up,,14,others,28.073902114529712,1.0,0.0,1.0,1,,PQ,1.0,28.073902114529712
14 reservoir ramp_up,,14,reservoir,1.9896606588725991,1.0,0.0,1.0,1,,PQ,1.0,1.9896606588725991
14 run_of_river ramp_up,,14,run_of_river,91.6913209537523,1.0,0.0,1.0,1,,PQ,1.0,91.6913209537523
14 solar ramp_up,,14,solar,4894.370612401444,1.0,0.0,1.0,1,,PQ,1.0,4894.370612401444
14 solar_rooftop ramp_up,,14,solar_rooftop,5512.91247131767,1.0,0.0,1.0,1,,PQ,1.0,5512.91247131767
14 wind_onshore ramp_up,,14,wind_onshore,2733.0163286486086,1.0,0.0,1.0,1,,PQ,1.0,2733.0163286486086
15 biomass ramp_up,,15,biomass,40.03549371635361,1.0,0.0,1.0,1,,PQ,1.0,40.03549371635361
15 others ramp_up,,15,others,12.931823721898391,1.0,0.0,1.0,1,,PQ,1.0,12.931823721898391
15 run_of_river ramp_up,,15,run_of_river,707.7872000017524,1.0,0.0,1.0,1,,PQ,1.0,707.7872000017524
15 solar ramp_up,,15,solar,915.7705236871132,1.0,0.0,1.0,1,,PQ,1.0,915.7705236871132
15 solar_rooftop ramp_up,,15,solar_rooftop,5795.064971338643,1.0,0.0,1.0,1,,PQ,1.0,5795.064971338643
15 wind_onshore ramp_up,,15,wind_onshore,1257.1502256698523,1.0,0.0,1.0,1,,PQ,1.0,1257.1502256698523
2 biomass ramp_up,,2,biomass,9.845469537254866,1.0,0.0,1.0,1,,PQ,1.0,9.845469537254866
2 others ramp_up,,2,others,100.00000000000001,1.0,0.0,1.0,1,,PQ,1.0,100.00000000000001
2 run_of_river ramp_up,,2,run_of_river,282.1253307184528,1.0,0.0,1.0,1,,PQ,1.0,282.1253307184528
2 solar ramp_up,,2,solar,1609.3962622665445,1.0,0.0,1.0,1,,PQ,1.0,1609.3962622665445
2 solar_rooftop ramp_up,,2,solar_rooftop,3002.670484341918,1.0,0.0,1.0,1,,PQ,1.0,3002.670484341918
2 wind_onshore ramp_up,,2,wind_onshore,3158.85554212093,1.0,0.0,1.0,1,,PQ,1.0,3158.85554212093
3 biomass ramp_up,,3,biomass,57.33731209065831,1.0,0.0,1.0,1,,PQ,1.0,57.33731209065831
3 oil ramp_up,,3,oil,93.5,1.0,0.0,1.0,1,,PQ,1.0,93.5
3 solar ramp_up,,3,solar,2904.4231911562397,1.0,0.0,1.0,1,,PQ,1.0,2904.4231911562397
3 solar_rooftop ramp_up,,3,solar_rooftop,1681.6381882098653,1.0,0.0,1.0,1,,PQ,1.0,1681.6381882098653
3 wind_offshore ramp_up,,3,wind_offshore,2404.0,1.0,0.0,1.0,1,,PQ,1.0,2404.0
3 wind_onshore ramp_up,,3,wind_onshore,6520.33104370322,1.0,0.0,1.0,1,,PQ,1.0,6520.33104370322
4 biomass ramp_up,,4,biomass,92.59394235161813,1.0,0.0,1.0,1,,PQ,1.0,92.59394235161813
4 others ramp_up,,4,others,23.731509370869425,1.0,0.0,1.0,1,,PQ,1.0,23.731509370869425
4 reservoir ramp_up,,4,reservoir,2.5893032160638585,1.0,0.0,1.0,1,,PQ,1.0,2.5893032160638585
4 run_of_river ramp_up,,4,run_of_river,838.7432304716649,1.0,0.0,1.0,1,,PQ,1.0,838.7432304716649
4 solar ramp_up,,4,solar,3443.1107205095036,1.0,0.0,1.0,1,,PQ,1.0,3443.1107205095036
4 solar_rooftop ramp_up,,4,solar_rooftop,9068.770131109923,1.0,0.0,1.0,1,,PQ,1.0,9068.770131109923
4 wind_onshore ramp_up,,4,wind_onshore,2684.9850158407344,1.0,0.0,1.0,1,,PQ,1.0,2684.9850158407344
43775 oil ramp_up,,43775,oil,84.20300295,1.0,0.0,1.0,1,,PQ,1.0,84.20300295
43775 others ramp_up,,43775,others,1552.2437133000003,1.0,0.0,1.0,1,,PQ,1.0,1552.2437133000003
43775 reservoir ramp_up,,43775,reservoir,8301.08374,1.0,0.0,1.0,1,,PQ,1.0,8301.08374
43775 run_of_river ramp_up,,43775,run_of_river,6217.211426,1.0,0.0,1.0,1,,PQ,1.0,6217.211426
43775 solar ramp_up,,43775,solar,22500.0,1.0,0.0,1.0,1,,PQ,1.0,22500.0
43775 wind_onshore ramp_up,,43775,wind_onshore,12500.0,1.0,0.0,1.0,1,,PQ,1.0,12500.0
43776 coal ramp_up,,43776,coal,615.78599922,1.0,0.0,1.0,1,,PQ,1.0,615.78599922
43776 oil ramp_up,,43776,oil,158.2999992,1.0,0.0,1.0,1,,PQ,1.0,158.2999992
43776 others ramp_up,,43776,others,1530.1999969,1.0,0.0,1.0,1,,PQ,1.0,1530.1999969
43776 run_of_river ramp_up,,43776,run_of_river,148.1999969,1.0,0.0,1.0,1,,PQ,1.0,148.1999969
43776 solar ramp_up,,43776,solar,16443.135739999998,1.0,0.0,1.0,1,,PQ,1.0,16443.135739999998
43776 wind_offshore ramp_up,,43776,wind_offshore,5250.0,1.0,0.0,1.0,1,,PQ,1.0,5250.0
43776 wind_onshore ramp_up,,43776,wind_onshore,7465.0490675,1.0,0.0,1.0,1,,PQ,1.0,7465.0490675
43777 nuclear ramp_up,,43777,nuclear,595.0,1.0,0.0,1.0,1,,PQ,1.0,595.0
43777 others ramp_up,,43777,others,2086.8406982,1.0,0.0,1.0,1,,PQ,1.0,2086.8406982
43777 reservoir ramp_up,,43777,reservoir,8152.0,1.0,0.0,1.0,1,,PQ,1.0,8152.0
43777 run_of_river ramp_up,,43777,run_of_river,4113.0,1.0,0.0,1.0,1,,PQ,1.0,4113.0
43777 solar ramp_up,,43777,solar,14364.3525,1.0,0.0,1.0,1,,PQ,1.0,14364.3525
43777 wind_onshore ramp_up,,43777,wind_onshore,1551.0,1.0,0.0,1.0,1,,PQ,1.0,1551.0
43778 coal ramp_up,,43778,coal,186.0,1.0,0.0,1.0,1,,PQ,1.0,186.0
43778 lignite ramp_up,,43778,lignite,2967.69999245,1.0,0.0,1.0,1,,PQ,1.0,2967.69999245
43778 nuclear ramp_up,,43778,nuclear,4041.0,1.0,0.0,1.0,1,,PQ,1.0,4041.0
43778 oil ramp_up,,43778,oil,6.94999981,1.0,0.0,1.0,1,,PQ,1.0,6.94999981
43778 others ramp_up,,43778,others,2289.3577880000003,1.0,0.0,1.0,1,,PQ,1.0,2289.3577880000003
43778 reservoir ramp_up,,43778,reservoir,1170.3999939,1.0,0.0,1.0,1,,PQ,1.0,1170.3999939
43778 run_of_river ramp_up,,43778,run_of_river,395.0,1.0,0.0,1.0,1,,PQ,1.0,395.0
43778 solar ramp_up,,43778,solar,14499.5,1.0,0.0,1.0,1,,PQ,1.0,14499.5
43778 wind_onshore ramp_up,,43778,wind_onshore,7761.234055,1.0,0.0,1.0,1,,PQ,1.0,7761.234055
43779 coal ramp_up,,43779,coal,447.0,1.0,0.0,1.0,1,,PQ,1.0,447.0
43779 oil ramp_up,,43779,oil,200.0,1.0,0.0,1.0,1,,PQ,1.0,200.0
43779 others ramp_up,,43779,others,578.3999939,1.0,0.0,1.0,1,,PQ,1.0,578.3999939
43779 solar ramp_up,,43779,solar,3943.5,1.0,0.0,1.0,1,,PQ,1.0,3943.5
43779 wind_offshore ramp_up,,43779,wind_offshore,4600.0,1.0,0.0,1.0,1,,PQ,1.0,4600.0
43779 wind_onshore ramp_up,,43779,wind_onshore,4564.5,1.0,0.0,1.0,1,,PQ,1.0,4564.5
43780 coal ramp_up,,43780,coal,320.0,1.0,0.0,1.0,1,,PQ,1.0,320.0
43780 oil ramp_up,,43780,oil,212.00000001,1.0,0.0,1.0,1,,PQ,1.0,212.00000001
43780 others ramp_up,,43780,others,315.20500943,1.0,0.0,1.0,1,,PQ,1.0,315.20500943
43780 solar ramp_up,,43780,solar,1690.0,1.0,0.0,1.0,1,,PQ,1.0,1690.0
43780 wind_offshore ramp_up,,43780,wind_offshore,1809.0,1.0,0.0,1.0,1,,PQ,1.0,1809.0
43780 wind_onshore ramp_up,,43780,wind_onshore,1300.0,1.0,0.0,1.0,1,,PQ,1.0,1300.0
43781 nuclear ramp_up,,43781,nuclear,53597.0,1.0,0.0,1.0,1,,PQ,1.0,53597.0
43781 oil ramp_up,,43781,oil,76.0,1.0,0.0,1.0,1,,PQ,1.0,76.0
43781 others ramp_up,,43781,others,4431.7999767599995,1.0,0.0,1.0,1,,PQ,1.0,4431.7999767599995
43781 reservoir ramp_up,,43781,reservoir,10094.0,1.0,0.0,1.0,1,,PQ,1.0,10094.0
43781 run_of_river ramp_up,,43781,run_of_river,13638.0,1.0,0.0,1.0,1,,PQ,1.0,13638.0
43781 solar ramp_up,,43781,solar,60622.60725,1.0,0.0,1.0,1,,PQ,1.0,60622.60725
43781 wind_offshore ramp_up,,43781,wind_offshore,4000.0,1.0,0.0,1.0,1,,PQ,1.0,4000.0
43781 wind_onshore ramp_up,,43781,wind_onshore,67433.11411380001,1.0,0.0,1.0,1,,PQ,1.0,67433.11411380001
43782 lignite ramp_up,,43782,lignite,18.0,1.0,0.0,1.0,1,,PQ,1.0,18.0
43782 oil ramp_up,,43782,oil,194.00000001,1.0,0.0,1.0,1,,PQ,1.0,194.00000001
43782 others ramp_up,,43782,others,325.0,1.0,0.0,1.0,1,,PQ,1.0,325.0
43782 solar ramp_up,,43782,solar,1237.9538499999999,1.0,0.0,1.0,1,,PQ,1.0,1237.9538499999999
43782 wind_onshore ramp_up,,43782,wind_onshore,2404.5,1.0,0.0,1.0,1,,PQ,1.0,2404.5
43783 coal ramp_up,,43783,coal,3402.0,1.0,0.0,1.0,1,,PQ,1.0,3402.0
43783 nuclear ramp_up,,43783,nuclear,5111.5,1.0,0.0,1.0,1,,PQ,1.0,5111.5
43783 oil ramp_up,,43783,oil,371.00000003,1.0,0.0,1.0,1,,PQ,1.0,371.00000003
43783 others ramp_up,,43783,others,4700.411133,1.0,0.0,1.0,1,,PQ,1.0,4700.411133
43783 run_of_river ramp_up,,43783,run_of_river,1969.352051,1.0,0.0,1.0,1,,PQ,1.0,1969.352051
43783 solar ramp_up,,43783,solar,47966.680995,1.0,0.0,1.0,1,,PQ,1.0,47966.680995
43783 wind_offshore ramp_up,,43783,wind_offshore,19335.15,1.0,0.0,1.0,1,,PQ,1.0,19335.15
43783 wind_onshore ramp_up,,43783,wind_onshore,25168.151905,1.0,0.0,1.0,1,,PQ,1.0,25168.151905
43785 nuclear ramp_up,,43785,nuclear,243.0,1.0,0.0,1.0,1,,PQ,1.0,243.0
43785 others ramp_up,,43785,others,4310.0,1.0,0.0,1.0,1,,PQ,1.0,4310.0
43785 run_of_river ramp_up,,43785,run_of_river,46.57143021,1.0,0.0,1.0,1,,PQ,1.0,46.57143021
43785 solar ramp_up,,43785,solar,20020.0,1.0,0.0,1.0,1,,PQ,1.0,20020.0
43785 wind_offshore ramp_up,,43785,wind_offshore,8360.0,1.0,0.0,1.0,1,,PQ,1.0,8360.0
43785 wind_onshore ramp_up,,43785,wind_onshore,13633.24947,1.0,0.0,1.0,1,,PQ,1.0,13633.24947
43786 others ramp_up,,43786,others,341.30299759,1.0,0.0,1.0,1,,PQ,1.0,341.30299759
43786 reservoir ramp_up,,43786,reservoir,36062.200194,1.0,0.0,1.0,1,,PQ,1.0,36062.200194
43786 solar ramp_up,,43786,solar,2000.0,1.0,0.0,1.0,1,,PQ,1.0,2000.0
43786 wind_onshore ramp_up,,43786,wind_onshore,9217.9594595,1.0,0.0,1.0,1,,PQ,1.0,9217.9594595
43787 coal ramp_up,,43787,coal,8437.217028500001,1.0,0.0,1.0,1,,PQ,1.0,8437.217028500001
43787 lignite ramp_up,,43787,lignite,3505.8599857,1.0,0.0,1.0,1,,PQ,1.0,3505.8599857
43787 others ramp_up,,43787,others,9161.5,1.0,0.0,1.0,1,,PQ,1.0,9161.5
43787 reservoir ramp_up,,43787,reservoir,362.5,1.0,0.0,1.0,1,,PQ,1.0,362.5
43787 run_of_river ramp_up,,43787,run_of_river,536.5,1.0,0.0,1.0,1,,PQ,1.0,536.5
43787 solar ramp_up,,43787,solar,22190.819985000002,1.0,0.0,1.0,1,,PQ,1.0,22190.819985000002
43787 wind_offshore ramp_up,,43787,wind_offshore,2400.0,1.0,0.0,1.0,1,,PQ,1.0,2400.0
43787 wind_onshore ramp_up,,43787,wind_onshore,18065.333720000002,1.0,0.0,1.0,1,,PQ,1.0,18065.333720000002
43788 nuclear ramp_up,,43788,nuclear,2925.5,1.0,0.0,1.0,1,,PQ,1.0,2925.5
43788 others ramp_up,,43788,others,4185.0,1.0,0.0,1.0,1,,PQ,1.0,4185.0
43788 reservoir ramp_up,,43788,reservoir,16630.0,1.0,0.0,1.0,1,,PQ,1.0,16630.0
43788 solar ramp_up,,43788,solar,7551.0714284999995,1.0,0.0,1.0,1,,PQ,1.0,7551.0714284999995
43788 wind_offshore ramp_up,,43788,wind_offshore,750.0,1.0,0.0,1.0,1,,PQ,1.0,750.0
43788 wind_onshore ramp_up,,43788,wind_onshore,27075.605246500003,1.0,0.0,1.0,1,,PQ,1.0,27075.605246500003
5 biomass ramp_up,,5,biomass,86.26868702430417,1.0,0.0,1.0,1,,PQ,1.0,86.26868702430417
5 run_of_river ramp_up,,5,run_of_river,1.7672216849882227,1.0,0.0,1.0,1,,PQ,1.0,1.7672216849882227
5 solar ramp_up,,5,solar,4617.078527826701,1.0,0.0,1.0,1,,PQ,1.0,4617.078527826701
5 solar_rooftop ramp_up,,5,solar_rooftop,3801.3843945312806,1.0,0.0,1.0,1,,PQ,1.0,3801.3843945312806
5 wind_onshore ramp_up,,5,wind_onshore,9759.412073314295,1.0,0.0,1.0,1,,PQ,1.0,9759.412073314295
6 biomass ramp_up,,6,biomass,7.998717457842637,1.0,0.0,1.0,1,,PQ,1.0,7.998717457842637
6 others ramp_up,,6,others,12.62353458968511,1.0,0.0,1.0,1,,PQ,1.0,12.62353458968511
6 solar ramp_up,,6,solar,1057.35791766159,1.0,0.0,1.0,1,,PQ,1.0,1057.35791766159
6 solar_rooftop ramp_up,,6,solar_rooftop,1058.5346487943582,1.0,0.0,1.0,1,,PQ,1.0,1058.5346487943582
6 wind_offshore ramp_up,,6,wind_offshore,7015.0,1.0,0.0,1.0,1,,PQ,1.0,7015.0
6 wind_onshore ramp_up,,6,wind_onshore,8915.97681246805,1.0,0.0,1.0,1,,PQ,1.0,8915.97681246805
7 biomass ramp_up,,7,biomass,131.71940614245378,1.0,0.0,1.0,1,,PQ,1.0,131.71940614245378
7 others ramp_up,,7,others,50.025743037678446,1.0,0.0,1.0,1,,PQ,1.0,50.025743037678446
7 reservoir ramp_up,,7,reservoir,162.67852088078098,1.0,0.0,1.0,1,,PQ,1.0,162.67852088078098
7 run_of_river ramp_up,,7,run_of_river,42.20603578134965,1.0,0.0,1.0,1,,PQ,1.0,42.20603578134965
7 solar ramp_up,,7,solar,1172.1688096665391,1.0,0.0,1.0,1,,PQ,1.0,1172.1688096665391
7 solar_rooftop ramp_up,,7,solar_rooftop,5566.706865931791,1.0,0.0,1.0,1,,PQ,1.0,5566.706865931791
7 wind_offshore ramp_up,,7,wind_offshore,4000.0,1.0,0.0,1.0,1,,PQ,1.0,4000.0
7 wind_onshore ramp_up,,7,wind_onshore,8699.845410626576,1.0,0.0,1.0,1,,PQ,1.0,8699.845410626576
8 biomass ramp_up,,8,biomass,50.65680590576105,1.0,0.0,1.0,1,,PQ,1.0,50.65680590576105
8 others ramp_up,,8,others,55.163417112893164,1.0,0.0,1.0,1,,PQ,1.0,55.163417112893164
8 reservoir ramp_up,,8,reservoir,191.5590395171949,1.0,0.0,1.0,1,,PQ,1.0,191.5590395171949
8 run_of_river ramp_up,,8,run_of_river,1853.4993214437152,1.0,0.0,1.0,1,,PQ,1.0,1853.4993214437152
8 solar ramp_up,,8,solar,4600.021847722567,1.0,0.0,1.0,1,,PQ,1.0,4600.021847722567
8 solar_rooftop ramp_up,,8,solar_rooftop,6405.255216569705,1.0,0.0,1.0,1,,PQ,1.0,6405.255216569705
8 wind_onshore ramp_up,,8,wind_onshore,832.9138608429062,1.0,0.0,1.0,1,,PQ,1.0,832.9138608429062
9 biomass ramp_up,,9,biomass,68.21279128751254,1.0,0.0,1.0,1,,PQ,1.0,68.21279128751254
9 oil ramp_up,,9,oil,24.8,1.0,0.0,1.0,1,,PQ,1.0,24.8
9 others ramp_up,,9,others,80.09934767980931,1.0,0.0,1.0,1,,PQ,1.0,80.09934767980931
9 reservoir ramp_up,,9,reservoir,16.159556461823463,1.0,0.0,1.0,1,,PQ,1.0,16.159556461823463
9 run_of_river ramp_up,,9,run_of_river,423.24517376590995,1.0,0.0,1.0,1,,PQ,1.0,423.24517376590995
9 solar ramp_up,,9,solar,2882.252477325583,1.0,0.0,1.0,1,,PQ,1.0,2882.252477325583
9 solar_rooftop ramp_up,,9,solar_rooftop,12305.941163842062,1.0,0.0,1.0,1,,PQ,1.0,12305.941163842062
9 wind_onshore ramp_up,,9,wind_onshore,6589.2072138464155,1.0,0.0,1.0,1,,PQ,1.0,6589.2072138464155
0 biomass ramp_down,,0,biomass,44.547237498151304,1.0,0.0,1.0,1,,PQ,1.0,44.547237498151304
0 run_of_river ramp_down,,0,run_of_river,30.628143284143313,1.0,0.0,1.0,1,,PQ,1.0,30.628143284143313
0 solar ramp_down,,0,solar,659.9781177081857,1.0,0.0,1.0,1,,PQ,1.0,659.9781177081857
0 solar_rooftop ramp_down,,0,solar_rooftop,2928.1939818753553,1.0,0.0,1.0,1,,PQ,1.0,2928.1939818753553
0 wind_offshore ramp_down,,0,wind_offshore,11011.0,1.0,0.0,1.0,1,,PQ,1.0,11011.0
0 wind_onshore ramp_down,,0,wind_onshore,8955.672254669878,1.0,0.0,1.0,1,,PQ,1.0,8955.672254669878
1 biomass ramp_down,,1,biomass,110.040162201697,1.0,0.0,1.0,1,,PQ,1.0,110.040162201697
1 oil ramp_down,,1,oil,137.0,1.0,0.0,1.0,1,,PQ,1.0,137.0
1 reservoir ramp_down,,1,reservoir,1.9484952659304078,1.0,0.0,1.0,1,,PQ,1.0,1.9484952659304078
1 run_of_river ramp_down,,1,run_of_river,97.8525419856427,1.0,0.0,1.0,1,,PQ,1.0,97.8525419856427
1 solar ramp_down,,1,solar,4224.759349987238,1.0,0.0,1.0,1,,PQ,1.0,4224.759349987238
1 solar_rooftop ramp_down,,1,solar_rooftop,6205.966895319848,1.0,0.0,1.0,1,,PQ,1.0,6205.966895319848
1 wind_onshore ramp_down,,1,wind_onshore,8961.64070929361,1.0,0.0,1.0,1,,PQ,1.0,8961.64070929361
10 biomass ramp_down,,10,biomass,32.748875737367236,1.0,0.0,1.0,1,,PQ,1.0,32.748875737367236
10 others ramp_down,,10,others,87.37646541031489,1.0,0.0,1.0,1,,PQ,1.0,87.37646541031489
10 run_of_river ramp_down,,10,run_of_river,1.216839385905205,1.0,0.0,1.0,1,,PQ,1.0,1.216839385905205
10 solar ramp_down,,10,solar,926.4359850718381,1.0,0.0,1.0,1,,PQ,1.0,926.4359850718381
10 solar_rooftop ramp_down,,10,solar_rooftop,3308.1995449622373,1.0,0.0,1.0,1,,PQ,1.0,3308.1995449622373
10 wind_onshore ramp_down,,10,wind_onshore,6424.888909199073,1.0,0.0,1.0,1,,PQ,1.0,6424.888909199073
11 biomass ramp_down,,11,biomass,28.359311296979058,1.0,0.0,1.0,1,,PQ,1.0,28.359311296979058
11 run_of_river ramp_down,,11,run_of_river,33.01487517200406,1.0,0.0,1.0,1,,PQ,1.0,33.01487517200406
11 solar ramp_down,,11,solar,1622.0762218024943,1.0,0.0,1.0,1,,PQ,1.0,1622.0762218024943
11 solar_rooftop ramp_down,,11,solar_rooftop,4981.4791099495305,1.0,0.0,1.0,1,,PQ,1.0,4981.4791099495305
11 wind_onshore ramp_down,,11,wind_onshore,6201.328672889355,1.0,0.0,1.0,1,,PQ,1.0,6201.328672889355
12 biomass ramp_down,,12,biomass,106.21470150081728,1.0,0.0,1.0,1,,PQ,1.0,106.21470150081728
12 oil ramp_down,,12,oil,65.6,1.0,0.0,1.0,1,,PQ,1.0,65.6
12 others ramp_down,,12,others,349.97425696232153,1.0,0.0,1.0,1,,PQ,1.0,349.97425696232153
12 reservoir ramp_down,,12,reservoir,34.80747775405502,1.0,0.0,1.0,1,,PQ,1.0,34.80747775405502
12 run_of_river ramp_down,,12,run_of_river,4.049837327268127,1.0,0.0,1.0,1,,PQ,1.0,4.049837327268127
12 solar ramp_down,,12,solar,261.92954355039495,1.0,0.0,1.0,1,,PQ,1.0,261.92954355039495
12 solar_rooftop ramp_down,,12,solar_rooftop,11323.481320033516,1.0,0.0,1.0,1,,PQ,1.0,11323.481320033516
12 wind_offshore ramp_down,,12,wind_offshore,1250.0,1.0,0.0,1.0,1,,PQ,1.0,1250.0
12 wind_onshore ramp_down,,12,wind_onshore,2711.683140587975,1.0,0.0,1.0,1,,PQ,1.0,2711.683140587975
13 biomass ramp_down,,13,biomass,18.45031425145548,1.0,0.0,1.0,1,,PQ,1.0,18.45031425145548
13 run_of_river ramp_down,,13,run_of_river,0.26472228718447927,1.0,0.0,1.0,1,,PQ,1.0,0.26472228718447927
13 solar ramp_down,,13,solar,143.29959987883313,1.0,0.0,1.0,1,,PQ,1.0,143.29959987883313
13 solar_rooftop ramp_down,,13,solar_rooftop,1123.8006118722965,1.0,0.0,1.0,1,,PQ,1.0,1123.8006118722965
13 wind_offshore ramp_down,,13,wind_offshore,8339.0,1.0,0.0,1.0,1,,PQ,1.0,8339.0
13 wind_onshore ramp_down,,13,wind_onshore,6493.092786278521,1.0,0.0,1.0,1,,PQ,1.0,6493.092786278521
14 biomass ramp_down,,14,biomass,45.47573054669812,1.0,0.0,1.0,1,,PQ,1.0,45.47573054669812
14 others ramp_down,,14,others,28.073902114529712,1.0,0.0,1.0,1,,PQ,1.0,28.073902114529712
14 reservoir ramp_down,,14,reservoir,1.9896606588725991,1.0,0.0,1.0,1,,PQ,1.0,1.9896606588725991
14 run_of_river ramp_down,,14,run_of_river,91.6913209537523,1.0,0.0,1.0,1,,PQ,1.0,91.6913209537523
14 solar ramp_down,,14,solar,4894.370612401444,1.0,0.0,1.0,1,,PQ,1.0,4894.370612401444
14 solar_rooftop ramp_down,,14,solar_rooftop,5512.91247131767,1.0,0.0,1.0,1,,PQ,1.0,5512.91247131767
14 wind_onshore ramp_down,,14,wind_onshore,2733.0163286486086,1.0,0.0,1.0,1,,PQ,1.0,2733.0163286486086
15 biomass ramp_down,,15,biomass,40.03549371635361,1.0,0.0,1.0,1,,PQ,1.0,40.03549371635361
15 others ramp_down,,15,others,12.931823721898391,1.0,0.0,1.0,1,,PQ,1.0,12.931823721898391
15 run_of_river ramp_down,,15,run_of_river,707.7872000017524,1.0,0.0,1.0,1,,PQ,1.0,707.7872000017524
15 solar ramp_down,,15,solar,915.7705236871132,1.0,0.0,1.0,1,,PQ,1.0,915.7705236871132
15 solar_rooftop ramp_down,,15,solar_rooftop,5795.064971338643,1.0,0.0,1.0,1,,PQ,1.0,5795.064971338643
15 wind_onshore ramp_down,,15,wind_onshore,1257.1502256698523,1.0,0.0,1.0,1,,PQ,1.0,1257.1502256698523
2 biomass ramp_down,,2,biomass,9.845469537254866,1.0,0.0,1.0,1,,PQ,1.0,9.845469537254866
2 others ramp_down,,2,others,100.00000000000001,1.0,0.0,1.0,1,,PQ,1.0,100.00000000000001
2 run_of_river ramp_down,,2,run_of_river,282.1253307184528,1.0,0.0,1.0,1,,PQ,1.0,282.1253307184528
2 solar ramp_down,,2,solar,1609.3962622665445,1.0,0.0,1.0,1,,PQ,1.0,1609.3962622665445
2 solar_rooftop ramp_down,,2,solar_rooftop,3002.670484341918,1.0,0.0,1.0,1,,PQ,1.0,3002.670484341918
2 wind_onshore ramp_down,,2,wind_onshore,3158.85554212093,1.0,0.0,1.0,1,,PQ,1.0,3158.85554212093
3 biomass ramp_down,,3,biomass,57.33731209065831,1.0,0.0,1.0,1,,PQ,1.0,57.33731209065831
3 oil ramp_down,,3,oil,93.5,1.0,0.0,1.0,1,,PQ,1.0,93.5
3 solar ramp_down,,3,solar,2904.4231911562397,1.0,0.0,1.0,1,,PQ,1.0,2904.4231911562397
3 solar_rooftop ramp_down,,3,solar_rooftop,1681.6381882098653,1.0,0.0,1.0,1,,PQ,1.0,1681.6381882098653
3 wind_offshore ramp_down,,3,wind_offshore,2404.0,1.0,0.0,1.0,1,,PQ,1.0,2404.0
3 wind_onshore ramp_down,,3,wind_onshore,6520.33104370322,1.0,0.0,1.0,1,,PQ,1.0,6520.33104370322
4 biomass ramp_down,,4,biomass,92.59394235161813,1.0,0.0,1.0,1,,PQ,1.0,92.59394235161813
4 others ramp_down,,4,others,23.731509370869425,1.0,0.0,1.0,1,,PQ,1.0,23.731509370869425
4 reservoir ramp_down,,4,reservoir,2.5893032160638585,1.0,0.0,1.0,1,,PQ,1.0,2.5893032160638585
4 run_of_river ramp_down,,4,run_of_river,838.7432304716649,1.0,0.0,1.0,1,,PQ,1.0,838.7432304716649
4 solar ramp_down,,4,solar,3443.1107205095036,1.0,0.0,1.0,1,,PQ,1.0,3443.1107205095036
4 solar_rooftop ramp_down,,4,solar_rooftop,9068.770131109923,1.0,0.0,1.0,1,,PQ,1.0,9068.770131109923
4 wind_onshore ramp_down,,4,wind_onshore,2684.9850158407344,1.0,0.0,1.0,1,,PQ,1.0,2684.9850158407344
43775 oil ramp_down,,43775,oil,84.20300295,1.0,0.0,1.0,1,,PQ,1.0,84.20300295
43775 others ramp_down,,43775,others,1552.2437133000003,1.0,0.0,1.0,1,,PQ,1.0,1552.2437133000003
43775 reservoir ramp_down,,43775,reservoir,8301.08374,1.0,0.0,1.0,1,,PQ,1.0,8301.08374
43775 run_of_river ramp_down,,43775,run_of_river,6217.211426,1.0,0.0,1.0,1,,PQ,1.0,6217.211426
43775 solar ramp_down,,43775,solar,22500.0,1.0,0.0,1.0,1,,PQ,1.0,22500.0
43775 wind_onshore ramp_down,,43775,wind_onshore,12500.0,1.0,0.0,1.0,1,,PQ,1.0,12500.0
43776 coal ramp_down,,43776,coal,615.78599922,1.0,0.0,1.0,1,,PQ,1.0,615.78599922
43776 oil ramp_down,,43776,oil,158.2999992,1.0,0.0,1.0,1,,PQ,1.0,158.2999992
43776 others ramp_down,,43776,others,1530.1999969,1.0,0.0,1.0,1,,PQ,1.0,1530.1999969
43776 run_of_river ramp_down,,43776,run_of_river,148.1999969,1.0,0.0,1.0,1,,PQ,1.0,148.1999969
43776 solar ramp_down,,43776,solar,16443.135739999998,1.0,0.0,1.0,1,,PQ,1.0,16443.135739999998
43776 wind_offshore ramp_down,,43776,wind_offshore,5250.0,1.0,0.0,1.0,1,,PQ,1.0,5250.0
43776 wind_onshore ramp_down,,43776,wind_onshore,7465.0490675,1.0,0.0,1.0,1,,PQ,1.0,7465.0490675
43777 nuclear ramp_down,,43777,nuclear,595.0,1.0,0.0,1.0,1,,PQ,1.0,595.0
43777 others ramp_down,,43777,others,2086.8406982,1.0,0.0,1.0,1,,PQ,1.0,2086.8406982
43777 reservoir ramp_down,,43777,reservoir,8152.0,1.0,0.0,1.0,1,,PQ,1.0,8152.0
43777 run_of_river ramp_down,,43777,run_of_river,4113.0,1.0,0.0,1.0,1,,PQ,1.0,4113.0
43777 solar ramp_down,,43777,solar,14364.3525,1.0,0.0,1.0,1,,PQ,1.0,14364.3525
43777 wind_onshore ramp_down,,43777,wind_onshore,1551.0,1.0,0.0,1.0,1,,PQ,1.0,1551.0
43778 coal ramp_down,,43778,coal,186.0,1.0,0.0,1.0,1,,PQ,1.0,186.0
43778 lignite ramp_down,,43778,lignite,2967.69999245,1.0,0.0,1.0,1,,PQ,1.0,2967.69999245
43778 nuclear ramp_down,,43778,nuclear,4041.0,1.0,0.0,1.0,1,,PQ,1.0,4041.0
43778 oil ramp_down,,43778,oil,6.94999981,1.0,0.0,1.0,1,,PQ,1.0,6.94999981
43778 others ramp_down,,43778,others,2289.3577880000003,1.0,0.0,1.0,1,,PQ,1.0,2289.3577880000003
43778 reservoir ramp_down,,43778,reservoir,1170.3999939,1.0,0.0,1.0,1,,PQ,1.0,1170.3999939
43778 run_of_river ramp_down,,43778,run_of_river,395.0,1.0,0.0,1.0,1,,PQ,1.0,395.0
43778 solar ramp_down,,43778,solar,14499.5,1.0,0.0,1.0,1,,PQ,1.0,14499.5
43778 wind_onshore ramp_down,,43778,wind_onshore,7761.234055,1.0,0.0,1.0,1,,PQ,1.0,7761.234055
43779 coal ramp_down,,43779,coal,447.0,1.0,0.0,1.0,1,,PQ,1.0,447.0
43779 oil ramp_down,,43779,oil,200.0,1.0,0.0,1.0,1,,PQ,1.0,200.0
43779 others ramp_down,,43779,others,578.3999939,1.0,0.0,1.0,1,,PQ,1.0,578.3999939
43779 solar ramp_down,,43779,solar,3943.5,1.0,0.0,1.0,1,,PQ,1.0,3943.5
43779 wind_offshore ramp_down,,43779,wind_offshore,4600.0,1.0,0.0,1.0,1,,PQ,1.0,4600.0
43779 wind_onshore ramp_down,,43779,wind_onshore,4564.5,1.0,0.0,1.0,1,,PQ,1.0,4564.5
43780 coal ramp_down,,43780,coal,320.0,1.0,0.0,1.0,1,,PQ,1.0,320.0
43780 oil ramp_down,,43780,oil,212.00000001,1.0,0.0,1.0,1,,PQ,1.0,212.00000001
43780 others ramp_down,,43780,others,315.20500943,1.0,0.0,1.0,1,,PQ,1.0,315.20500943
43780 solar ramp_down,,43780,solar,1690.0,1.0,0.0,1.0,1,,PQ,1.0,1690.0
43780 wind_offshore ramp_down,,43780,wind_offshore,1809.0,1.0,0.0,1.0,1,,PQ,1.0,1809.0
43780 wind_onshore ramp_down,,43780,wind_onshore,1300.0,1.0,0.0,1.0,1,,PQ,1.0,1300.0
43781 nuclear ramp_down,,43781,nuclear,53597.0,1.0,0.0,1.0,1,,PQ,1.0,53597.0
43781 oil ramp_down,,43781,oil,76.0,1.0,0.0,1.0,1,,PQ,1.0,76.0
43781 others ramp_down,,43781,others,4431.7999767599995,1.0,0.0,1.0,1,,PQ,1.0,4431.7999767599995
43781 reservoir ramp_down,,43781,reservoir,10094.0,1.0,0.0,1.0,1,,PQ,1.0,10094.0
43781 run_of_river ramp_down,,43781,run_of_river,13638.0,1.0,0.0,1.0,1,,PQ,1.0,13638.0
43781 solar ramp_down,,43781,solar,60622.60725,1.0,0.0,1.0,1,,PQ,1.0,60622.60725
43781 wind_offshore ramp_down,,43781,wind_offshore,4000.0,1.0,0.0,1.0,1,,PQ,1.0,4000.0
43781 wind_onshore ramp_down,,43781,wind_onshore,67433.11411380001,1.0,0.0,1.0,1,,PQ,1.0,67433.11411380001
43782 lignite ramp_down,,43782,lignite,18.0,1.0,0.0,1.0,1,,PQ,1.0,18.0
43782 oil ramp_down,,43782,oil,194.00000001,1.0,0.0,1.0,1,,PQ,1.0,194.00000001
43782 others ramp_down,,43782,others,325.0,1.0,0.0,1.0,1,,PQ,1.0,325.0
43782 solar ramp_down,,43782,solar,1237.9538499999999,1.0,0.0,1.0,1,,PQ,1.0,1237.9538499999999
43782 wind_onshore ramp_down,,43782,wind_onshore,2404.5,1.0,0.0,1.0,1,,PQ,1.0,2404.5
43783 coal ramp_down,,43783,coal,3402.0,1.0,0.0,1.0,1,,PQ,1.0,3402.0
43783 nuclear ramp_down,,43783,nuclear,5111.5,1.0,0.0,1.0,1,,PQ,1.0,5111.5
43783 oil ramp_down,,43783,oil,371.00000003,1.0,0.0,1.0,1,,PQ,1.0,371.00000003
43783 others ramp_down,,43783,others,4700.411133,1.0,0.0,1.0,1,,PQ,1.0,4700.411133
43783 run_of_river ramp_down,,43783,run_of_river,1969.352051,1.0,0.0,1.0,1,,PQ,1.0,1969.352051
43783 solar ramp_down,,43783,solar,47966.680995,1.0,0.0,1.0,1,,PQ,1.0,47966.680995
43783 wind_offshore ramp_down,,43783,wind_offshore,19335.15,1.0,0.0,1.0,1,,PQ,1.0,19335.15
43783 wind_onshore ramp_down,,43783,wind_onshore,25168.151905,1.0,0.0,1.0,1,,PQ,1.0,25168.151905
43785 nuclear ramp_down,,43785,nuclear,243.0,1.0,0.0,1.0,1,,PQ,1.0,243.0
43785 others ramp_down,,43785,others,4310.0,1.0,0.0,1.0,1,,PQ,1.0,4310.0
43785 run_of_river ramp_down,,43785,run_of_river,46.57143021,1.0,0.0,1.0,1,,PQ,1.0,46.57143021
43785 solar ramp_down,,43785,solar,20020.0,1.0,0.0,1.0,1,,PQ,1.0,20020.0
43785 wind_offshore ramp_down,,43785,wind_offshore,8360.0,1.0,0.0,1.0,1,,PQ,1.0,8360.0
43785 wind_onshore ramp_down,,43785,wind_onshore,13633.24947,1.0,0.0,1.0,1,,PQ,1.0,13633.24947
43786 others ramp_down,,43786,others,341.30299759,1.0,0.0,1.0,1,,PQ,1.0,341.30299759
43786 reservoir ramp_down,,43786,reservoir,36062.200194,1.0,0.0,1.0,1,,PQ,1.0,36062.200194
43786 solar ramp_down,,43786,solar,2000.0,1.0,0.0,1.0,1,,PQ,1.0,2000.0
43786 wind_onshore ramp_down,,43786,wind_onshore,9217.9594595,1.0,0.0,1.0,1,,PQ,1.0,9217.9594595
43787 coal ramp_down,,43787,coal,8437.217028500001,1.0,0.0,1.0,1,,PQ,1.0,8437.217028500001
43787 lignite ramp_down,,43787,lignite,3505.8599857,1.0,0.0,1.0,1,,PQ,1.0,3505.8599857
43787 others ramp_down,,43787,others,9161.5,1.0,0.0,1.0,1,,PQ,1.0,9161.5
43787 reservoir ramp_down,,43787,reservoir,362.5,1.0,0.0,1.0,1,,PQ,1.0,362.5
43787 run_of_river ramp_down,,43787,run_of_river,536.5,1.0,0.0,1.0,1,,PQ,1.0,536.5
43787 solar ramp_down,,43787,solar,22190.819985000002,1.0,0.0,1.0,1,,PQ,1.0,22190.819985000002
43787 wind_offshore ramp_down,,43787,wind_offshore,2400.0,1.0,0.0,1.0,1,,PQ,1.0,2400.0
43787 wind_onshore ramp_down,,43787,wind_onshore,18065.333720000002,1.0,0.0,1.0,1,,PQ,1.0,18065.333720000002
43788 nuclear ramp_down,,43788,nuclear,2925.5,1.0,0.0,1.0,1,,PQ,1.0,2925.5
43788 others ramp_down,,43788,others,4185.0,1.0,0.0,1.0,1,,PQ,1.0,4185.0
43788 reservoir ramp_down,,43788,reservoir,16630.0,1.0,0.0,1.0,1,,PQ,1.0,16630.0
43788 solar ramp_down,,43788,solar,7551.0714284999995,1.0,0.0,1.0,1,,PQ,1.0,7551.0714284999995
43788 wind_offshore ramp_down,,43788,wind_offshore,750.0,1.0,0.0,1.0,1,,PQ,1.0,750.0
43788 wind_onshore ramp_down,,43788,wind_onshore,27075.605246500003,1.0,0.0,1.0,1,,PQ,1.0,27075.605246500003
5 biomass ramp_down,,5,biomass,86.26868702430417,1.0,0.0,1.0,1,,PQ,1.0,86.26868702430417
5 run_of_river ramp_down,,5,run_of_river,1.7672216849882227,1.0,0.0,1.0,1,,PQ,1.0,1.7672216849882227
5 solar ramp_down,,5,solar,4617.078527826701,1.0,0.0,1.0,1,,PQ,1.0,4617.078527826701
5 solar_rooftop ramp_down,,5,solar_rooftop,3801.3843945312806,1.0,0.0,1.0,1,,PQ,1.0,3801.3843945312806
5 wind_onshore ramp_down,,5,wind_onshore,9759.412073314295,1.0,0.0,1.0,1,,PQ,1.0,9759.412073314295
6 biomass ramp_down,,6,biomass,7.998717457842637,1.0,0.0,1.0,1,,PQ,1.0,7.998717457842637
6 others ramp_down,,6,others,12.62353458968511,1.0,0.0,1.0,1,,PQ,1.0,12.62353458968511
6 solar ramp_down,,6,solar,1057.35791766159,1.0,0.0,1.0,1,,PQ,1.0,1057.35791766159
6 solar_rooftop ramp_down,,6,solar_rooftop,1058.5346487943582,1.0,0.0,1.0,1,,PQ,1.0,1058.5346487943582
6 wind_offshore ramp_down,,6,wind_offshore,7015.0,1.0,0.0,1.0,1,,PQ,1.0,7015.0
6 wind_onshore ramp_down,,6,wind_onshore,8915.97681246805,1.0,0.0,1.0,1,,PQ,1.0,8915.97681246805
7 biomass ramp_down,,7,biomass,131.71940614245378,1.0,0.0,1.0,1,,PQ,1.0,131.71940614245378
7 others ramp_down,,7,others,50.025743037678446,1.0,0.0,1.0,1,,PQ,1.0,50.025743037678446
7 reservoir ramp_down,,7,reservoir,162.67852088078098,1.0,0.0,1.0,1,,PQ,1.0,162.67852088078098
7 run_of_river ramp_down,,7,run_of_river,42.20603578134965,1.0,0.0,1.0,1,,PQ,1.0,42.20603578134965
7 solar ramp_down,,7,solar,1172.1688096665391,1.0,0.0,1.0,1,,PQ,1.0,1172.1688096665391
7 solar_rooftop ramp_down,,7,solar_rooftop,5566.706865931791,1.0,0.0,1.0,1,,PQ,1.0,5566.706865931791
7 wind_offshore ramp_down,,7,wind_offshore,4000.0,1.0,0.0,1.0,1,,PQ,1.0,4000.0
7 wind_onshore ramp_down,,7,wind_onshore,8699.845410626576,1.0,0.0,1.0,1,,PQ,1.0,8699.845410626576
8 biomass ramp_down,,8,biomass,50.65680590576105,1.0,0.0,1.0,1,,PQ,1.0,50.65680590576105
8 others ramp_down,,8,others,55.163417112893164,1.0,0.0,1.0,1,,PQ,1.0,55.163417112893164
8 reservoir ramp_down,,8,reservoir,191.5590395171949,1.0,0.0,1.0,1,,PQ,1.0,191.5590395171949
8 run_of_river ramp_down,,8,run_of_river,1853.4993214437152,1.0,0.0,1.0,1,,PQ,1.0,1853.4993214437152
8 solar ramp_down,,8,solar,4600.021847722567,1.0,0.0,1.0,1,,PQ,1.0,4600.021847722567
8 solar_rooftop ramp_down,,8,solar_rooftop,6405.255216569705,1.0,0.0,1.0,1,,PQ,1.0,6405.255216569705
8 wind_onshore ramp_down,,8,wind_onshore,832.9138608429062,1.0,0.0,1.0,1,,PQ,1.0,832.9138608429062
9 biomass ramp_down,,9,biomass,68.21279128751254,1.0,0.0,1.0,1,,PQ,1.0,68.21279128751254
9 oil ramp_down,,9,oil,24.8,1.0,0.0,1.0,1,,PQ,1.0,24.8
9 others ramp_down,,9,others,80.09934767980931,1.0,0.0,1.0,1,,PQ,1.0,80.09934767980931
9 reservoir ramp_down,,9,reservoir,16.159556461823463,1.0,0.0,1.0,1,,PQ,1.0,16.159556461823463
9 run_of_river ramp_down,,9,run_of_river,423.24517376590995,1.0,0.0,1.0,1,,PQ,1.0,423.24517376590995
9 solar ramp_down,,9,solar,2882.252477325583,1.0,0.0,1.0,1,,PQ,1.0,2882.252477325583
9 solar_rooftop ramp_down,,9,solar_rooftop,12305.941163842062,1.0,0.0,1.0,1,,PQ,1.0,12305.941163842062
9 wind_onshore ramp_down,,9,wind_onshore,6589.2072138464155,1.0,0.0,1.0,1,,PQ,1.0,6589.2072138464155
